  0
SECTION
  2
HEADER
  9
$ANGBASE
  50
0.0
  9
$ANGDIR
  70
1
  9
$MEASUREMENT
  70
0
  0
ENDSEC
  0
SECTION
  2
TABLES
  0
TABLE
  2
LTYPE
  70
4
  0
LTYPE
  5
40F
  2
CONTINUOUS
  70
0
  3
Solid line
  72
65
  73
0
  40
0.0
  0
LTYPE
  5
410
  2
DASHDOT
 70
0
  3
Dash Dot ____ _ ____ _
 72
65
 73
4
 40
2.0
 49
1.25
 49
-0.25
 49
0.25
 49
-0.25
  0
LTYPE
  5
411
  2
DASHED
 70
0
  3
Dashed __ __ __ __ __
 72
65
 73
2
 40
0.75
 49
0.5
 49
-0.25
  0
LTYPE
  5
43B
  2
DOTTED
 70
0
  3
Dotted .  .  .  .
 72
65
 73
2
 40
0.2
 49
0.0
 49
-0.2
  0
ENDTAB
  0
TABLE
  2
STYLE
  70
4
  0
STYLE
  2
KICAD
  70
0
  40
0
  41
1
  42
1
  50
0
  71
0
  3
isocp.shx
  0
STYLE
  2
KICADB
  70
0
  40
0
  41
1
  42
1
  50
0
  71
0
  3
isocp.shx
  0
STYLE
  2
KICADI
  70
0
  40
0
  41
1
  42
1
  50
15
  71
0
  3
isocp.shx
  0
STYLE
  2
KICADBI
  70
0
  40
0
  41
1
  42
1
  50
15
  71
0
  3
isocp.shx
  0
ENDTAB
  0
TABLE
  2
LAYER
  70
1
  0
LAYER
  2
BLACK
  70
0
  62
7
  6
CONTINUOUS
  0
ENDTAB
  0
ENDSEC
  0
SECTION
  2
ENTITIES
0
LINE
8
BLACK
6
CONTINUOUS
10
3.9103674803149606
20
-3.2331676771653544
11
3.9111821259842521
21
-3.2339823228346458
0
LINE
8
BLACK
6
CONTINUOUS
10
3.9111821259842521
20
-3.2339823228346458
11
3.9116230314960627
21
-3.2350467322834646
0
LINE
8
BLACK
6
CONTINUOUS
10
3.9116230314960627
20
-3.2350467322834646
11
3.9116797637795275
21
-3.2356227952755905
0
LINE
8
BLACK
6
CONTINUOUS
10
3.9116797637795275
20
-3.2356227952755905
11
3.9116797637795275
21
-3.2637442519685038
0
LINE
8
BLACK
6
CONTINUOUS
10
3.9116797637795275
20
-3.2637442519685038
11
3.911651023622047
21
-3.2640358267716536
0
LINE
8
BLACK
6
CONTINUOUS
10
3.911651023622047
20
-3.2640358267716536
11
3.9116565748031493
21
-3.2641135826771652
0
LINE
8
BLACK
6
CONTINUOUS
10
3.9116565748031493
20
-3.2641135826771652
11
3.9116333070866141
21
-3.2642158267716535
0
LINE
8
BLACK
6
CONTINUOUS
10
3.9116333070866141
20
-3.2642158267716535
11
3.9116230314960627
21
-3.2643203149606297
0
LINE
8
BLACK
6
CONTINUOUS
10
3.9116230314960627
20
-3.2643203149606297
11
3.9115931496062992
21
-3.2643923622047244
0
LINE
8
BLACK
6
CONTINUOUS
10
3.9115931496062992
20
-3.2643923622047244
11
3.9115282283464565
21
-3.2646780314960631
0
LINE
8
BLACK
6
CONTINUOUS
10
3.9115282283464565
20
-3.2646780314960631
11
3.909653464566929
21
-3.270302283464567
0
LINE
8
BLACK
6
CONTINUOUS
10
3.909653464566929
20
-3.270302283464567
11
3.9094174803149606
21
-3.2708308661417322
0
LINE
8
BLACK
6
CONTINUOUS
10
3.9094174803149606
20
-3.2708308661417322
11
3.9093479527559056
21
-3.2709109842519686
0
LINE
8
BLACK
6
CONTINUOUS
10
3.9093479527559056
20
-3.2709109842519686
11
3.9093074015748033
21
-3.2710089763779528
0
LINE
8
BLACK
6
CONTINUOUS
10
3.9093074015748033
20
-3.2710089763779528
11
3.9089401968503936
21
-3.2714564173228347
0
LINE
8
BLACK
6
CONTINUOUS
10
3.9089401968503936
20
-3.2714564173228347
11
3.9051906299212598
21
-3.2752060236220473
0
LINE
8
BLACK
6
CONTINUOUS
10
3.9051906299212598
20
-3.2752060236220473
11
3.904743188976378
21
-3.2755732283464565
0
LINE
8
BLACK
6
CONTINUOUS
10
3.904743188976378
20
-3.2755732283464565
11
3.9046451181102362
21
-3.2756138188976376
0
LINE
8
BLACK
6
CONTINUOUS
10
3.9046451181102362
20
-3.2756138188976376
11
3.9045649999999998
21
-3.275683346456693
0
LINE
8
BLACK
6
CONTINUOUS
10
3.9045649999999998
20
-3.275683346456693
11
3.9040364566929133
21
-3.2759193307086614
0
LINE
8
BLACK
6
CONTINUOUS
10
3.9040364566929133
20
-3.2759193307086614
11
3.8984121653543307
21
-3.2777940944881889
0
LINE
8
BLACK
6
CONTINUOUS
10
3.8984121653543307
20
-3.2777940944881889
11
3.8981265748031495
21
-3.2778590157480316
0
LINE
8
BLACK
6
CONTINUOUS
10
3.8981265748031495
20
-3.2778590157480316
11
3.8980544881889765
21
-3.2778888976377951
0
LINE
8
BLACK
6
CONTINUOUS
10
3.8980544881889765
20
-3.2778888976377951
11
3.8979499606299211
21
-3.2778991732283465
0
LINE
8
BLACK
6
CONTINUOUS
10
3.8979499606299211
20
-3.2778991732283465
11
3.8978477165354328
21
-3.2779224409448817
0
LINE
8
BLACK
6
CONTINUOUS
10
3.8978477165354328
20
-3.2779224409448817
11
3.8977699606299212
21
-3.2779168897637794
0
LINE
8
BLACK
6
CONTINUOUS
10
3.8977699606299212
20
-3.2779168897637794
11
3.8974784251968502
21
-3.2779456299212599
0
LINE
8
BLACK
6
CONTINUOUS
10
3.8974784251968502
20
-3.2779456299212599
11
3.8937288976377951
21
-3.2779456299212599
0
LINE
8
BLACK
6
CONTINUOUS
10
3.8937288976377951
20
-3.2779456299212599
11
3.8931528346456692
21
-3.2778888976377951
0
LINE
8
BLACK
6
CONTINUOUS
10
3.8931528346456692
20
-3.2778888976377951
11
3.8920884251968504
21
-3.277447992125984
0
LINE
8
BLACK
6
CONTINUOUS
10
3.8920884251968504
20
-3.277447992125984
11
3.8912737795275589
21
-3.276633346456693
0
LINE
8
BLACK
6
CONTINUOUS
10
3.8912737795275589
20
-3.276633346456693
11
3.8908328740157478
21
-3.2755689370078738
0
LINE
8
BLACK
6
CONTINUOUS
10
3.8908328740157478
20
-3.2755689370078738
11
3.8908328740157478
21
-3.274416811023622
0
LINE
8
BLACK
6
CONTINUOUS
10
3.8908328740157478
20
-3.274416811023622
11
3.8912737795275589
21
-3.2733524015748032
0
LINE
8
BLACK
6
CONTINUOUS
10
3.8912737795275589
20
-3.2733524015748032
11
3.8920884251968504
21
-3.2725377559055118
0
LINE
8
BLACK
6
CONTINUOUS
10
3.8920884251968504
20
-3.2725377559055118
11
3.8931528346456692
21
-3.2720968503937007
0
LINE
8
BLACK
6
CONTINUOUS
10
3.8931528346456692
20
-3.2720968503937007
11
3.8937288976377951
21
-3.2720401181102363
0
LINE
8
BLACK
6
CONTINUOUS
10
3.8937288976377951
20
-3.2720401181102363
11
3.8969992913385827
21
-3.2720401181102363
0
LINE
8
BLACK
6
CONTINUOUS
10
3.8969992913385827
20
-3.2720401181102363
11
3.9015076771653541
21
-3.270537283464567
0
LINE
8
BLACK
6
CONTINUOUS
10
3.9015076771653541
20
-3.270537283464567
11
3.9042714173228346
21
-3.2677735039370077
0
LINE
8
BLACK
6
CONTINUOUS
10
3.9042714173228346
20
-3.2677735039370077
11
3.9057742519685039
21
-3.2632651181102363
0
LINE
8
BLACK
6
CONTINUOUS
10
3.9057742519685039
20
-3.2632651181102363
11
3.9057742519685039
21
-3.2356227952755905
0
LINE
8
BLACK
6
CONTINUOUS
10
3.9057742519685039
20
-3.2356227952755905
11
3.9058309842519683
21
-3.2350467322834646
0
LINE
8
BLACK
6
CONTINUOUS
10
3.9058309842519683
20
-3.2350467322834646
11
3.9062718897637794
21
-3.2339823228346458
0
LINE
8
BLACK
6
CONTINUOUS
10
3.9062718897637794
20
-3.2339823228346458
11
3.9070865354330708
21
-3.2331676771653544
0
LINE
8
BLACK
6
CONTINUOUS
10
3.9070865354330708
20
-3.2331676771653544
11
3.9081509448818896
21
-3.2327267716535433
0
LINE
8
BLACK
6
CONTINUOUS
10
3.9081509448818896
20
-3.2327267716535433
11
3.9093030708661418
21
-3.2327267716535433
0
LINE
8
BLACK
6
CONTINUOUS
10
3.9093030708661418
20
-3.2327267716535433
11
3.9103674803149606
21
-3.2331676771653544
0
LINE
8
BLACK
6
CONTINUOUS
10
3.9371321653543307
20
-3.2327267716535433
11
3.9374245669291339
21
-3.2327267716535433
0
LINE
8
BLACK
6
CONTINUOUS
10
3.9374245669291339
20
-3.2327267716535433
11
3.9376918110236221
21
-3.2328374803149607
0
LINE
8
BLACK
6
CONTINUOUS
10
3.9376918110236221
20
-3.2328374803149607
11
3.9379756299212598
21
-3.2328936220472442
0
LINE
8
BLACK
6
CONTINUOUS
10
3.9379756299212598
20
-3.2328936220472442
11
3.9382188976377952
21
-3.2330557874015748
0
LINE
8
BLACK
6
CONTINUOUS
10
3.9382188976377952
20
-3.2330557874015748
11
3.9384889763779527
21
-3.2331676771653544
0
LINE
8
BLACK
6
CONTINUOUS
10
3.9384889763779527
20
-3.2331676771653544
11
3.9386934251968504
21
-3.2333721259842521
0
LINE
8
BLACK
6
CONTINUOUS
10
3.9386934251968504
20
-3.2333721259842521
11
3.938934251968504
21
-3.2335326771653543
0
LINE
8
BLACK
6
CONTINUOUS
10
3.938934251968504
20
-3.2335326771653543
11
3.9390969685039368
21
-3.2337756692913384
0
LINE
8
BLACK
6
CONTINUOUS
10
3.9390969685039368
20
-3.2337756692913384
11
3.9393036220472442
21
-3.2339823228346458
0
LINE
8
BLACK
6
CONTINUOUS
10
3.9393036220472442
20
-3.2339823228346458
11
3.9394142913385828
21
-3.2342495275590553
0
LINE
8
BLACK
6
CONTINUOUS
10
3.9394142913385828
20
-3.2342495275590553
11
3.9395753149606296
21
-3.2344899606299213
0
LINE
8
BLACK
6
CONTINUOUS
10
3.9395753149606296
20
-3.2344899606299213
11
3.9396326377952753
21
-3.2347766141732284
0
LINE
8
BLACK
6
CONTINUOUS
10
3.9396326377952753
20
-3.2347766141732284
11
3.9397445275590552
21
-3.2350467322834646
0
LINE
8
BLACK
6
CONTINUOUS
10
3.9397445275590552
20
-3.2350467322834646
11
3.9398006299212596
21
-3.2356166535433069
0
LINE
8
BLACK
6
CONTINUOUS
10
3.9398006299212596
20
-3.2356166535433069
11
3.9398012598425196
21
-3.2356196850393699
0
LINE
8
BLACK
6
CONTINUOUS
10
3.9398012598425196
20
-3.2356196850393699
11
3.9398010236220471
21
-3.235620708661417
0
LINE
8
BLACK
6
CONTINUOUS
10
3.9398010236220471
20
-3.235620708661417
11
3.9398012598425196
21
-3.2356227952755905
0
LINE
8
BLACK
6
CONTINUOUS
10
3.9398012598425196
20
-3.2356227952755905
11
3.9398012598425196
21
-3.2720401181102363
0
LINE
8
BLACK
6
CONTINUOUS
10
3.9398012598425196
20
-3.2720401181102363
11
3.9480970866141734
21
-3.2720401181102363
0
LINE
8
BLACK
6
CONTINUOUS
10
3.9480970866141734
20
-3.2720401181102363
11
3.9486731496062992
21
-3.2720968503937007
0
LINE
8
BLACK
6
CONTINUOUS
10
3.9486731496062992
20
-3.2720968503937007
11
3.949737559055118
21
-3.2725377559055118
0
LINE
8
BLACK
6
CONTINUOUS
10
3.949737559055118
20
-3.2725377559055118
11
3.9505522047244095
21
-3.2733524015748032
0
LINE
8
BLACK
6
CONTINUOUS
10
3.9505522047244095
20
-3.2733524015748032
11
3.9509931102362206
21
-3.274416811023622
0
LINE
8
BLACK
6
CONTINUOUS
10
3.9509931102362206
20
-3.274416811023622
11
3.9509931102362206
21
-3.2755689370078738
0
LINE
8
BLACK
6
CONTINUOUS
10
3.9509931102362206
20
-3.2755689370078738
11
3.9505522047244095
21
-3.276633346456693
0
LINE
8
BLACK
6
CONTINUOUS
10
3.9505522047244095
20
-3.276633346456693
11
3.949737559055118
21
-3.277447992125984
0
LINE
8
BLACK
6
CONTINUOUS
10
3.949737559055118
20
-3.277447992125984
11
3.9486731496062992
21
-3.2778888976377951
0
LINE
8
BLACK
6
CONTINUOUS
10
3.9486731496062992
20
-3.2778888976377951
11
3.9480970866141734
21
-3.2779456299212599
0
LINE
8
BLACK
6
CONTINUOUS
10
3.9480970866141734
20
-3.2779456299212599
11
3.9255999212598423
21
-3.2779456299212599
0
LINE
8
BLACK
6
CONTINUOUS
10
3.9255999212598423
20
-3.2779456299212599
11
3.9250238582677164
21
-3.2778888976377951
0
LINE
8
BLACK
6
CONTINUOUS
10
3.9250238582677164
20
-3.2778888976377951
11
3.9239594488188976
21
-3.277447992125984
0
LINE
8
BLACK
6
CONTINUOUS
10
3.9239594488188976
20
-3.277447992125984
11
3.9231448031496061
21
-3.276633346456693
0
LINE
8
BLACK
6
CONTINUOUS
10
3.9231448031496061
20
-3.276633346456693
11
3.922703897637795
21
-3.2755689370078738
0
LINE
8
BLACK
6
CONTINUOUS
10
3.922703897637795
20
-3.2755689370078738
11
3.922703897637795
21
-3.274416811023622
0
LINE
8
BLACK
6
CONTINUOUS
10
3.922703897637795
20
-3.274416811023622
11
3.9231448031496061
21
-3.2733524015748032
0
LINE
8
BLACK
6
CONTINUOUS
10
3.9231448031496061
20
-3.2733524015748032
11
3.9239594488188976
21
-3.2725377559055118
0
LINE
8
BLACK
6
CONTINUOUS
10
3.9239594488188976
20
-3.2725377559055118
11
3.9250238582677164
21
-3.2720968503937007
0
LINE
8
BLACK
6
CONTINUOUS
10
3.9250238582677164
20
-3.2720968503937007
11
3.9255999212598423
21
-3.2720401181102363
0
LINE
8
BLACK
6
CONTINUOUS
10
3.9255999212598423
20
-3.2720401181102363
11
3.933895748031496
21
-3.2720401181102363
0
LINE
8
BLACK
6
CONTINUOUS
10
3.933895748031496
20
-3.2720401181102363
11
3.933895748031496
21
-3.2446261417322835
0
LINE
8
BLACK
6
CONTINUOUS
10
3.933895748031496
20
-3.2446261417322835
11
3.9314373622047243
21
-3.2470845275590552
0
LINE
8
BLACK
6
CONTINUOUS
10
3.9314373622047243
20
-3.2470845275590552
11
3.9312109842519685
21
-3.2472702755905511
0
LINE
8
BLACK
6
CONTINUOUS
10
3.9312109842519685
20
-3.2472702755905511
11
3.9311598425196848
21
-3.2473292913385827
0
LINE
8
BLACK
6
CONTINUOUS
10
3.9311598425196848
20
-3.2473292913385827
11
3.9310708661417322
21
-3.2473852362204725
0
LINE
8
BLACK
6
CONTINUOUS
10
3.9310708661417322
20
-3.2473852362204725
11
3.9309899212598425
21
-3.2474517322834644
0
LINE
8
BLACK
6
CONTINUOUS
10
3.9309899212598425
20
-3.2474517322834644
11
3.9309179527559053
21
-3.2474815354330708
0
LINE
8
BLACK
6
CONTINUOUS
10
3.9309179527559053
20
-3.2474815354330708
11
3.9306699606299214
21
-3.2476376377952754
0
LINE
8
BLACK
6
CONTINUOUS
10
3.9306699606299214
20
-3.2476376377952754
11
3.9269204330708662
21
-3.2495124015748029
0
LINE
8
BLACK
6
CONTINUOUS
10
3.9269204330708662
20
-3.2495124015748029
11
3.9263798031496062
21
-3.2497192913385824
0
LINE
8
BLACK
6
CONTINUOUS
10
3.9263798031496062
20
-3.2497192913385824
11
3.9252305905511808
21
-3.2498009448818896
0
LINE
8
BLACK
6
CONTINUOUS
10
3.9252305905511808
20
-3.2498009448818896
11
3.9241376377952757
21
-3.2494366141732285
0
LINE
8
BLACK
6
CONTINUOUS
10
3.9241376377952757
20
-3.2494366141732285
11
3.9232672440944882
21
-3.2486817716535432
0
LINE
8
BLACK
6
CONTINUOUS
10
3.9232672440944882
20
-3.2486817716535432
11
3.9227520078740157
21
-3.2476512598425198
0
LINE
8
BLACK
6
CONTINUOUS
10
3.9227520078740157
20
-3.2476512598425198
11
3.9226703543307084
21
-3.2465020472440944
0
LINE
8
BLACK
6
CONTINUOUS
10
3.9226703543307084
20
-3.2465020472440944
11
3.92303468503937
21
-3.2454090944881888
0
LINE
8
BLACK
6
CONTINUOUS
10
3.92303468503937
20
-3.2454090944881888
11
3.9237895275590549
21
-3.2445387007874014
0
LINE
8
BLACK
6
CONTINUOUS
10
3.9237895275590549
20
-3.2445387007874014
11
3.9242794094488187
21
-3.2442303543307087
0
LINE
8
BLACK
6
CONTINUOUS
10
3.9242794094488187
20
-3.2442303543307087
11
3.9276003543307088
21
-3.2425698818897639
0
LINE
8
BLACK
6
CONTINUOUS
10
3.9276003543307088
20
-3.2425698818897639
11
3.930804251968504
21
-3.2393659842519686
0
LINE
8
BLACK
6
CONTINUOUS
10
3.930804251968504
20
-3.2393659842519686
11
3.9343916535433068
21
-3.2339848818897639
0
LINE
8
BLACK
6
CONTINUOUS
10
3.9343916535433068
20
-3.2339848818897639
11
3.9343929921259844
21
-3.2339831889763779
0
LINE
8
BLACK
6
CONTINUOUS
10
3.9343929921259844
20
-3.2339831889763779
11
3.9343933858267714
21
-3.2339823228346458
0
LINE
8
BLACK
6
CONTINUOUS
10
3.9343933858267714
20
-3.2339823228346458
11
3.9343953937007874
21
-3.2339802755905511
0
LINE
8
BLACK
6
CONTINUOUS
10
3.9343953937007874
20
-3.2339802755905511
11
3.9347584251968502
21
-3.2335370472440945
0
LINE
8
BLACK
6
CONTINUOUS
10
3.9347584251968502
20
-3.2335370472440945
11
3.9350012992125984
21
-3.2333743700787401
0
LINE
8
BLACK
6
CONTINUOUS
10
3.9350012992125984
20
-3.2333743700787401
11
3.9352080314960629
21
-3.2331676771653544
0
LINE
8
BLACK
6
CONTINUOUS
10
3.9352080314960629
20
-3.2331676771653544
11
3.9354753149606299
21
-3.2330569291338582
0
LINE
8
BLACK
6
CONTINUOUS
10
3.9354753149606299
20
-3.2330569291338582
11
3.9357157086614172
21
-3.2328959842519684
0
LINE
8
BLACK
6
CONTINUOUS
10
3.9357157086614172
20
-3.2328959842519684
11
3.9360023228346455
21
-3.232838622047244
0
LINE
8
BLACK
6
CONTINUOUS
10
3.9360023228346455
20
-3.232838622047244
11
3.9362724409448817
21
-3.2327267716535433
0
LINE
8
BLACK
6
CONTINUOUS
10
3.9362724409448817
20
-3.2327267716535433
11
3.9365617322834643
21
-3.2327267716535433
0
LINE
8
BLACK
6
CONTINUOUS
10
3.9365617322834643
20
-3.2327267716535433
11
3.9368453937007875
21
-3.2326700393700785
0
LINE
8
BLACK
6
CONTINUOUS
10
3.9368453937007875
20
-3.2326700393700785
11
3.9371321653543307
21
-3.2327267716535433
0
LINE
8
BLACK
6
CONTINUOUS
10
4.0406677559055115
20
-2.0112034251968502
11
4.0419461811023618
21
-2.0124818503937005
0
LINE
8
BLACK
6
CONTINUOUS
10
4.0419461811023618
20
-2.0124818503937005
11
4.0421259842519683
21
-2.0133858267716533
0
LINE
8
BLACK
6
CONTINUOUS
10
4.0421259842519683
20
-2.0133858267716533
11
4.0421259842519683
21
-2.0484251968503937
0
LINE
8
BLACK
6
CONTINUOUS
10
4.0421259842519683
20
-2.0484251968503937
11
4.0520725196850389
21
-2.0484251968503937
0
LINE
8
BLACK
6
CONTINUOUS
10
4.0520725196850389
20
-2.0484251968503937
11
4.0529764960629917
21
-2.0486049999999998
0
LINE
8
BLACK
6
CONTINUOUS
10
4.0529764960629917
20
-2.0486049999999998
11
4.054254921259842
21
-2.0498834251968505
0
LINE
8
BLACK
6
CONTINUOUS
10
4.054254921259842
20
-2.0498834251968505
11
4.054254921259842
21
-2.0516913779527557
0
LINE
8
BLACK
6
CONTINUOUS
10
4.054254921259842
20
-2.0516913779527557
11
4.0529764960629917
21
-2.0529698031496064
0
LINE
8
BLACK
6
CONTINUOUS
10
4.0529764960629917
20
-2.0529698031496064
11
4.0520725196850389
21
-2.0531496062992125
0
LINE
8
BLACK
6
CONTINUOUS
10
4.0520725196850389
20
-2.0531496062992125
11
4.0421259842519683
21
-2.0531496062992125
0
LINE
8
BLACK
6
CONTINUOUS
10
4.0421259842519683
20
-2.0531496062992125
11
4.0421259842519683
21
-2.0822834645669293
0
LINE
8
BLACK
6
CONTINUOUS
10
4.0421259842519683
20
-2.0822834645669293
11
4.0520725196850389
21
-2.0822834645669293
0
LINE
8
BLACK
6
CONTINUOUS
10
4.0520725196850389
20
-2.0822834645669293
11
4.0529764960629917
21
-2.0824632677165353
0
LINE
8
BLACK
6
CONTINUOUS
10
4.0529764960629917
20
-2.0824632677165353
11
4.054254921259842
21
-2.0837416929133856
0
LINE
8
BLACK
6
CONTINUOUS
10
4.054254921259842
20
-2.0837416929133856
11
4.054254921259842
21
-2.0855496456692912
0
LINE
8
BLACK
6
CONTINUOUS
10
4.054254921259842
20
-2.0855496456692912
11
4.0529764960629917
21
-2.0868280708661415
0
LINE
8
BLACK
6
CONTINUOUS
10
4.0529764960629917
20
-2.0868280708661415
11
4.0520725196850389
21
-2.0870078740157481
0
LINE
8
BLACK
6
CONTINUOUS
10
4.0520725196850389
20
-2.0870078740157481
11
4.0421259842519683
21
-2.0870078740157481
0
LINE
8
BLACK
6
CONTINUOUS
10
4.0421259842519683
20
-2.0870078740157481
11
4.0421259842519683
21
-2.1484251968503938
0
LINE
8
BLACK
6
CONTINUOUS
10
4.0421259842519683
20
-2.1484251968503938
11
4.0520725196850389
21
-2.1484251968503938
0
LINE
8
BLACK
6
CONTINUOUS
10
4.0520725196850389
20
-2.1484251968503938
11
4.0529764960629917
21
-2.1486049999999999
0
LINE
8
BLACK
6
CONTINUOUS
10
4.0529764960629917
20
-2.1486049999999999
11
4.054254921259842
21
-2.1498834251968502
0
LINE
8
BLACK
6
CONTINUOUS
10
4.054254921259842
20
-2.1498834251968502
11
4.054254921259842
21
-2.1516913779527558
0
LINE
8
BLACK
6
CONTINUOUS
10
4.054254921259842
20
-2.1516913779527558
11
4.0529764960629917
21
-2.1529698031496061
0
LINE
8
BLACK
6
CONTINUOUS
10
4.0529764960629917
20
-2.1529698031496061
11
4.0520725196850389
21
-2.1531496062992126
0
LINE
8
BLACK
6
CONTINUOUS
10
4.0520725196850389
20
-2.1531496062992126
11
4.0421259842519683
21
-2.1531496062992126
0
LINE
8
BLACK
6
CONTINUOUS
10
4.0421259842519683
20
-2.1531496062992126
11
4.0421259842519683
21
-2.1822834645669289
0
LINE
8
BLACK
6
CONTINUOUS
10
4.0421259842519683
20
-2.1822834645669289
11
4.0520725196850389
21
-2.1822834645669289
0
LINE
8
BLACK
6
CONTINUOUS
10
4.0520725196850389
20
-2.1822834645669289
11
4.0529764960629917
21
-2.1824632677165354
0
LINE
8
BLACK
6
CONTINUOUS
10
4.0529764960629917
20
-2.1824632677165354
11
4.054254921259842
21
-2.1837416929133857
0
LINE
8
BLACK
6
CONTINUOUS
10
4.054254921259842
20
-2.1837416929133857
11
4.054254921259842
21
-2.1855496456692913
0
LINE
8
BLACK
6
CONTINUOUS
10
4.054254921259842
20
-2.1855496456692913
11
4.0529764960629917
21
-2.1868280708661416
0
LINE
8
BLACK
6
CONTINUOUS
10
4.0529764960629917
20
-2.1868280708661416
11
4.0520725196850389
21
-2.1870078740157481
0
LINE
8
BLACK
6
CONTINUOUS
10
4.0520725196850389
20
-2.1870078740157481
11
4.0421259842519683
21
-2.1870078740157481
0
LINE
8
BLACK
6
CONTINUOUS
10
4.0421259842519683
20
-2.1870078740157481
11
4.0421259842519683
21
-2.3484251968503935
0
LINE
8
BLACK
6
CONTINUOUS
10
4.0421259842519683
20
-2.3484251968503935
11
4.0520725196850389
21
-2.3484251968503935
0
LINE
8
BLACK
6
CONTINUOUS
10
4.0520725196850389
20
-2.3484251968503935
11
4.0529764960629917
21
-2.3486050000000001
0
LINE
8
BLACK
6
CONTINUOUS
10
4.0529764960629917
20
-2.3486050000000001
11
4.054254921259842
21
-2.3498834251968503
0
LINE
8
BLACK
6
CONTINUOUS
10
4.054254921259842
20
-2.3498834251968503
11
4.054254921259842
21
-2.351691377952756
0
LINE
8
BLACK
6
CONTINUOUS
10
4.054254921259842
20
-2.351691377952756
11
4.0529764960629917
21
-2.3529698031496062
0
LINE
8
BLACK
6
CONTINUOUS
10
4.0529764960629917
20
-2.3529698031496062
11
4.0520725196850389
21
-2.3531496062992123
0
LINE
8
BLACK
6
CONTINUOUS
10
4.0520725196850389
20
-2.3531496062992123
11
4.0421259842519683
21
-2.3531496062992123
0
LINE
8
BLACK
6
CONTINUOUS
10
4.0421259842519683
20
-2.3531496062992123
11
4.0421259842519683
21
-2.3822834645669291
0
LINE
8
BLACK
6
CONTINUOUS
10
4.0421259842519683
20
-2.3822834645669291
11
4.0520725196850389
21
-2.3822834645669291
0
LINE
8
BLACK
6
CONTINUOUS
10
4.0520725196850389
20
-2.3822834645669291
11
4.0529764960629917
21
-2.3824632677165352
0
LINE
8
BLACK
6
CONTINUOUS
10
4.0529764960629917
20
-2.3824632677165352
11
4.054254921259842
21
-2.3837416929133859
0
LINE
8
BLACK
6
CONTINUOUS
10
4.054254921259842
20
-2.3837416929133859
11
4.054254921259842
21
-2.3855496456692911
0
LINE
8
BLACK
6
CONTINUOUS
10
4.054254921259842
20
-2.3855496456692911
11
4.0529764960629917
21
-2.3868280708661418
0
LINE
8
BLACK
6
CONTINUOUS
10
4.0529764960629917
20
-2.3868280708661418
11
4.0520725196850389
21
-2.3870078740157479
0
LINE
8
BLACK
6
CONTINUOUS
10
4.0520725196850389
20
-2.3870078740157479
11
4.0421259842519683
21
-2.3870078740157479
0
LINE
8
BLACK
6
CONTINUOUS
10
4.0421259842519683
20
-2.3870078740157479
11
4.0421259842519683
21
-2.4484251968503936
0
LINE
8
BLACK
6
CONTINUOUS
10
4.0421259842519683
20
-2.4484251968503936
11
4.0520725196850389
21
-2.4484251968503936
0
LINE
8
BLACK
6
CONTINUOUS
10
4.0520725196850389
20
-2.4484251968503936
11
4.0529764960629917
21
-2.4486050000000001
0
LINE
8
BLACK
6
CONTINUOUS
10
4.0529764960629917
20
-2.4486050000000001
11
4.054254921259842
21
-2.4498834251968504
0
LINE
8
BLACK
6
CONTINUOUS
10
4.054254921259842
20
-2.4498834251968504
11
4.054254921259842
21
-2.451691377952756
0
LINE
8
BLACK
6
CONTINUOUS
10
4.054254921259842
20
-2.451691377952756
11
4.0529764960629917
21
-2.4529698031496063
0
LINE
8
BLACK
6
CONTINUOUS
10
4.0529764960629917
20
-2.4529698031496063
11
4.0520725196850389
21
-2.4531496062992124
0
LINE
8
BLACK
6
CONTINUOUS
10
4.0520725196850389
20
-2.4531496062992124
11
4.0421259842519683
21
-2.4531496062992124
0
LINE
8
BLACK
6
CONTINUOUS
10
4.0421259842519683
20
-2.4531496062992124
11
4.0421259842519683
21
-2.4822834645669292
0
LINE
8
BLACK
6
CONTINUOUS
10
4.0421259842519683
20
-2.4822834645669292
11
4.0520725196850389
21
-2.4822834645669292
0
LINE
8
BLACK
6
CONTINUOUS
10
4.0520725196850389
20
-2.4822834645669292
11
4.0529764960629917
21
-2.4824632677165352
0
LINE
8
BLACK
6
CONTINUOUS
10
4.0529764960629917
20
-2.4824632677165352
11
4.054254921259842
21
-2.483741692913386
0
LINE
8
BLACK
6
CONTINUOUS
10
4.054254921259842
20
-2.483741692913386
11
4.054254921259842
21
-2.4855496456692912
0
LINE
8
BLACK
6
CONTINUOUS
10
4.054254921259842
20
-2.4855496456692912
11
4.0529764960629917
21
-2.4868280708661419
0
LINE
8
BLACK
6
CONTINUOUS
10
4.0529764960629917
20
-2.4868280708661419
11
4.0520725196850389
21
-2.487007874015748
0
LINE
8
BLACK
6
CONTINUOUS
10
4.0520725196850389
20
-2.487007874015748
11
4.0421259842519683
21
-2.487007874015748
0
LINE
8
BLACK
6
CONTINUOUS
10
4.0421259842519683
20
-2.487007874015748
11
4.0421259842519683
21
-2.5484251968503937
0
LINE
8
BLACK
6
CONTINUOUS
10
4.0421259842519683
20
-2.5484251968503937
11
4.0520725196850389
21
-2.5484251968503937
0
LINE
8
BLACK
6
CONTINUOUS
10
4.0520725196850389
20
-2.5484251968503937
11
4.0529764960629917
21
-2.5486049999999998
0
LINE
8
BLACK
6
CONTINUOUS
10
4.0529764960629917
20
-2.5486049999999998
11
4.054254921259842
21
-2.5498834251968505
0
LINE
8
BLACK
6
CONTINUOUS
10
4.054254921259842
20
-2.5498834251968505
11
4.054254921259842
21
-2.5516913779527557
0
LINE
8
BLACK
6
CONTINUOUS
10
4.054254921259842
20
-2.5516913779527557
11
4.0529764960629917
21
-2.5529698031496064
0
LINE
8
BLACK
6
CONTINUOUS
10
4.0529764960629917
20
-2.5529698031496064
11
4.0520725196850389
21
-2.5531496062992125
0
LINE
8
BLACK
6
CONTINUOUS
10
4.0520725196850389
20
-2.5531496062992125
11
4.0421259842519683
21
-2.5531496062992125
0
LINE
8
BLACK
6
CONTINUOUS
10
4.0421259842519683
20
-2.5531496062992125
11
4.0421259842519683
21
-2.5822834645669293
0
LINE
8
BLACK
6
CONTINUOUS
10
4.0421259842519683
20
-2.5822834645669293
11
4.0520725196850389
21
-2.5822834645669293
0
LINE
8
BLACK
6
CONTINUOUS
10
4.0520725196850389
20
-2.5822834645669293
11
4.0529764960629917
21
-2.5824632677165353
0
LINE
8
BLACK
6
CONTINUOUS
10
4.0529764960629917
20
-2.5824632677165353
11
4.054254921259842
21
-2.5837416929133856
0
LINE
8
BLACK
6
CONTINUOUS
10
4.054254921259842
20
-2.5837416929133856
11
4.054254921259842
21
-2.5855496456692912
0
LINE
8
BLACK
6
CONTINUOUS
10
4.054254921259842
20
-2.5855496456692912
11
4.0529764960629917
21
-2.5868280708661415
0
LINE
8
BLACK
6
CONTINUOUS
10
4.0529764960629917
20
-2.5868280708661415
11
4.0520725196850389
21
-2.5870078740157481
0
LINE
8
BLACK
6
CONTINUOUS
10
4.0520725196850389
20
-2.5870078740157481
11
4.0421259842519683
21
-2.5870078740157481
0
LINE
8
BLACK
6
CONTINUOUS
10
4.0421259842519683
20
-2.5870078740157481
11
4.0421259842519683
21
-2.6484251968503938
0
LINE
8
BLACK
6
CONTINUOUS
10
4.0421259842519683
20
-2.6484251968503938
11
4.0520725196850389
21
-2.6484251968503938
0
LINE
8
BLACK
6
CONTINUOUS
10
4.0520725196850389
20
-2.6484251968503938
11
4.0529764960629917
21
-2.6486049999999999
0
LINE
8
BLACK
6
CONTINUOUS
10
4.0529764960629917
20
-2.6486049999999999
11
4.054254921259842
21
-2.6498834251968502
0
LINE
8
BLACK
6
CONTINUOUS
10
4.054254921259842
20
-2.6498834251968502
11
4.054254921259842
21
-2.6516913779527558
0
LINE
8
BLACK
6
CONTINUOUS
10
4.054254921259842
20
-2.6516913779527558
11
4.0529764960629917
21
-2.6529698031496061
0
LINE
8
BLACK
6
CONTINUOUS
10
4.0529764960629917
20
-2.6529698031496061
11
4.0520725196850389
21
-2.6531496062992126
0
LINE
8
BLACK
6
CONTINUOUS
10
4.0520725196850389
20
-2.6531496062992126
11
4.0421259842519683
21
-2.6531496062992126
0
LINE
8
BLACK
6
CONTINUOUS
10
4.0421259842519683
20
-2.6531496062992126
11
4.0421259842519683
21
-2.6822834645669289
0
LINE
8
BLACK
6
CONTINUOUS
10
4.0421259842519683
20
-2.6822834645669289
11
4.0520725196850389
21
-2.6822834645669289
0
LINE
8
BLACK
6
CONTINUOUS
10
4.0520725196850389
20
-2.6822834645669289
11
4.0529764960629917
21
-2.6824632677165354
0
LINE
8
BLACK
6
CONTINUOUS
10
4.0529764960629917
20
-2.6824632677165354
11
4.054254921259842
21
-2.6837416929133857
0
LINE
8
BLACK
6
CONTINUOUS
10
4.054254921259842
20
-2.6837416929133857
11
4.054254921259842
21
-2.6855496456692913
0
LINE
8
BLACK
6
CONTINUOUS
10
4.054254921259842
20
-2.6855496456692913
11
4.0529764960629917
21
-2.6868280708661416
0
LINE
8
BLACK
6
CONTINUOUS
10
4.0529764960629917
20
-2.6868280708661416
11
4.0520725196850389
21
-2.6870078740157481
0
LINE
8
BLACK
6
CONTINUOUS
10
4.0520725196850389
20
-2.6870078740157481
11
4.0421259842519683
21
-2.6870078740157481
0
LINE
8
BLACK
6
CONTINUOUS
10
4.0421259842519683
20
-2.6870078740157481
11
4.0421259842519683
21
-2.7484251968503934
0
LINE
8
BLACK
6
CONTINUOUS
10
4.0421259842519683
20
-2.7484251968503934
11
4.0520725196850389
21
-2.7484251968503934
0
LINE
8
BLACK
6
CONTINUOUS
10
4.0520725196850389
20
-2.7484251968503934
11
4.0529764960629917
21
-2.748605
0
LINE
8
BLACK
6
CONTINUOUS
10
4.0529764960629917
20
-2.748605
11
4.054254921259842
21
-2.7498834251968503
0
LINE
8
BLACK
6
CONTINUOUS
10
4.054254921259842
20
-2.7498834251968503
11
4.054254921259842
21
-2.7516913779527559
0
LINE
8
BLACK
6
CONTINUOUS
10
4.054254921259842
20
-2.7516913779527559
11
4.0529764960629917
21
-2.7529698031496062
0
LINE
8
BLACK
6
CONTINUOUS
10
4.0529764960629917
20
-2.7529698031496062
11
4.0520725196850389
21
-2.7531496062992127
0
LINE
8
BLACK
6
CONTINUOUS
10
4.0520725196850389
20
-2.7531496062992127
11
4.0421259842519683
21
-2.7531496062992127
0
LINE
8
BLACK
6
CONTINUOUS
10
4.0421259842519683
20
-2.7531496062992127
11
4.0421259842519683
21
-2.782283464566929
0
LINE
8
BLACK
6
CONTINUOUS
10
4.0421259842519683
20
-2.782283464566929
11
4.0520725196850389
21
-2.782283464566929
0
LINE
8
BLACK
6
CONTINUOUS
10
4.0520725196850389
20
-2.782283464566929
11
4.0529764960629917
21
-2.7824632677165355
0
LINE
8
BLACK
6
CONTINUOUS
10
4.0529764960629917
20
-2.7824632677165355
11
4.054254921259842
21
-2.7837416929133858
0
LINE
8
BLACK
6
CONTINUOUS
10
4.054254921259842
20
-2.7837416929133858
11
4.054254921259842
21
-2.7855496456692914
0
LINE
8
BLACK
6
CONTINUOUS
10
4.054254921259842
20
-2.7855496456692914
11
4.0529764960629917
21
-2.7868280708661417
0
LINE
8
BLACK
6
CONTINUOUS
10
4.0529764960629917
20
-2.7868280708661417
11
4.0520725196850389
21
-2.7870078740157478
0
LINE
8
BLACK
6
CONTINUOUS
10
4.0520725196850389
20
-2.7870078740157478
11
4.0421259842519683
21
-2.7870078740157478
0
LINE
8
BLACK
6
CONTINUOUS
10
4.0421259842519683
20
-2.7870078740157478
11
4.0421259842519683
21
-2.9484251968503936
0
LINE
8
BLACK
6
CONTINUOUS
10
4.0421259842519683
20
-2.9484251968503936
11
4.0520725196850389
21
-2.9484251968503936
0
LINE
8
BLACK
6
CONTINUOUS
10
4.0520725196850389
20
-2.9484251968503936
11
4.0529764960629917
21
-2.9486050000000001
0
LINE
8
BLACK
6
CONTINUOUS
10
4.0529764960629917
20
-2.9486050000000001
11
4.054254921259842
21
-2.9498834251968504
0
LINE
8
BLACK
6
CONTINUOUS
10
4.054254921259842
20
-2.9498834251968504
11
4.054254921259842
21
-2.951691377952756
0
LINE
8
BLACK
6
CONTINUOUS
10
4.054254921259842
20
-2.951691377952756
11
4.0529764960629917
21
-2.9529698031496063
0
LINE
8
BLACK
6
CONTINUOUS
10
4.0529764960629917
20
-2.9529698031496063
11
4.0520725196850389
21
-2.9531496062992124
0
LINE
8
BLACK
6
CONTINUOUS
10
4.0520725196850389
20
-2.9531496062992124
11
4.0421259842519683
21
-2.9531496062992124
0
LINE
8
BLACK
6
CONTINUOUS
10
4.0421259842519683
20
-2.9531496062992124
11
4.0421259842519683
21
-2.9822834645669292
0
LINE
8
BLACK
6
CONTINUOUS
10
4.0421259842519683
20
-2.9822834645669292
11
4.0520725196850389
21
-2.9822834645669292
0
LINE
8
BLACK
6
CONTINUOUS
10
4.0520725196850389
20
-2.9822834645669292
11
4.0529764960629917
21
-2.9824632677165352
0
LINE
8
BLACK
6
CONTINUOUS
10
4.0529764960629917
20
-2.9824632677165352
11
4.054254921259842
21
-2.983741692913386
0
LINE
8
BLACK
6
CONTINUOUS
10
4.054254921259842
20
-2.983741692913386
11
4.054254921259842
21
-2.9855496456692912
0
LINE
8
BLACK
6
CONTINUOUS
10
4.054254921259842
20
-2.9855496456692912
11
4.0529764960629917
21
-2.9868280708661419
0
LINE
8
BLACK
6
CONTINUOUS
10
4.0529764960629917
20
-2.9868280708661419
11
4.0520725196850389
21
-2.987007874015748
0
LINE
8
BLACK
6
CONTINUOUS
10
4.0520725196850389
20
-2.987007874015748
11
4.0421259842519683
21
-2.987007874015748
0
LINE
8
BLACK
6
CONTINUOUS
10
4.0421259842519683
20
-2.987007874015748
11
4.0421259842519683
21
-3.1484251968503938
0
LINE
8
BLACK
6
CONTINUOUS
10
4.0421259842519683
20
-3.1484251968503938
11
4.048818897637795
21
-3.1484251968503938
0
LINE
8
BLACK
6
CONTINUOUS
10
4.048818897637795
20
-3.1484251968503938
11
4.0497228740157478
21
-3.1486049999999999
0
LINE
8
BLACK
6
CONTINUOUS
10
4.0497228740157478
20
-3.1486049999999999
11
4.0510012992125981
21
-3.1498834251968502
0
LINE
8
BLACK
6
CONTINUOUS
10
4.0510012992125981
20
-3.1498834251968502
11
4.0510012992125981
21
-3.1516913779527558
0
LINE
8
BLACK
6
CONTINUOUS
10
4.0510012992125981
20
-3.1516913779527558
11
4.0497228740157478
21
-3.1529698031496061
0
LINE
8
BLACK
6
CONTINUOUS
10
4.0497228740157478
20
-3.1529698031496061
11
4.048818897637795
21
-3.1531496062992126
0
LINE
8
BLACK
6
CONTINUOUS
10
4.048818897637795
20
-3.1531496062992126
11
4.0421259842519683
21
-3.1531496062992126
0
LINE
8
BLACK
6
CONTINUOUS
10
4.0421259842519683
20
-3.1531496062992126
11
4.0421259842519683
21
-3.1822834645669289
0
LINE
8
BLACK
6
CONTINUOUS
10
4.0421259842519683
20
-3.1822834645669289
11
4.048818897637795
21
-3.1822834645669289
0
LINE
8
BLACK
6
CONTINUOUS
10
4.048818897637795
20
-3.1822834645669289
11
4.0497228740157478
21
-3.1824632677165354
0
LINE
8
BLACK
6
CONTINUOUS
10
4.0497228740157478
20
-3.1824632677165354
11
4.0510012992125981
21
-3.1837416929133857
0
LINE
8
BLACK
6
CONTINUOUS
10
4.0510012992125981
20
-3.1837416929133857
11
4.0510012992125981
21
-3.1855496456692913
0
LINE
8
BLACK
6
CONTINUOUS
10
4.0510012992125981
20
-3.1855496456692913
11
4.0497228740157478
21
-3.1868280708661416
0
LINE
8
BLACK
6
CONTINUOUS
10
4.0497228740157478
20
-3.1868280708661416
11
4.048818897637795
21
-3.1870078740157481
0
LINE
8
BLACK
6
CONTINUOUS
10
4.048818897637795
20
-3.1870078740157481
11
4.0421259842519683
21
-3.1870078740157481
0
LINE
8
BLACK
6
CONTINUOUS
10
4.0421259842519683
20
-3.1870078740157481
11
4.0421259842519683
21
-3.2220472440944881
0
LINE
8
BLACK
6
CONTINUOUS
10
4.0421259842519683
20
-3.2220472440944881
11
4.0419461811023618
21
-3.2229512204724409
0
LINE
8
BLACK
6
CONTINUOUS
10
4.0419461811023618
20
-3.2229512204724409
11
4.0406677559055115
21
-3.2242296456692912
0
LINE
8
BLACK
6
CONTINUOUS
10
4.0406677559055115
20
-3.2242296456692912
11
4.0397637795275587
21
-3.2244094488188977
0
LINE
8
BLACK
6
CONTINUOUS
10
4.0397637795275587
20
-3.2244094488188977
11
3.9311023622047245
21
-3.2244094488188977
0
LINE
8
BLACK
6
CONTINUOUS
10
3.9311023622047245
20
-3.2244094488188977
11
3.9301983858267717
21
-3.2242296456692912
0
LINE
8
BLACK
6
CONTINUOUS
10
3.9301983858267717
20
-3.2242296456692912
11
3.928919960629921
21
-3.2229512204724409
0
LINE
8
BLACK
6
CONTINUOUS
10
3.928919960629921
20
-3.2229512204724409
11
3.9287401574803149
21
-3.2220472440944881
0
LINE
8
BLACK
6
CONTINUOUS
10
3.9287401574803149
20
-3.2220472440944881
11
3.9287401574803149
21
-3.1870078740157481
0
LINE
8
BLACK
6
CONTINUOUS
10
3.9287401574803149
20
-3.1870078740157481
11
3.6948818897637796
21
-3.1870078740157481
0
LINE
8
BLACK
6
CONTINUOUS
10
3.6948818897637796
20
-3.1870078740157481
11
3.6939779133858268
21
-3.1868280708661416
0
LINE
8
BLACK
6
CONTINUOUS
10
3.6939779133858268
20
-3.1868280708661416
11
3.6926994881889761
21
-3.1855496456692913
0
LINE
8
BLACK
6
CONTINUOUS
10
3.6926994881889761
20
-3.1855496456692913
11
3.69251968503937
21
-3.1846456692913385
0
LINE
8
BLACK
6
CONTINUOUS
10
3.69251968503937
20
-3.1846456692913385
11
3.69251968503937
21
-3.150787401574803
0
LINE
8
BLACK
6
CONTINUOUS
10
3.69251968503937
20
-3.150787401574803
11
3.6926994881889761
21
-3.1498834251968502
0
LINE
8
BLACK
6
CONTINUOUS
10
3.6926994881889761
20
-3.1498834251968502
11
3.6939779133858268
21
-3.1486049999999999
0
LINE
8
BLACK
6
CONTINUOUS
10
3.6939779133858268
20
-3.1486049999999999
11
3.6948818897637796
21
-3.1484251968503938
0
LINE
8
BLACK
6
CONTINUOUS
10
3.6948818897637796
20
-3.1484251968503938
11
3.9287401574803149
21
-3.1484251968503938
0
LINE
8
BLACK
6
CONTINUOUS
10
3.9287401574803149
20
-3.1484251968503938
11
3.9287401574803149
21
-2.987007874015748
0
LINE
8
BLACK
6
CONTINUOUS
10
3.9287401574803149
20
-2.987007874015748
11
3.6948818897637796
21
-2.987007874015748
0
LINE
8
BLACK
6
CONTINUOUS
10
3.6948818897637796
20
-2.987007874015748
11
3.6939779133858268
21
-2.9868280708661419
0
LINE
8
BLACK
6
CONTINUOUS
10
3.6939779133858268
20
-2.9868280708661419
11
3.6926994881889761
21
-2.9855496456692912
0
LINE
8
BLACK
6
CONTINUOUS
10
3.6926994881889761
20
-2.9855496456692912
11
3.69251968503937
21
-2.9846456692913383
0
LINE
8
BLACK
6
CONTINUOUS
10
3.69251968503937
20
-2.9846456692913383
11
3.69251968503937
21
-2.9507874015748032
0
LINE
8
BLACK
6
CONTINUOUS
10
3.69251968503937
20
-2.9507874015748032
11
3.6926994881889761
21
-2.9498834251968504
0
LINE
8
BLACK
6
CONTINUOUS
10
3.6926994881889761
20
-2.9498834251968504
11
3.6939779133858268
21
-2.9486050000000001
0
LINE
8
BLACK
6
CONTINUOUS
10
3.6939779133858268
20
-2.9486050000000001
11
3.6948818897637796
21
-2.9484251968503936
0
LINE
8
BLACK
6
CONTINUOUS
10
3.6948818897637796
20
-2.9484251968503936
11
3.9287401574803149
21
-2.9484251968503936
0
LINE
8
BLACK
6
CONTINUOUS
10
3.9287401574803149
20
-2.9484251968503936
11
3.9287401574803149
21
-2.7870078740157478
0
LINE
8
BLACK
6
CONTINUOUS
10
3.9287401574803149
20
-2.7870078740157478
11
3.6948818897637796
21
-2.7870078740157478
0
LINE
8
BLACK
6
CONTINUOUS
10
3.6948818897637796
20
-2.7870078740157478
11
3.6939779133858268
21
-2.7868280708661417
0
LINE
8
BLACK
6
CONTINUOUS
10
3.6939779133858268
20
-2.7868280708661417
11
3.6926994881889761
21
-2.7855496456692914
0
LINE
8
BLACK
6
CONTINUOUS
10
3.6926994881889761
20
-2.7855496456692914
11
3.69251968503937
21
-2.7846456692913386
0
LINE
8
BLACK
6
CONTINUOUS
10
3.69251968503937
20
-2.7846456692913386
11
3.69251968503937
21
-2.7507874015748031
0
LINE
8
BLACK
6
CONTINUOUS
10
3.69251968503937
20
-2.7507874015748031
11
3.6926994881889761
21
-2.7498834251968503
0
LINE
8
BLACK
6
CONTINUOUS
10
3.6926994881889761
20
-2.7498834251968503
11
3.6939779133858268
21
-2.748605
0
LINE
8
BLACK
6
CONTINUOUS
10
3.6939779133858268
20
-2.748605
11
3.6948818897637796
21
-2.7484251968503934
0
LINE
8
BLACK
6
CONTINUOUS
10
3.6948818897637796
20
-2.7484251968503934
11
3.9287401574803149
21
-2.7484251968503934
0
LINE
8
BLACK
6
CONTINUOUS
10
3.9287401574803149
20
-2.7484251968503934
11
3.9287401574803149
21
-2.6870078740157481
0
LINE
8
BLACK
6
CONTINUOUS
10
3.9287401574803149
20
-2.6870078740157481
11
3.6948818897637796
21
-2.6870078740157481
0
LINE
8
BLACK
6
CONTINUOUS
10
3.6948818897637796
20
-2.6870078740157481
11
3.6939779133858268
21
-2.6868280708661416
0
LINE
8
BLACK
6
CONTINUOUS
10
3.6939779133858268
20
-2.6868280708661416
11
3.6926994881889761
21
-2.6855496456692913
0
LINE
8
BLACK
6
CONTINUOUS
10
3.6926994881889761
20
-2.6855496456692913
11
3.69251968503937
21
-2.6846456692913385
0
LINE
8
BLACK
6
CONTINUOUS
10
3.69251968503937
20
-2.6846456692913385
11
3.69251968503937
21
-2.650787401574803
0
LINE
8
BLACK
6
CONTINUOUS
10
3.69251968503937
20
-2.650787401574803
11
3.6926994881889761
21
-2.6498834251968502
0
LINE
8
BLACK
6
CONTINUOUS
10
3.6926994881889761
20
-2.6498834251968502
11
3.6939779133858268
21
-2.6486049999999999
0
LINE
8
BLACK
6
CONTINUOUS
10
3.6939779133858268
20
-2.6486049999999999
11
3.6948818897637796
21
-2.6484251968503938
0
LINE
8
BLACK
6
CONTINUOUS
10
3.6948818897637796
20
-2.6484251968503938
11
3.9287401574803149
21
-2.6484251968503938
0
LINE
8
BLACK
6
CONTINUOUS
10
3.9287401574803149
20
-2.6484251968503938
11
3.9287401574803149
21
-2.5870078740157481
0
LINE
8
BLACK
6
CONTINUOUS
10
3.9287401574803149
20
-2.5870078740157481
11
3.6948818897637796
21
-2.5870078740157481
0
LINE
8
BLACK
6
CONTINUOUS
10
3.6948818897637796
20
-2.5870078740157481
11
3.6939779133858268
21
-2.5868280708661415
0
LINE
8
BLACK
6
CONTINUOUS
10
3.6939779133858268
20
-2.5868280708661415
11
3.6926994881889761
21
-2.5855496456692912
0
LINE
8
BLACK
6
CONTINUOUS
10
3.6926994881889761
20
-2.5855496456692912
11
3.69251968503937
21
-2.5846456692913384
0
LINE
8
BLACK
6
CONTINUOUS
10
3.69251968503937
20
-2.5846456692913384
11
3.69251968503937
21
-2.5507874015748029
0
LINE
8
BLACK
6
CONTINUOUS
10
3.69251968503937
20
-2.5507874015748029
11
3.6926994881889761
21
-2.5498834251968505
0
LINE
8
BLACK
6
CONTINUOUS
10
3.6926994881889761
20
-2.5498834251968505
11
3.6939779133858268
21
-2.5486049999999998
0
LINE
8
BLACK
6
CONTINUOUS
10
3.6939779133858268
20
-2.5486049999999998
11
3.6948818897637796
21
-2.5484251968503937
0
LINE
8
BLACK
6
CONTINUOUS
10
3.6948818897637796
20
-2.5484251968503937
11
3.9287401574803149
21
-2.5484251968503937
0
LINE
8
BLACK
6
CONTINUOUS
10
3.9287401574803149
20
-2.5484251968503937
11
3.9287401574803149
21
-2.487007874015748
0
LINE
8
BLACK
6
CONTINUOUS
10
3.9287401574803149
20
-2.487007874015748
11
3.6948818897637796
21
-2.487007874015748
0
LINE
8
BLACK
6
CONTINUOUS
10
3.6948818897637796
20
-2.487007874015748
11
3.6939779133858268
21
-2.4868280708661419
0
LINE
8
BLACK
6
CONTINUOUS
10
3.6939779133858268
20
-2.4868280708661419
11
3.6926994881889761
21
-2.4855496456692912
0
LINE
8
BLACK
6
CONTINUOUS
10
3.6926994881889761
20
-2.4855496456692912
11
3.69251968503937
21
-2.4846456692913383
0
LINE
8
BLACK
6
CONTINUOUS
10
3.69251968503937
20
-2.4846456692913383
11
3.69251968503937
21
-2.4507874015748032
0
LINE
8
BLACK
6
CONTINUOUS
10
3.69251968503937
20
-2.4507874015748032
11
3.6926994881889761
21
-2.4498834251968504
0
LINE
8
BLACK
6
CONTINUOUS
10
3.6926994881889761
20
-2.4498834251968504
11
3.6939779133858268
21
-2.4486050000000001
0
LINE
8
BLACK
6
CONTINUOUS
10
3.6939779133858268
20
-2.4486050000000001
11
3.6948818897637796
21
-2.4484251968503936
0
LINE
8
BLACK
6
CONTINUOUS
10
3.6948818897637796
20
-2.4484251968503936
11
3.9287401574803149
21
-2.4484251968503936
0
LINE
8
BLACK
6
CONTINUOUS
10
3.9287401574803149
20
-2.4484251968503936
11
3.9287401574803149
21
-2.3870078740157479
0
LINE
8
BLACK
6
CONTINUOUS
10
3.9287401574803149
20
-2.3870078740157479
11
3.6948818897637796
21
-2.3870078740157479
0
LINE
8
BLACK
6
CONTINUOUS
10
3.6948818897637796
20
-2.3870078740157479
11
3.6939779133858268
21
-2.3868280708661418
0
LINE
8
BLACK
6
CONTINUOUS
10
3.6939779133858268
20
-2.3868280708661418
11
3.6926994881889761
21
-2.3855496456692911
0
LINE
8
BLACK
6
CONTINUOUS
10
3.6926994881889761
20
-2.3855496456692911
11
3.69251968503937
21
-2.3846456692913387
0
LINE
8
BLACK
6
CONTINUOUS
10
3.69251968503937
20
-2.3846456692913387
11
3.69251968503937
21
-2.3507874015748031
0
LINE
8
BLACK
6
CONTINUOUS
10
3.69251968503937
20
-2.3507874015748031
11
3.6926994881889761
21
-2.3498834251968503
0
LINE
8
BLACK
6
CONTINUOUS
10
3.6926994881889761
20
-2.3498834251968503
11
3.6939779133858268
21
-2.3486050000000001
0
LINE
8
BLACK
6
CONTINUOUS
10
3.6939779133858268
20
-2.3486050000000001
11
3.6948818897637796
21
-2.3484251968503935
0
LINE
8
BLACK
6
CONTINUOUS
10
3.6948818897637796
20
-2.3484251968503935
11
3.9287401574803149
21
-2.3484251968503935
0
LINE
8
BLACK
6
CONTINUOUS
10
3.9287401574803149
20
-2.3484251968503935
11
3.9287401574803149
21
-2.1870078740157481
0
LINE
8
BLACK
6
CONTINUOUS
10
3.9287401574803149
20
-2.1870078740157481
11
3.6948818897637796
21
-2.1870078740157481
0
LINE
8
BLACK
6
CONTINUOUS
10
3.6948818897637796
20
-2.1870078740157481
11
3.6939779133858268
21
-2.1868280708661416
0
LINE
8
BLACK
6
CONTINUOUS
10
3.6939779133858268
20
-2.1868280708661416
11
3.6926994881889761
21
-2.1855496456692913
0
LINE
8
BLACK
6
CONTINUOUS
10
3.6926994881889761
20
-2.1855496456692913
11
3.69251968503937
21
-2.1846456692913385
0
LINE
8
BLACK
6
CONTINUOUS
10
3.69251968503937
20
-2.1846456692913385
11
3.69251968503937
21
-2.150787401574803
0
LINE
8
BLACK
6
CONTINUOUS
10
3.69251968503937
20
-2.150787401574803
11
3.6926994881889761
21
-2.1498834251968502
0
LINE
8
BLACK
6
CONTINUOUS
10
3.6926994881889761
20
-2.1498834251968502
11
3.6939779133858268
21
-2.1486049999999999
0
LINE
8
BLACK
6
CONTINUOUS
10
3.6939779133858268
20
-2.1486049999999999
11
3.6948818897637796
21
-2.1484251968503938
0
LINE
8
BLACK
6
CONTINUOUS
10
3.6948818897637796
20
-2.1484251968503938
11
3.9287401574803149
21
-2.1484251968503938
0
LINE
8
BLACK
6
CONTINUOUS
10
3.9287401574803149
20
-2.1484251968503938
11
3.9287401574803149
21
-2.0870078740157481
0
LINE
8
BLACK
6
CONTINUOUS
10
3.9287401574803149
20
-2.0870078740157481
11
3.6948818897637796
21
-2.0870078740157481
0
LINE
8
BLACK
6
CONTINUOUS
10
3.6948818897637796
20
-2.0870078740157481
11
3.6939779133858268
21
-2.0868280708661415
0
LINE
8
BLACK
6
CONTINUOUS
10
3.6939779133858268
20
-2.0868280708661415
11
3.6926994881889761
21
-2.0855496456692912
0
LINE
8
BLACK
6
CONTINUOUS
10
3.6926994881889761
20
-2.0855496456692912
11
3.69251968503937
21
-2.0846456692913384
0
LINE
8
BLACK
6
CONTINUOUS
10
3.69251968503937
20
-2.0846456692913384
11
3.69251968503937
21
-2.0507874015748029
0
LINE
8
BLACK
6
CONTINUOUS
10
3.69251968503937
20
-2.0507874015748029
11
3.6926994881889761
21
-2.0498834251968505
0
LINE
8
BLACK
6
CONTINUOUS
10
3.6926994881889761
20
-2.0498834251968505
11
3.6939779133858268
21
-2.0486049999999998
0
LINE
8
BLACK
6
CONTINUOUS
10
3.6939779133858268
20
-2.0486049999999998
11
3.6948818897637796
21
-2.0484251968503937
0
LINE
8
BLACK
6
CONTINUOUS
10
3.6948818897637796
20
-2.0484251968503937
11
3.9287401574803149
21
-2.0484251968503937
0
LINE
8
BLACK
6
CONTINUOUS
10
3.9287401574803149
20
-2.0484251968503937
11
3.9287401574803149
21
-2.0133858267716533
0
LINE
8
BLACK
6
CONTINUOUS
10
3.9287401574803149
20
-2.0133858267716533
11
3.928919960629921
21
-2.0124818503937005
0
LINE
8
BLACK
6
CONTINUOUS
10
3.928919960629921
20
-2.0124818503937005
11
3.9301983858267717
21
-2.0112034251968502
0
LINE
8
BLACK
6
CONTINUOUS
10
3.9301983858267717
20
-2.0112034251968502
11
3.9311023622047245
21
-2.0110236220472442
0
LINE
8
BLACK
6
CONTINUOUS
10
3.9311023622047245
20
-2.0110236220472442
11
4.0397637795275587
21
-2.0110236220472442
0
LINE
8
BLACK
6
CONTINUOUS
10
4.0397637795275587
20
-2.0110236220472442
11
4.0406677559055115
21
-2.0112034251968502
0
LINE
8
BLACK
6
CONTINUOUS
10
3.9334645669291337
20
-3.1200787401574801
11
3.9334645669291337
21
-3.2196850393700789
0
LINE
8
BLACK
6
CONTINUOUS
10
3.9334645669291337
20
-3.2196850393700789
11
4.0374015748031491
21
-3.2196850393700789
0
LINE
8
BLACK
6
CONTINUOUS
10
4.0374015748031491
20
-3.2196850393700789
11
4.0374015748031491
21
-3.1200787401574801
0
LINE
8
BLACK
6
CONTINUOUS
10
4.0374015748031491
20
-3.1200787401574801
11
3.9334645669291337
21
-3.1200787401574801
0
LINE
8
BLACK
6
CONTINUOUS
10
3.9365761023622046
20
-3.1153543307086613
11
4.0342900393700782
21
-3.1153543307086613
0
LINE
8
BLACK
6
CONTINUOUS
10
4.0342900393700782
20
-3.1153543307086613
11
3.9854330314960631
21
-3.0703917322834644
0
LINE
8
BLACK
6
CONTINUOUS
10
3.9854330314960631
20
-3.0703917322834644
11
3.9365761023622046
21
-3.1153543307086613
0
LINE
8
BLACK
6
CONTINUOUS
10
3.98834
20
-3.0677165354330707
11
4.0374015748031491
21
-3.1128674015748032
0
LINE
8
BLACK
6
CONTINUOUS
10
4.0374015748031491
20
-3.1128674015748032
11
4.0374015748031491
21
-3.0225656299212598
0
LINE
8
BLACK
6
CONTINUOUS
10
4.0374015748031491
20
-3.0225656299212598
11
3.98834
21
-3.0677165354330707
0
LINE
8
BLACK
6
CONTINUOUS
10
3.9334645669291337
20
-3.1128673622047245
11
3.9825261023622045
21
-3.0677165354330707
0
LINE
8
BLACK
6
CONTINUOUS
10
3.9825261023622045
20
-3.0677165354330707
11
3.9334645669291337
21
-3.0225656692913385
0
LINE
8
BLACK
6
CONTINUOUS
10
3.9334645669291337
20
-3.0225656692913385
11
3.9334645669291337
21
-3.1128673622047245
0
LINE
8
BLACK
6
CONTINUOUS
10
3.9365761023622046
20
-3.0200787401574805
11
3.9854330314960631
21
-3.0650412992125982
0
LINE
8
BLACK
6
CONTINUOUS
10
3.9854330314960631
20
-3.0650412992125982
11
4.0342900393700782
21
-3.0200787401574805
0
LINE
8
BLACK
6
CONTINUOUS
10
4.0342900393700782
20
-3.0200787401574805
11
3.9365761023622046
21
-3.0200787401574805
0
LINE
8
BLACK
6
CONTINUOUS
10
3.9334645669291337
20
-2.9200787401574804
11
3.9334645669291337
21
-3.0153543307086612
0
LINE
8
BLACK
6
CONTINUOUS
10
3.9334645669291337
20
-3.0153543307086612
11
4.0374015748031491
21
-3.0153543307086612
0
LINE
8
BLACK
6
CONTINUOUS
10
4.0374015748031491
20
-3.0153543307086612
11
4.0374015748031491
21
-2.9200787401574804
0
LINE
8
BLACK
6
CONTINUOUS
10
4.0374015748031491
20
-2.9200787401574804
11
3.9334645669291337
21
-2.9200787401574804
0
LINE
8
BLACK
6
CONTINUOUS
10
3.6972440944881888
20
-2.9531496062992124
11
3.6972440944881888
21
-2.9822834645669292
0
LINE
8
BLACK
6
CONTINUOUS
10
3.6972440944881888
20
-2.9822834645669292
11
3.9287401574803149
21
-2.9822834645669292
0
LINE
8
BLACK
6
CONTINUOUS
10
3.9287401574803149
20
-2.9822834645669292
11
3.9287401574803149
21
-2.9531496062992124
0
LINE
8
BLACK
6
CONTINUOUS
10
3.9287401574803149
20
-2.9531496062992124
11
3.6972440944881888
21
-2.9531496062992124
0
LINE
8
BLACK
6
CONTINUOUS
10
3.9365761023622046
20
-2.9153543307086616
11
4.0342900393700782
21
-2.9153543307086616
0
LINE
8
BLACK
6
CONTINUOUS
10
4.0342900393700782
20
-2.9153543307086616
11
3.9854330314960631
21
-2.8703917322834647
0
LINE
8
BLACK
6
CONTINUOUS
10
3.9854330314960631
20
-2.8703917322834647
11
3.9365761023622046
21
-2.9153543307086616
0
LINE
8
BLACK
6
CONTINUOUS
10
3.98834
20
-2.8677165354330709
11
4.0374015748031491
21
-2.9128674015748031
0
LINE
8
BLACK
6
CONTINUOUS
10
4.0374015748031491
20
-2.9128674015748031
11
4.0374015748031491
21
-2.8225656299212596
0
LINE
8
BLACK
6
CONTINUOUS
10
4.0374015748031491
20
-2.8225656299212596
11
3.98834
21
-2.8677165354330709
0
LINE
8
BLACK
6
CONTINUOUS
10
3.9334645669291337
20
-2.9128673622047243
11
3.9825261023622045
21
-2.8677165354330709
0
LINE
8
BLACK
6
CONTINUOUS
10
3.9825261023622045
20
-2.8677165354330709
11
3.9334645669291337
21
-2.8225656692913383
0
LINE
8
BLACK
6
CONTINUOUS
10
3.9334645669291337
20
-2.8225656692913383
11
3.9334645669291337
21
-2.9128673622047243
0
LINE
8
BLACK
6
CONTINUOUS
10
3.9365761023622046
20
-2.8200787401574803
11
3.9854330314960631
21
-2.8650412992125984
0
LINE
8
BLACK
6
CONTINUOUS
10
3.9854330314960631
20
-2.8650412992125984
11
4.0342900393700782
21
-2.8200787401574803
0
LINE
8
BLACK
6
CONTINUOUS
10
4.0342900393700782
20
-2.8200787401574803
11
3.9365761023622046
21
-2.8200787401574803
0
LINE
8
BLACK
6
CONTINUOUS
10
3.9334645669291337
20
-2.7200787401574802
11
3.9334645669291337
21
-2.8153543307086615
0
LINE
8
BLACK
6
CONTINUOUS
10
3.9334645669291337
20
-2.8153543307086615
11
4.0374015748031491
21
-2.8153543307086615
0
LINE
8
BLACK
6
CONTINUOUS
10
4.0374015748031491
20
-2.8153543307086615
11
4.0374015748031491
21
-2.7200787401574802
0
LINE
8
BLACK
6
CONTINUOUS
10
4.0374015748031491
20
-2.7200787401574802
11
3.9334645669291337
21
-2.7200787401574802
0
LINE
8
BLACK
6
CONTINUOUS
10
3.6972440944881888
20
-2.7531496062992127
11
3.6972440944881888
21
-2.782283464566929
0
LINE
8
BLACK
6
CONTINUOUS
10
3.6972440944881888
20
-2.782283464566929
11
3.9287401574803149
21
-2.782283464566929
0
LINE
8
BLACK
6
CONTINUOUS
10
3.9287401574803149
20
-2.782283464566929
11
3.9287401574803149
21
-2.7531496062992127
0
LINE
8
BLACK
6
CONTINUOUS
10
3.9287401574803149
20
-2.7531496062992127
11
3.6972440944881888
21
-2.7531496062992127
0
LINE
8
BLACK
6
CONTINUOUS
10
3.9334645669291337
20
-2.6200787401574801
11
3.9334645669291337
21
-2.7153543307086614
0
LINE
8
BLACK
6
CONTINUOUS
10
3.9334645669291337
20
-2.7153543307086614
11
4.0374015748031491
21
-2.7153543307086614
0
LINE
8
BLACK
6
CONTINUOUS
10
4.0374015748031491
20
-2.7153543307086614
11
4.0374015748031491
21
-2.6200787401574801
0
LINE
8
BLACK
6
CONTINUOUS
10
4.0374015748031491
20
-2.6200787401574801
11
3.9334645669291337
21
-2.6200787401574801
0
LINE
8
BLACK
6
CONTINUOUS
10
3.6972440944881888
20
-2.6531496062992126
11
3.6972440944881888
21
-2.6822834645669289
0
LINE
8
BLACK
6
CONTINUOUS
10
3.6972440944881888
20
-2.6822834645669289
11
3.9287401574803149
21
-2.6822834645669289
0
LINE
8
BLACK
6
CONTINUOUS
10
3.9287401574803149
20
-2.6822834645669289
11
3.9287401574803149
21
-2.6531496062992126
0
LINE
8
BLACK
6
CONTINUOUS
10
3.9287401574803149
20
-2.6531496062992126
11
3.6972440944881888
21
-2.6531496062992126
0
LINE
8
BLACK
6
CONTINUOUS
10
3.9334645669291337
20
-2.5200787401574805
11
3.9334645669291337
21
-2.6153543307086613
0
LINE
8
BLACK
6
CONTINUOUS
10
3.9334645669291337
20
-2.6153543307086613
11
4.0374015748031491
21
-2.6153543307086613
0
LINE
8
BLACK
6
CONTINUOUS
10
4.0374015748031491
20
-2.6153543307086613
11
4.0374015748031491
21
-2.5200787401574805
0
LINE
8
BLACK
6
CONTINUOUS
10
4.0374015748031491
20
-2.5200787401574805
11
3.9334645669291337
21
-2.5200787401574805
0
LINE
8
BLACK
6
CONTINUOUS
10
3.6972440944881888
20
-2.5531496062992125
11
3.6972440944881888
21
-2.5822834645669293
0
LINE
8
BLACK
6
CONTINUOUS
10
3.6972440944881888
20
-2.5822834645669293
11
3.9287401574803149
21
-2.5822834645669293
0
LINE
8
BLACK
6
CONTINUOUS
10
3.9287401574803149
20
-2.5822834645669293
11
3.9287401574803149
21
-2.5531496062992125
0
LINE
8
BLACK
6
CONTINUOUS
10
3.9287401574803149
20
-2.5531496062992125
11
3.6972440944881888
21
-2.5531496062992125
0
LINE
8
BLACK
6
CONTINUOUS
10
3.9334645669291337
20
-2.4200787401574804
11
3.9334645669291337
21
-2.5153543307086612
0
LINE
8
BLACK
6
CONTINUOUS
10
3.9334645669291337
20
-2.5153543307086612
11
4.0374015748031491
21
-2.5153543307086612
0
LINE
8
BLACK
6
CONTINUOUS
10
4.0374015748031491
20
-2.5153543307086612
11
4.0374015748031491
21
-2.4200787401574804
0
LINE
8
BLACK
6
CONTINUOUS
10
4.0374015748031491
20
-2.4200787401574804
11
3.9334645669291337
21
-2.4200787401574804
0
LINE
8
BLACK
6
CONTINUOUS
10
3.6972440944881888
20
-2.4531496062992124
11
3.6972440944881888
21
-2.4822834645669292
0
LINE
8
BLACK
6
CONTINUOUS
10
3.6972440944881888
20
-2.4822834645669292
11
3.9287401574803149
21
-2.4822834645669292
0
LINE
8
BLACK
6
CONTINUOUS
10
3.9287401574803149
20
-2.4822834645669292
11
3.9287401574803149
21
-2.4531496062992124
0
LINE
8
BLACK
6
CONTINUOUS
10
3.9287401574803149
20
-2.4531496062992124
11
3.6972440944881888
21
-2.4531496062992124
0
LINE
8
BLACK
6
CONTINUOUS
10
3.9334645669291337
20
-2.3200787401574803
11
3.9334645669291337
21
-2.4153543307086616
0
LINE
8
BLACK
6
CONTINUOUS
10
3.9334645669291337
20
-2.4153543307086616
11
4.0374015748031491
21
-2.4153543307086616
0
LINE
8
BLACK
6
CONTINUOUS
10
4.0374015748031491
20
-2.4153543307086616
11
4.0374015748031491
21
-2.3200787401574803
0
LINE
8
BLACK
6
CONTINUOUS
10
4.0374015748031491
20
-2.3200787401574803
11
3.9334645669291337
21
-2.3200787401574803
0
LINE
8
BLACK
6
CONTINUOUS
10
3.6972440944881888
20
-2.3531496062992123
11
3.6972440944881888
21
-2.3822834645669291
0
LINE
8
BLACK
6
CONTINUOUS
10
3.6972440944881888
20
-2.3822834645669291
11
3.9287401574803149
21
-2.3822834645669291
0
LINE
8
BLACK
6
CONTINUOUS
10
3.9287401574803149
20
-2.3822834645669291
11
3.9287401574803149
21
-2.3531496062992123
0
LINE
8
BLACK
6
CONTINUOUS
10
3.9287401574803149
20
-2.3531496062992123
11
3.6972440944881888
21
-2.3531496062992123
0
LINE
8
BLACK
6
CONTINUOUS
10
3.9365761023622046
20
-2.3153543307086615
11
4.0343038188976381
21
-2.3153543307086615
0
LINE
8
BLACK
6
CONTINUOUS
10
4.0343038188976381
20
-2.3153543307086615
11
3.9855216141732281
21
-2.2703102362204723
0
LINE
8
BLACK
6
CONTINUOUS
10
3.9855216141732281
20
-2.2703102362204723
11
3.9365761023622046
21
-2.3153543307086615
0
LINE
8
BLACK
6
CONTINUOUS
10
3.9334645669291337
20
-2.3128673622047242
11
3.9826195275590552
21
-2.2676305118110234
0
LINE
8
BLACK
6
CONTINUOUS
10
3.9826195275590552
20
-2.2676305118110234
11
3.9334645669291337
21
-2.2222421653543307
0
LINE
8
BLACK
6
CONTINUOUS
10
3.9334645669291337
20
-2.2222421653543307
11
3.9334645669291337
21
-2.3128673622047242
0
LINE
8
BLACK
6
CONTINUOUS
10
3.988428188976378
20
-2.2676353543307086
11
4.0374015748031491
21
-2.3128559448818895
0
LINE
8
BLACK
6
CONTINUOUS
10
4.0374015748031491
20
-2.3128559448818895
11
4.0374015748031491
21
-2.2225656299212599
0
LINE
8
BLACK
6
CONTINUOUS
10
4.0374015748031491
20
-2.2225656299212599
11
3.988428188976378
21
-2.2676353543307086
0
LINE
8
BLACK
6
CONTINUOUS
10
3.936925
20
-2.2200787401574802
11
3.9855261023622046
21
-2.2649556299212596
0
LINE
8
BLACK
6
CONTINUOUS
10
3.9855261023622046
20
-2.2649556299212596
11
4.0342900393700782
21
-2.2200787401574802
0
LINE
8
BLACK
6
CONTINUOUS
10
4.0342900393700782
20
-2.2200787401574802
11
3.936925
21
-2.2200787401574802
0
LINE
8
BLACK
6
CONTINUOUS
10
3.9334645669291337
20
-2.1200787401574801
11
3.9334645669291337
21
-2.2153543307086614
0
LINE
8
BLACK
6
CONTINUOUS
10
3.9334645669291337
20
-2.2153543307086614
11
4.0374015748031491
21
-2.2153543307086614
0
LINE
8
BLACK
6
CONTINUOUS
10
4.0374015748031491
20
-2.2153543307086614
11
4.0374015748031491
21
-2.1200787401574801
0
LINE
8
BLACK
6
CONTINUOUS
10
4.0374015748031491
20
-2.1200787401574801
11
3.9334645669291337
21
-2.1200787401574801
0
LINE
8
BLACK
6
CONTINUOUS
10
3.6972440944881888
20
-2.1531496062992126
11
3.6972440944881888
21
-2.1822834645669289
0
LINE
8
BLACK
6
CONTINUOUS
10
3.6972440944881888
20
-2.1822834645669289
11
3.9287401574803149
21
-2.1822834645669289
0
LINE
8
BLACK
6
CONTINUOUS
10
3.9287401574803149
20
-2.1822834645669289
11
3.9287401574803149
21
-2.1531496062992126
0
LINE
8
BLACK
6
CONTINUOUS
10
3.9287401574803149
20
-2.1531496062992126
11
3.6972440944881888
21
-2.1531496062992126
0
LINE
8
BLACK
6
CONTINUOUS
10
3.9334645669291337
20
-2.015748031496063
11
3.9334645669291337
21
-2.1153543307086613
0
LINE
8
BLACK
6
CONTINUOUS
10
3.9334645669291337
20
-2.1153543307086613
11
4.0374015748031491
21
-2.1153543307086613
0
LINE
8
BLACK
6
CONTINUOUS
10
4.0374015748031491
20
-2.1153543307086613
11
4.0374015748031491
21
-2.015748031496063
0
LINE
8
BLACK
6
CONTINUOUS
10
4.0374015748031491
20
-2.015748031496063
11
3.9334645669291337
21
-2.015748031496063
0
LINE
8
BLACK
6
CONTINUOUS
10
3.6972440944881888
20
-2.0531496062992125
11
3.6972440944881888
21
-2.0822834645669293
0
LINE
8
BLACK
6
CONTINUOUS
10
3.6972440944881888
20
-2.0822834645669293
11
3.9287401574803149
21
-2.0822834645669293
0
LINE
8
BLACK
6
CONTINUOUS
10
3.9287401574803149
20
-2.0822834645669293
11
3.9287401574803149
21
-2.0531496062992125
0
LINE
8
BLACK
6
CONTINUOUS
10
3.9287401574803149
20
-2.0531496062992125
11
3.6972440944881888
21
-2.0531496062992125
0
LINE
8
BLACK
6
CONTINUOUS
10
4.1466705905511807
20
-3.1668125590551179
11
4.1468503937007872
21
-3.1677165354330707
0
LINE
8
BLACK
6
CONTINUOUS
10
4.1468503937007872
20
-3.1677165354330707
11
4.1468503937007872
21
-3.217716535433071
0
LINE
8
BLACK
6
CONTINUOUS
10
4.1468503937007872
20
-3.217716535433071
11
4.1466705905511807
21
-3.2186205118110234
0
LINE
8
BLACK
6
CONTINUOUS
10
4.1466705905511807
20
-3.2186205118110234
11
4.1453921653543304
21
-3.2198989370078741
0
LINE
8
BLACK
6
CONTINUOUS
10
4.1453921653543304
20
-3.2198989370078741
11
4.1444881889763776
21
-3.2200787401574802
0
LINE
8
BLACK
6
CONTINUOUS
10
4.1444881889763776
20
-3.2200787401574802
11
4.0944881889763778
21
-3.2200787401574802
0
LINE
8
BLACK
6
CONTINUOUS
10
4.0944881889763778
20
-3.2200787401574802
11
4.093584212598425
21
-3.2198989370078741
0
LINE
8
BLACK
6
CONTINUOUS
10
4.093584212598425
20
-3.2198989370078741
11
4.0923057874015747
21
-3.2186205118110234
0
LINE
8
BLACK
6
CONTINUOUS
10
4.0923057874015747
20
-3.2186205118110234
11
4.0923057874015747
21
-3.2168125590551182
0
LINE
8
BLACK
6
CONTINUOUS
10
4.0923057874015747
20
-3.2168125590551182
11
4.093584212598425
21
-3.2155341338582675
0
LINE
8
BLACK
6
CONTINUOUS
10
4.093584212598425
20
-3.2155341338582675
11
4.0944881889763778
21
-3.2153543307086614
0
LINE
8
BLACK
6
CONTINUOUS
10
4.0944881889763778
20
-3.2153543307086614
11
4.142125984251968
21
-3.2153543307086614
0
LINE
8
BLACK
6
CONTINUOUS
10
4.142125984251968
20
-3.2153543307086614
11
4.142125984251968
21
-3.1677165354330707
0
LINE
8
BLACK
6
CONTINUOUS
10
4.142125984251968
20
-3.1677165354330707
11
4.1423057874015745
21
-3.1668125590551179
0
LINE
8
BLACK
6
CONTINUOUS
10
4.1423057874015745
20
-3.1668125590551179
11
4.1435842125984248
21
-3.1655341338582677
0
LINE
8
BLACK
6
CONTINUOUS
10
4.1435842125984248
20
-3.1655341338582677
11
4.1453921653543304
21
-3.1655341338582677
0
LINE
8
BLACK
6
CONTINUOUS
10
4.1453921653543304
20
-3.1655341338582677
11
4.1466705905511807
21
-3.1668125590551179
0
LINE
8
BLACK
6
CONTINUOUS
10
5.8525809842519685
20
-3.1359981496062992
11
5.8536672047244096
21
-3.1370843700787403
0
LINE
8
BLACK
6
CONTINUOUS
10
5.8536672047244096
20
-3.1370843700787403
11
5.8542550787401577
21
-3.1385035826771652
0
LINE
8
BLACK
6
CONTINUOUS
10
5.8542550787401577
20
-3.1385035826771652
11
5.8542550787401577
21
-3.1400397244094487
0
LINE
8
BLACK
6
CONTINUOUS
10
5.8542550787401577
20
-3.1400397244094487
11
5.8536672047244096
21
-3.141458937007874
0
LINE
8
BLACK
6
CONTINUOUS
10
5.8536672047244096
20
-3.141458937007874
11
5.8525809842519685
21
-3.1425451574803147
0
LINE
8
BLACK
6
CONTINUOUS
10
5.8525809842519685
20
-3.1425451574803147
11
5.8511617716535431
21
-3.1431330314960628
0
LINE
8
BLACK
6
CONTINUOUS
10
5.8511617716535431
20
-3.1431330314960628
11
5.8496256299212597
21
-3.1431330314960628
0
LINE
8
BLACK
6
CONTINUOUS
10
5.8496256299212597
20
-3.1431330314960628
11
5.8482064173228343
21
-3.1425451574803147
0
LINE
8
BLACK
6
CONTINUOUS
10
5.8482064173228343
20
-3.1425451574803147
11
5.8471201968503932
21
-3.141458937007874
0
LINE
8
BLACK
6
CONTINUOUS
10
5.8471201968503932
20
-3.141458937007874
11
5.846532322834646
21
-3.1400397244094487
0
LINE
8
BLACK
6
CONTINUOUS
10
5.846532322834646
20
-3.1400397244094487
11
5.846532322834646
21
-3.1385035826771652
0
LINE
8
BLACK
6
CONTINUOUS
10
5.846532322834646
20
-3.1385035826771652
11
5.8471201968503932
21
-3.1370843700787403
0
LINE
8
BLACK
6
CONTINUOUS
10
5.8471201968503932
20
-3.1370843700787403
11
5.8482064173228343
21
-3.1359981496062992
0
LINE
8
BLACK
6
CONTINUOUS
10
5.8482064173228343
20
-3.1359981496062992
11
5.8496256299212597
21
-3.1354102755905511
0
LINE
8
BLACK
6
CONTINUOUS
10
5.8496256299212597
20
-3.1354102755905511
11
5.8511617716535431
21
-3.1354102755905511
0
LINE
8
BLACK
6
CONTINUOUS
10
5.8511617716535431
20
-3.1354102755905511
11
5.8525809842519685
21
-3.1359981496062992
0
LINE
8
BLACK
6
CONTINUOUS
10
5.7633103149606297
20
-3.1269514566929133
11
5.76458874015748
21
-3.1282298818897636
0
LINE
8
BLACK
6
CONTINUOUS
10
5.76458874015748
20
-3.1282298818897636
11
5.76458874015748
21
-3.1300378346456692
0
LINE
8
BLACK
6
CONTINUOUS
10
5.76458874015748
20
-3.1300378346456692
11
5.7633103149606297
21
-3.1313162598425195
0
LINE
8
BLACK
6
CONTINUOUS
10
5.7633103149606297
20
-3.1313162598425195
11
5.7624063385826769
21
-3.131496062992126
0
LINE
8
BLACK
6
CONTINUOUS
10
5.7624063385826769
20
-3.131496062992126
11
5.7492078346456692
21
-3.131496062992126
0
LINE
8
BLACK
6
CONTINUOUS
10
5.7492078346456692
20
-3.131496062992126
11
5.7483038582677164
21
-3.1313162598425195
0
LINE
8
BLACK
6
CONTINUOUS
10
5.7483038582677164
20
-3.1313162598425195
11
5.7470254330708661
21
-3.1300378346456692
0
LINE
8
BLACK
6
CONTINUOUS
10
5.7470254330708661
20
-3.1300378346456692
11
5.7470254330708661
21
-3.1282298818897636
0
LINE
8
BLACK
6
CONTINUOUS
10
5.7470254330708661
20
-3.1282298818897636
11
5.7483038582677164
21
-3.1269514566929133
0
LINE
8
BLACK
6
CONTINUOUS
10
5.7483038582677164
20
-3.1269514566929133
11
5.7492078346456692
21
-3.1267716535433072
0
LINE
8
BLACK
6
CONTINUOUS
10
5.7492078346456692
20
-3.1267716535433072
11
5.7624063385826769
21
-3.1267716535433072
0
LINE
8
BLACK
6
CONTINUOUS
10
5.7624063385826769
20
-3.1267716535433072
11
5.7633103149606297
21
-3.1269514566929133
0
LINE
8
BLACK
6
CONTINUOUS
10
5.8054645669291336
20
-3.0930872834645671
11
5.8055075984251969
21
-3.0930809055118109
0
LINE
8
BLACK
6
CONTINUOUS
10
5.8055075984251969
20
-3.0930809055118109
11
5.8057230708661418
21
-3.0931127559055116
0
LINE
8
BLACK
6
CONTINUOUS
10
5.8057230708661418
20
-3.0931127559055116
11
5.8059401181102359
21
-3.0931341338582676
0
LINE
8
BLACK
6
CONTINUOUS
10
5.8059401181102359
20
-3.0931341338582676
11
5.8059803149606299
21
-3.0931507480314959
0
LINE
8
BLACK
6
CONTINUOUS
10
5.8059803149606299
20
-3.0931507480314959
11
5.8060801968503934
21
-3.0931655511811025
0
LINE
8
BLACK
6
CONTINUOUS
10
5.8060801968503934
20
-3.0931655511811025
11
5.8135792519685037
21
-3.09504031496063
0
LINE
8
BLACK
6
CONTINUOUS
10
5.8135792519685037
20
-3.09504031496063
11
5.8136217322834645
21
-3.0950554724409449
0
LINE
8
BLACK
6
CONTINUOUS
10
5.8136217322834645
20
-3.0950554724409449
11
5.8136429921259838
21
-3.0950570078740158
0
LINE
8
BLACK
6
CONTINUOUS
10
5.8136429921259838
20
-3.0950570078740158
11
5.8138824015748032
21
-3.0951486220472439
0
LINE
8
BLACK
6
CONTINUOUS
10
5.8138824015748032
20
-3.0951486220472439
11
5.8141243700787397
21
-3.0952350787401572
0
LINE
8
BLACK
6
CONTINUOUS
10
5.8141243700787397
20
-3.0952350787401572
11
5.8141414960629918
21
-3.0952477559055116
0
LINE
8
BLACK
6
CONTINUOUS
10
5.8141414960629918
20
-3.0952477559055116
11
5.8141836220472438
21
-3.0952638976377953
0
LINE
8
BLACK
6
CONTINUOUS
10
5.8141836220472438
20
-3.0952638976377953
11
5.8179331496062989
21
-3.0971386614173229
0
LINE
8
BLACK
6
CONTINUOUS
10
5.8179331496062989
20
-3.0971386614173229
11
5.8181810236220475
21
-3.0972946850393699
0
LINE
8
BLACK
6
CONTINUOUS
10
5.8181810236220475
20
-3.0972946850393699
11
5.8182530708661417
21
-3.0973245275590551
0
LINE
8
BLACK
6
CONTINUOUS
10
5.8182530708661417
20
-3.0973245275590551
11
5.8183340944881889
21
-3.097391023622047
0
LINE
8
BLACK
6
CONTINUOUS
10
5.8183340944881889
20
-3.097391023622047
11
5.8184230314960628
21
-3.0974470078740155
0
LINE
8
BLACK
6
CONTINUOUS
10
5.8184230314960628
20
-3.0974470078740155
11
5.8184741732283465
21
-3.0975059842519683
0
LINE
8
BLACK
6
CONTINUOUS
10
5.8184741732283465
20
-3.0975059842519683
11
5.8187005511811023
21
-3.097691771653543
0
LINE
8
BLACK
6
CONTINUOUS
10
5.8187005511811023
20
-3.097691771653543
11
5.8224501181102362
21
-3.1014412992125981
0
LINE
8
BLACK
6
CONTINUOUS
10
5.8224501181102362
20
-3.1014412992125981
11
5.8228173622047246
21
-3.1018887401574804
0
LINE
8
BLACK
6
CONTINUOUS
10
5.8228173622047246
20
-3.1018887401574804
11
5.8228579527559052
21
-3.1019867716535434
0
LINE
8
BLACK
6
CONTINUOUS
10
5.8228579527559052
20
-3.1019867716535434
11
5.8229274409448815
21
-3.1020668897637793
0
LINE
8
BLACK
6
CONTINUOUS
10
5.8229274409448815
20
-3.1020668897637793
11
5.8231634251968503
21
-3.102595472440945
0
LINE
8
BLACK
6
CONTINUOUS
10
5.8231634251968503
20
-3.102595472440945
11
5.8250381889763778
21
-3.1082197244094489
0
LINE
8
BLACK
6
CONTINUOUS
10
5.8250381889763778
20
-3.1082197244094489
11
5.8251031102362205
21
-3.1085053543307084
0
LINE
8
BLACK
6
CONTINUOUS
10
5.8251031102362205
20
-3.1085053543307084
11
5.825132992125984
21
-3.1085774409448819
0
LINE
8
BLACK
6
CONTINUOUS
10
5.825132992125984
20
-3.1085774409448819
11
5.8251432677165349
21
-3.1086818897637793
0
LINE
8
BLACK
6
CONTINUOUS
10
5.8251432677165349
20
-3.1086818897637793
11
5.8251665354330706
21
-3.1087841732283463
0
LINE
8
BLACK
6
CONTINUOUS
10
5.8251665354330706
20
-3.1087841732283463
11
5.8251609842519683
21
-3.1088618897637796
0
LINE
8
BLACK
6
CONTINUOUS
10
5.8251609842519683
20
-3.1088618897637796
11
5.8251897244094488
21
-3.1091535039370077
0
LINE
8
BLACK
6
CONTINUOUS
10
5.8251897244094488
20
-3.1091535039370077
11
5.8251897244094488
21
-3.1185273228346455
0
LINE
8
BLACK
6
CONTINUOUS
10
5.8251897244094488
20
-3.1185273228346455
11
5.825132992125984
21
-3.1191033858267714
0
LINE
8
BLACK
6
CONTINUOUS
10
5.825132992125984
20
-3.1191033858267714
11
5.8246920866141734
21
-3.1201677952755906
0
LINE
8
BLACK
6
CONTINUOUS
10
5.8246920866141734
20
-3.1201677952755906
11
5.8238774409448819
21
-3.1209824409448816
0
LINE
8
BLACK
6
CONTINUOUS
10
5.8238774409448819
20
-3.1209824409448816
11
5.8228130314960627
21
-3.1214233464566927
0
LINE
8
BLACK
6
CONTINUOUS
10
5.8228130314960627
20
-3.1214233464566927
11
5.8222369685039368
21
-3.1214800787401575
0
LINE
8
BLACK
6
CONTINUOUS
10
5.8222369685039368
20
-3.1214800787401575
11
5.7828668897637794
21
-3.1214800787401575
0
LINE
8
BLACK
6
CONTINUOUS
10
5.7828668897637794
20
-3.1214800787401575
11
5.7822908267716535
21
-3.1214233464566927
0
LINE
8
BLACK
6
CONTINUOUS
10
5.7822908267716535
20
-3.1214233464566927
11
5.7812264173228343
21
-3.1209824409448816
0
LINE
8
BLACK
6
CONTINUOUS
10
5.7812264173228343
20
-3.1209824409448816
11
5.7804117716535428
21
-3.1201677952755906
0
LINE
8
BLACK
6
CONTINUOUS
10
5.7804117716535428
20
-3.1201677952755906
11
5.7799708661417322
21
-3.1191033858267714
0
LINE
8
BLACK
6
CONTINUOUS
10
5.7799708661417322
20
-3.1191033858267714
11
5.7799141338582674
21
-3.1185273228346455
0
LINE
8
BLACK
6
CONTINUOUS
10
5.7799141338582674
20
-3.1185273228346455
11
5.7799141338582674
21
-3.1091535039370077
0
LINE
8
BLACK
6
CONTINUOUS
10
5.7799141338582674
20
-3.1091535039370077
11
5.7799428346456692
21
-3.1088619291338584
0
LINE
8
BLACK
6
CONTINUOUS
10
5.7799428346456692
20
-3.1088619291338584
11
5.7799373228346456
21
-3.1087842125984251
0
LINE
8
BLACK
6
CONTINUOUS
10
5.7799373228346456
20
-3.1087842125984251
11
5.7799605511811025
21
-3.1086819291338581
0
LINE
8
BLACK
6
CONTINUOUS
10
5.7799605511811025
20
-3.1086819291338581
11
5.7799708661417322
21
-3.1085774409448819
0
LINE
8
BLACK
6
CONTINUOUS
10
5.7799708661417322
20
-3.1085774409448819
11
5.7800007086614169
21
-3.1085053149606297
0
LINE
8
BLACK
6
CONTINUOUS
10
5.7800007086614169
20
-3.1085053149606297
11
5.7800656692913384
21
-3.1082197637795277
0
LINE
8
BLACK
6
CONTINUOUS
10
5.7800656692913384
20
-3.1082197637795277
11
5.7819404330708659
21
-3.102595472440945
0
LINE
8
BLACK
6
CONTINUOUS
10
5.7819404330708659
20
-3.102595472440945
11
5.7821764173228347
21
-3.1020669291338581
0
LINE
8
BLACK
6
CONTINUOUS
10
5.7821764173228347
20
-3.1020669291338581
11
5.7822459055118109
21
-3.1019867716535434
0
LINE
8
BLACK
6
CONTINUOUS
10
5.7822459055118109
20
-3.1019867716535434
11
5.7822865354330704
21
-3.1018887401574804
0
LINE
8
BLACK
6
CONTINUOUS
10
5.7822865354330704
20
-3.1018887401574804
11
5.78265374015748
21
-3.1014412992125981
0
LINE
8
BLACK
6
CONTINUOUS
10
5.78265374015748
20
-3.1014412992125981
11
5.7864032677165351
21
-3.097691771653543
0
LINE
8
BLACK
6
CONTINUOUS
10
5.7864032677165351
20
-3.097691771653543
11
5.7866296456692909
21
-3.0975059055118108
0
LINE
8
BLACK
6
CONTINUOUS
10
5.7866296456692909
20
-3.0975059055118108
11
5.7866807874015747
21
-3.0974470078740155
0
LINE
8
BLACK
6
CONTINUOUS
10
5.7866807874015747
20
-3.0974470078740155
11
5.7867695275590547
21
-3.0973911023622045
0
LINE
8
BLACK
6
CONTINUOUS
10
5.7867695275590547
20
-3.0973911023622045
11
5.7868507086614169
21
-3.0973245275590551
0
LINE
8
BLACK
6
CONTINUOUS
10
5.7868507086614169
20
-3.0973245275590551
11
5.7869228346456696
21
-3.0972946456692911
0
LINE
8
BLACK
6
CONTINUOUS
10
5.7869228346456696
20
-3.0972946456692911
11
5.7871706692913385
21
-3.0971386614173229
0
LINE
8
BLACK
6
CONTINUOUS
10
5.7871706692913385
20
-3.0971386614173229
11
5.7909201968503936
21
-3.0952638976377953
0
LINE
8
BLACK
6
CONTINUOUS
10
5.7909201968503936
20
-3.0952638976377953
11
5.7909622834645669
21
-3.0952477559055116
0
LINE
8
BLACK
6
CONTINUOUS
10
5.7909622834645669
20
-3.0952477559055116
11
5.7909794488188977
21
-3.0952350787401572
0
LINE
8
BLACK
6
CONTINUOUS
10
5.7909794488188977
20
-3.0952350787401572
11
5.7912210236220467
21
-3.0951487401574802
0
LINE
8
BLACK
6
CONTINUOUS
10
5.7912210236220467
20
-3.0951487401574802
11
5.7914607874015749
21
-3.0950570078740158
0
LINE
8
BLACK
6
CONTINUOUS
10
5.7914607874015749
20
-3.0950570078740158
11
5.7914820472440942
21
-3.0950554724409449
0
LINE
8
BLACK
6
CONTINUOUS
10
5.7914820472440942
20
-3.0950554724409449
11
5.7915245669291338
21
-3.09504031496063
0
LINE
8
BLACK
6
CONTINUOUS
10
5.7915245669291338
20
-3.09504031496063
11
5.799023622047244
21
-3.0931655511811025
0
LINE
8
BLACK
6
CONTINUOUS
10
5.799023622047244
20
-3.0931655511811025
11
5.7991234645669287
21
-3.0931507480314959
0
LINE
8
BLACK
6
CONTINUOUS
10
5.7991234645669287
20
-3.0931507480314959
11
5.7991637007874015
21
-3.0931341338582676
0
LINE
8
BLACK
6
CONTINUOUS
10
5.7991637007874015
20
-3.0931341338582676
11
5.7993807086614169
21
-3.0931127559055116
0
LINE
8
BLACK
6
CONTINUOUS
10
5.7993807086614169
20
-3.0931127559055116
11
5.7995962204724405
21
-3.0930809055118109
0
LINE
8
BLACK
6
CONTINUOUS
10
5.7995962204724405
20
-3.0930809055118109
11
5.7996392125984251
21
-3.0930872834645671
0
LINE
8
BLACK
6
CONTINUOUS
10
5.7996392125984251
20
-3.0930872834645671
11
5.7997397637795274
21
-3.0930774015748033
0
LINE
8
BLACK
6
CONTINUOUS
10
5.7997397637795274
20
-3.0930774015748033
11
5.80536405511811
21
-3.0930774015748033
0
LINE
8
BLACK
6
CONTINUOUS
10
5.80536405511811
20
-3.0930774015748033
11
5.8054645669291336
21
-3.0930872834645671
0
LINE
8
BLACK
6
CONTINUOUS
10
5.7932712598425198
20
-3.100690905511811
11
5.7902402755905511
21
-3.1022064173228348
0
LINE
8
BLACK
6
CONTINUOUS
10
5.7902402755905511
20
-3.1022064173228348
11
5.787322440944882
21
-3.1051242125984251
0
LINE
8
BLACK
6
CONTINUOUS
10
5.787322440944882
20
-3.1051242125984251
11
5.7858196456692914
21
-3.1096326377952757
0
LINE
8
BLACK
6
CONTINUOUS
10
5.7858196456692914
20
-3.1096326377952757
11
5.7858196456692914
21
-3.1155745669291339
0
LINE
8
BLACK
6
CONTINUOUS
10
5.7858196456692914
20
-3.1155745669291339
11
5.8192842125984248
21
-3.1155745669291339
0
LINE
8
BLACK
6
CONTINUOUS
10
5.8192842125984248
20
-3.1155745669291339
11
5.8192842125984248
21
-3.1096326377952757
0
LINE
8
BLACK
6
CONTINUOUS
10
5.8192842125984248
20
-3.1096326377952757
11
5.8177814173228342
21
-3.1051242519685038
0
LINE
8
BLACK
6
CONTINUOUS
10
5.8177814173228342
20
-3.1051242519685038
11
5.8148635433070863
21
-3.1022064173228348
0
LINE
8
BLACK
6
CONTINUOUS
10
5.8148635433070863
20
-3.1022064173228348
11
5.8118325590551176
21
-3.100690905511811
0
LINE
8
BLACK
6
CONTINUOUS
10
5.8118325590551176
20
-3.100690905511811
11
5.8050005118110235
21
-3.0989829133858269
0
LINE
8
BLACK
6
CONTINUOUS
10
5.8050005118110235
20
-3.0989829133858269
11
5.8001033070866139
21
-3.0989829133858269
0
LINE
8
BLACK
6
CONTINUOUS
10
5.8001033070866139
20
-3.0989829133858269
11
5.7932712598425198
21
-3.100690905511811
0
LINE
8
BLACK
6
CONTINUOUS
10
5.7633103149606297
20
-3.0970301968503935
11
5.76458874015748
21
-3.0983086220472442
0
LINE
8
BLACK
6
CONTINUOUS
10
5.76458874015748
20
-3.0983086220472442
11
5.76458874015748
21
-3.1001165748031494
0
LINE
8
BLACK
6
CONTINUOUS
10
5.76458874015748
20
-3.1001165748031494
11
5.7633103149606297
21
-3.1013950000000001
0
LINE
8
BLACK
6
CONTINUOUS
10
5.7633103149606297
20
-3.1013950000000001
11
5.7624063385826769
21
-3.1015748031496062
0
LINE
8
BLACK
6
CONTINUOUS
10
5.7624063385826769
20
-3.1015748031496062
11
5.7492078346456692
21
-3.1015748031496062
0
LINE
8
BLACK
6
CONTINUOUS
10
5.7492078346456692
20
-3.1015748031496062
11
5.7483038582677164
21
-3.1013950000000001
0
LINE
8
BLACK
6
CONTINUOUS
10
5.7483038582677164
20
-3.1013950000000001
11
5.7470254330708661
21
-3.1001165748031494
0
LINE
8
BLACK
6
CONTINUOUS
10
5.7470254330708661
20
-3.1001165748031494
11
5.7470254330708661
21
-3.0983086220472442
0
LINE
8
BLACK
6
CONTINUOUS
10
5.7470254330708661
20
-3.0983086220472442
11
5.7483038582677164
21
-3.0970301968503935
0
LINE
8
BLACK
6
CONTINUOUS
10
5.7483038582677164
20
-3.0970301968503935
11
5.7492078346456692
21
-3.0968503937007874
0
LINE
8
BLACK
6
CONTINUOUS
10
5.7492078346456692
20
-3.0968503937007874
11
5.7624063385826769
21
-3.0968503937007874
0
LINE
8
BLACK
6
CONTINUOUS
10
5.7624063385826769
20
-3.0968503937007874
11
5.7633103149606297
21
-3.0970301968503935
0
LINE
8
BLACK
6
CONTINUOUS
10
5.7423224015748033
20
-3.0437503937007873
11
5.7424203937007876
21
-3.0437909842519684
0
LINE
8
BLACK
6
CONTINUOUS
10
5.7424203937007876
20
-3.0437909842519684
11
5.742526220472441
21
-3.0437985039370079
0
LINE
8
BLACK
6
CONTINUOUS
10
5.742526220472441
20
-3.0437985039370079
11
5.743066850393701
21
-3.0440053937007874
0
LINE
8
BLACK
6
CONTINUOUS
10
5.743066850393701
20
-3.0440053937007874
11
5.7468163779527561
21
-3.0458801574803149
0
LINE
8
BLACK
6
CONTINUOUS
10
5.7468163779527561
20
-3.0458801574803149
11
5.74706437007874
21
-3.0460362204724407
0
LINE
8
BLACK
6
CONTINUOUS
10
5.74706437007874
20
-3.0460362204724407
11
5.7471363385826768
21
-3.0460660629921259
0
LINE
8
BLACK
6
CONTINUOUS
10
5.7471363385826768
20
-3.0460660629921259
11
5.7472172834645665
21
-3.0461325196850395
0
LINE
8
BLACK
6
CONTINUOUS
10
5.7472172834645665
20
-3.0461325196850395
11
5.74730625984252
21
-3.046188503937008
0
LINE
8
BLACK
6
CONTINUOUS
10
5.74730625984252
20
-3.046188503937008
11
5.7473574015748028
21
-3.0462474803149604
0
LINE
8
BLACK
6
CONTINUOUS
10
5.7473574015748028
20
-3.0462474803149604
11
5.7475837795275586
21
-3.0464332677165356
0
LINE
8
BLACK
6
CONTINUOUS
10
5.7475837795275586
20
-3.0464332677165356
11
5.7494585433070862
21
-3.0483080314960631
0
LINE
8
BLACK
6
CONTINUOUS
10
5.7494585433070862
20
-3.0483080314960631
11
5.7496442913385826
21
-3.0485343700787402
0
LINE
8
BLACK
6
CONTINUOUS
10
5.7496442913385826
20
-3.0485343700787402
11
5.7497033070866141
21
-3.0485855511811022
0
LINE
8
BLACK
6
CONTINUOUS
10
5.7497033070866141
20
-3.0485855511811022
11
5.7497592519685039
21
-3.0486744881889765
0
LINE
8
BLACK
6
CONTINUOUS
10
5.7497592519685039
20
-3.0486744881889765
11
5.7498257480314958
21
-3.0487554724409449
0
LINE
8
BLACK
6
CONTINUOUS
10
5.7498257480314958
20
-3.0487554724409449
11
5.7498555511811018
21
-3.0488274015748029
0
LINE
8
BLACK
6
CONTINUOUS
10
5.7498555511811018
20
-3.0488274015748029
11
5.7500116535433072
21
-3.049075433070866
0
LINE
8
BLACK
6
CONTINUOUS
10
5.7500116535433072
20
-3.049075433070866
11
5.7518864173228348
21
-3.0528249606299211
0
LINE
8
BLACK
6
CONTINUOUS
10
5.7518864173228348
20
-3.0528249606299211
11
5.7520933070866143
21
-3.0533655511811024
0
LINE
8
BLACK
6
CONTINUOUS
10
5.7520933070866143
20
-3.0533655511811024
11
5.7521008267716534
21
-3.0534714173228346
0
LINE
8
BLACK
6
CONTINUOUS
10
5.7521008267716534
20
-3.0534714173228346
11
5.7521414173228349
21
-3.0535694094488188
0
LINE
8
BLACK
6
CONTINUOUS
10
5.7521414173228349
20
-3.0535694094488188
11
5.7521981496062988
21
-3.0541454724409447
0
LINE
8
BLACK
6
CONTINUOUS
10
5.7521981496062988
20
-3.0541454724409447
11
5.7521981496062988
21
-3.0597697637795274
0
LINE
8
BLACK
6
CONTINUOUS
10
5.7521981496062988
20
-3.0597697637795274
11
5.7521414173228349
21
-3.0603458267716537
0
LINE
8
BLACK
6
CONTINUOUS
10
5.7521414173228349
20
-3.0603458267716537
11
5.7521008267716534
21
-3.0604437795275592
0
LINE
8
BLACK
6
CONTINUOUS
10
5.7521008267716534
20
-3.0604437795275592
11
5.7520933070866143
21
-3.0605496850393701
0
LINE
8
BLACK
6
CONTINUOUS
10
5.7520933070866143
20
-3.0605496850393701
11
5.7518864173228348
21
-3.0610902755905509
0
LINE
8
BLACK
6
CONTINUOUS
10
5.7518864173228348
20
-3.0610902755905509
11
5.7500116535433072
21
-3.064839803149606
0
LINE
8
BLACK
6
CONTINUOUS
10
5.7500116535433072
20
-3.064839803149606
11
5.7498555511811018
21
-3.0650877952755904
0
LINE
8
BLACK
6
CONTINUOUS
10
5.7498555511811018
20
-3.0650877952755904
11
5.7498257480314958
21
-3.0651597637795276
0
LINE
8
BLACK
6
CONTINUOUS
10
5.7498257480314958
20
-3.0651597637795276
11
5.7497592519685039
21
-3.0652407086614173
0
LINE
8
BLACK
6
CONTINUOUS
10
5.7497592519685039
20
-3.0652407086614173
11
5.7497033070866141
21
-3.0653296850393699
0
LINE
8
BLACK
6
CONTINUOUS
10
5.7497033070866141
20
-3.0653296850393699
11
5.7496442913385826
21
-3.0653808267716536
0
LINE
8
BLACK
6
CONTINUOUS
10
5.7496442913385826
20
-3.0653808267716536
11
5.7494585433070862
21
-3.0656072047244094
0
LINE
8
BLACK
6
CONTINUOUS
10
5.7494585433070862
20
-3.0656072047244094
11
5.7475837795275586
21
-3.067481968503937
0
LINE
8
BLACK
6
CONTINUOUS
10
5.7475837795275586
20
-3.067481968503937
11
5.7473574015748028
21
-3.0676677165354329
0
LINE
8
BLACK
6
CONTINUOUS
10
5.7473574015748028
20
-3.0676677165354329
11
5.74730625984252
21
-3.0677267322834645
0
LINE
8
BLACK
6
CONTINUOUS
10
5.74730625984252
20
-3.0677267322834645
11
5.7472172834645665
21
-3.0677826771653542
0
LINE
8
BLACK
6
CONTINUOUS
10
5.7472172834645665
20
-3.0677826771653542
11
5.7471363385826768
21
-3.0678491732283466
0
LINE
8
BLACK
6
CONTINUOUS
10
5.7471363385826768
20
-3.0678491732283466
11
5.74706437007874
21
-3.0678789763779526
0
LINE
8
BLACK
6
CONTINUOUS
10
5.74706437007874
20
-3.0678789763779526
11
5.7468163779527561
21
-3.0680350787401576
0
LINE
8
BLACK
6
CONTINUOUS
10
5.7468163779527561
20
-3.0680350787401576
11
5.743066850393701
21
-3.0699098425196851
0
LINE
8
BLACK
6
CONTINUOUS
10
5.743066850393701
20
-3.0699098425196851
11
5.742526220472441
21
-3.0701167322834646
0
LINE
8
BLACK
6
CONTINUOUS
10
5.742526220472441
20
-3.0701167322834646
11
5.7424203937007876
21
-3.0701242125984249
0
LINE
8
BLACK
6
CONTINUOUS
10
5.7424203937007876
20
-3.0701242125984249
11
5.7423224015748033
21
-3.0701648425196848
0
LINE
8
BLACK
6
CONTINUOUS
10
5.7423224015748033
20
-3.0701648425196848
11
5.7417902362204725
21
-3.0702172440944882
0
LINE
8
BLACK
6
CONTINUOUS
10
5.7417902362204725
20
-3.0702172440944882
11
5.7516644094488187
21
-3.0843232283464568
0
LINE
8
BLACK
6
CONTINUOUS
10
5.7516644094488187
20
-3.0843232283464568
11
5.7519482677165357
21
-3.0848276771653542
0
LINE
8
BLACK
6
CONTINUOUS
10
5.7519482677165357
20
-3.0848276771653542
11
5.7521974409448822
21
-3.0859525196850393
0
LINE
8
BLACK
6
CONTINUOUS
10
5.7521974409448822
20
-3.0859525196850393
11
5.751997244094488
21
-3.0870870866141731
0
LINE
8
BLACK
6
CONTINUOUS
10
5.751997244094488
20
-3.0870870866141731
11
5.7513780708661413
21
-3.0880586614173229
0
LINE
8
BLACK
6
CONTINUOUS
10
5.7513780708661413
20
-3.0880586614173229
11
5.7504342125984254
21
-3.0887193700787399
0
LINE
8
BLACK
6
CONTINUOUS
10
5.7504342125984254
20
-3.0887193700787399
11
5.7493093700787403
21
-3.0889685826771651
0
LINE
8
BLACK
6
CONTINUOUS
10
5.7493093700787403
20
-3.0889685826771651
11
5.7481748425196848
21
-3.0887683464566926
0
LINE
8
BLACK
6
CONTINUOUS
10
5.7481748425196848
20
-3.0887683464566926
11
5.7472032283464562
21
-3.0881491732283464
0
LINE
8
BLACK
6
CONTINUOUS
10
5.7472032283464562
20
-3.0881491732283464
11
5.7468264173228345
21
-3.0877098031496062
0
LINE
8
BLACK
6
CONTINUOUS
10
5.7468264173228345
20
-3.0877098031496062
11
5.73458468503937
21
-3.0702215748031496
0
LINE
8
BLACK
6
CONTINUOUS
10
5.73458468503937
20
-3.0702215748031496
11
5.7297009842519682
21
-3.0702215748031496
0
LINE
8
BLACK
6
CONTINUOUS
10
5.7297009842519682
20
-3.0702215748031496
11
5.7297009842519682
21
-3.0860164960629919
0
LINE
8
BLACK
6
CONTINUOUS
10
5.7297009842519682
20
-3.0860164960629919
11
5.7296442519685042
21
-3.0865925590551182
0
LINE
8
BLACK
6
CONTINUOUS
10
5.7296442519685042
20
-3.0865925590551182
11
5.7292033464566927
21
-3.087656968503937
0
LINE
8
BLACK
6
CONTINUOUS
10
5.7292033464566927
20
-3.087656968503937
11
5.7283887007874013
21
-3.0884716141732285
0
LINE
8
BLACK
6
CONTINUOUS
10
5.7283887007874013
20
-3.0884716141732285
11
5.7273242913385829
21
-3.0889125196850391
0
LINE
8
BLACK
6
CONTINUOUS
10
5.7273242913385829
20
-3.0889125196850391
11
5.7261721653543303
21
-3.0889125196850391
0
LINE
8
BLACK
6
CONTINUOUS
10
5.7261721653543303
20
-3.0889125196850391
11
5.7251077559055119
21
-3.0884716141732285
0
LINE
8
BLACK
6
CONTINUOUS
10
5.7251077559055119
20
-3.0884716141732285
11
5.7242931102362204
21
-3.087656968503937
0
LINE
8
BLACK
6
CONTINUOUS
10
5.7242931102362204
20
-3.087656968503937
11
5.7238522047244089
21
-3.0865925590551182
0
LINE
8
BLACK
6
CONTINUOUS
10
5.7238522047244089
20
-3.0865925590551182
11
5.723795472440945
21
-3.0860164960629919
0
LINE
8
BLACK
6
CONTINUOUS
10
5.723795472440945
20
-3.0860164960629919
11
5.723795472440945
21
-3.0466464173228345
0
LINE
8
BLACK
6
CONTINUOUS
10
5.723795472440945
20
-3.0466464173228345
11
5.7238522047244089
21
-3.0460703543307086
0
LINE
8
BLACK
6
CONTINUOUS
10
5.7238522047244089
20
-3.0460703543307086
11
5.7242931102362204
21
-3.0450059448818898
0
LINE
8
BLACK
6
CONTINUOUS
10
5.7242931102362204
20
-3.0450059448818898
11
5.7251077559055119
21
-3.0441912992125983
0
LINE
8
BLACK
6
CONTINUOUS
10
5.7251077559055119
20
-3.0441912992125983
11
5.7261721653543303
21
-3.0437503937007873
0
LINE
8
BLACK
6
CONTINUOUS
10
5.7261721653543303
20
-3.0437503937007873
11
5.7267482283464561
21
-3.0436936614173229
0
LINE
8
BLACK
6
CONTINUOUS
10
5.7267482283464561
20
-3.0436936614173229
11
5.7417463385826775
21
-3.0436936614173229
0
LINE
8
BLACK
6
CONTINUOUS
10
5.7417463385826775
20
-3.0436936614173229
11
5.7423224015748033
21
-3.0437503937007873
0
LINE
8
BLACK
6
CONTINUOUS
10
5.7297009842519682
20
-3.064316062992126
11
5.7410492913385829
21
-3.064316062992126
0
LINE
8
BLACK
6
CONTINUOUS
10
5.7410492913385829
20
-3.064316062992126
11
5.7437467716535435
21
-3.0629673228346457
0
LINE
8
BLACK
6
CONTINUOUS
10
5.7437467716535435
20
-3.0629673228346457
11
5.7449438976377953
21
-3.0617701968503934
0
LINE
8
BLACK
6
CONTINUOUS
10
5.7449438976377953
20
-3.0617701968503934
11
5.7462926377952757
21
-3.0590727165354332
0
LINE
8
BLACK
6
CONTINUOUS
10
5.7462926377952757
20
-3.0590727165354332
11
5.7462926377952757
21
-3.0548425196850393
0
LINE
8
BLACK
6
CONTINUOUS
10
5.7462926377952757
20
-3.0548425196850393
11
5.7449438976377953
21
-3.0521450393700786
0
LINE
8
BLACK
6
CONTINUOUS
10
5.7449438976377953
20
-3.0521450393700786
11
5.7437467716535435
21
-3.0509479133858268
0
LINE
8
BLACK
6
CONTINUOUS
10
5.7437467716535435
20
-3.0509479133858268
11
5.7410492913385829
21
-3.0495991732283465
0
LINE
8
BLACK
6
CONTINUOUS
10
5.7410492913385829
20
-3.0495991732283465
11
5.7297009842519682
21
-3.0495991732283465
0
LINE
8
BLACK
6
CONTINUOUS
10
5.7297009842519682
20
-3.0495991732283465
11
5.7297009842519682
21
-3.064316062992126
0
LINE
8
BLACK
6
CONTINUOUS
10
5.7750796456692912
20
-3.0422064173228347
11
5.7759500393700787
21
-3.0429612992125983
0
LINE
8
BLACK
6
CONTINUOUS
10
5.7759500393700787
20
-3.0429612992125983
11
5.7764652362204725
21
-3.0439917716535434
0
LINE
8
BLACK
6
CONTINUOUS
10
5.7764652362204725
20
-3.0439917716535434
11
5.7765469291338585
21
-3.0451409842519683
0
LINE
8
BLACK
6
CONTINUOUS
10
5.7765469291338585
20
-3.0451409842519683
11
5.7764185826771648
21
-3.0457054330708662
0
LINE
8
BLACK
6
CONTINUOUS
10
5.7764185826771648
20
-3.0457054330708662
11
5.7683402755905506
21
-3.0699403543307087
0
LINE
8
BLACK
6
CONTINUOUS
10
5.7683402755905506
20
-3.0699403543307087
11
5.7799141338582674
21
-3.0699403543307087
0
LINE
8
BLACK
6
CONTINUOUS
10
5.7799141338582674
20
-3.0699403543307087
11
5.7799141338582674
21
-3.058534842519685
0
LINE
8
BLACK
6
CONTINUOUS
10
5.7799141338582674
20
-3.058534842519685
11
5.779944133858268
21
-3.058230157480315
0
LINE
8
BLACK
6
CONTINUOUS
10
5.779944133858268
20
-3.058230157480315
11
5.7799389763779523
21
-3.058152716535433
0
LINE
8
BLACK
6
CONTINUOUS
10
5.7799389763779523
20
-3.058152716535433
11
5.7799570078740157
21
-3.0580993307086612
0
LINE
8
BLACK
6
CONTINUOUS
10
5.7799570078740157
20
-3.0580993307086612
11
5.7799708661417322
21
-3.0579587795275591
0
LINE
8
BLACK
6
CONTINUOUS
10
5.7799708661417322
20
-3.0579587795275591
11
5.7801544488188972
21
-3.0575155511811021
0
LINE
8
BLACK
6
CONTINUOUS
10
5.7801544488188972
20
-3.0575155511811021
11
5.7803080708661412
21
-3.057061338582677
0
LINE
8
BLACK
6
CONTINUOUS
10
5.7803080708661412
20
-3.057061338582677
11
5.7803736220472439
21
-3.0569863385826772
0
LINE
8
BLACK
6
CONTINUOUS
10
5.7803736220472439
20
-3.0569863385826772
11
5.7804117716535428
21
-3.0568943700787399
0
LINE
8
BLACK
6
CONTINUOUS
10
5.7804117716535428
20
-3.0568943700787399
11
5.7807507480314957
21
-3.0565553543307087
0
LINE
8
BLACK
6
CONTINUOUS
10
5.7807507480314957
20
-3.0565553543307087
11
5.7810667322834641
21
-3.0561942519685039
0
LINE
8
BLACK
6
CONTINUOUS
10
5.7810667322834641
20
-3.0561942519685039
11
5.7811560629921255
21
-3.0561500393700785
0
LINE
8
BLACK
6
CONTINUOUS
10
5.7811560629921255
20
-3.0561500393700785
11
5.7812264173228343
21
-3.0560797244094489
0
LINE
8
BLACK
6
CONTINUOUS
10
5.7812264173228343
20
-3.0560797244094489
11
5.7816693307086613
21
-3.0558962204724409
0
LINE
8
BLACK
6
CONTINUOUS
10
5.7816693307086613
20
-3.0558962204724409
11
5.782099488188976
21
-3.0556835433070866
0
LINE
8
BLACK
6
CONTINUOUS
10
5.782099488188976
20
-3.0556835433070866
11
5.7821988188976379
21
-3.0556768897637796
0
LINE
8
BLACK
6
CONTINUOUS
10
5.7821988188976379
20
-3.0556768897637796
11
5.7822908267716535
21
-3.0556388188976378
0
LINE
8
BLACK
6
CONTINUOUS
10
5.7822908267716535
20
-3.0556388188976378
11
5.7827705511811018
21
-3.0556388188976378
0
LINE
8
BLACK
6
CONTINUOUS
10
5.7827705511811018
20
-3.0556388188976378
11
5.783249015748031
21
-3.0556069291338583
0
LINE
8
BLACK
6
CONTINUOUS
10
5.783249015748031
20
-3.0556069291338583
11
5.7833433070866143
21
-3.0556388188976378
0
LINE
8
BLACK
6
CONTINUOUS
10
5.7833433070866143
20
-3.0556388188976378
11
5.7834429527559053
21
-3.0556388188976378
0
LINE
8
BLACK
6
CONTINUOUS
10
5.7834429527559053
20
-3.0556388188976378
11
5.7838861417322835
21
-3.0558224015748032
0
LINE
8
BLACK
6
CONTINUOUS
10
5.7838861417322835
20
-3.0558224015748032
11
5.7843403937007869
21
-3.0559760236220472
0
LINE
8
BLACK
6
CONTINUOUS
10
5.7843403937007869
20
-3.0559760236220472
11
5.784455236220472
21
-3.0560581102362203
0
LINE
8
BLACK
6
CONTINUOUS
10
5.784455236220472
20
-3.0560581102362203
11
5.7845073622047245
21
-3.0560797244094489
0
LINE
8
BLACK
6
CONTINUOUS
10
5.7845073622047245
20
-3.0560797244094489
11
5.7845622834645667
21
-3.0561346456692911
0
LINE
8
BLACK
6
CONTINUOUS
10
5.7845622834645667
20
-3.0561346456692911
11
5.7848112992125982
21
-3.0563126771653542
0
LINE
8
BLACK
6
CONTINUOUS
10
5.7848112992125982
20
-3.0563126771653542
11
5.7950203149606301
21
-3.0652455511811021
0
LINE
8
BLACK
6
CONTINUOUS
10
5.7950203149606301
20
-3.0652455511811021
11
5.7952239763779527
21
-3.0647133858267717
0
LINE
8
BLACK
6
CONTINUOUS
10
5.7952239763779527
20
-3.0647133858267717
11
5.7970987401574803
21
-3.0609638582677166
0
LINE
8
BLACK
6
CONTINUOUS
10
5.7970987401574803
20
-3.0609638582677166
11
5.7972548031496061
21
-3.0607158267716534
0
LINE
8
BLACK
6
CONTINUOUS
10
5.7972548031496061
20
-3.0607158267716534
11
5.7972846456692908
21
-3.060643897637795
0
LINE
8
BLACK
6
CONTINUOUS
10
5.7972846456692908
20
-3.060643897637795
11
5.7973511023622049
21
-3.0605629133858265
0
LINE
8
BLACK
6
CONTINUOUS
10
5.7973511023622049
20
-3.0605629133858265
11
5.7974070866141734
21
-3.0604739763779527
0
LINE
8
BLACK
6
CONTINUOUS
10
5.7974070866141734
20
-3.0604739763779527
11
5.7974660629921262
21
-3.0604227952755907
0
LINE
8
BLACK
6
CONTINUOUS
10
5.7974660629921262
20
-3.0604227952755907
11
5.7976518503937005
21
-3.0601964566929132
0
LINE
8
BLACK
6
CONTINUOUS
10
5.7976518503937005
20
-3.0601964566929132
11
5.799526614173228
21
-3.0583216929133856
0
LINE
8
BLACK
6
CONTINUOUS
10
5.799526614173228
20
-3.0583216929133856
11
5.7997529527559051
21
-3.0581359055118109
0
LINE
8
BLACK
6
CONTINUOUS
10
5.7997529527559051
20
-3.0581359055118109
11
5.7998041338582675
21
-3.0580769291338581
0
LINE
8
BLACK
6
CONTINUOUS
10
5.7998041338582675
20
-3.0580769291338581
11
5.7998930708661414
21
-3.0580209448818896
0
LINE
8
BLACK
6
CONTINUOUS
10
5.7998930708661414
20
-3.0580209448818896
11
5.7999740551181098
21
-3.0579544881889764
0
LINE
8
BLACK
6
CONTINUOUS
10
5.7999740551181098
20
-3.0579544881889764
11
5.8000459842519687
21
-3.0579246456692912
0
LINE
8
BLACK
6
CONTINUOUS
10
5.8000459842519687
20
-3.0579246456692912
11
5.8002940157480314
21
-3.0577685826771654
0
LINE
8
BLACK
6
CONTINUOUS
10
5.8002940157480314
20
-3.0577685826771654
11
5.8040435433070865
21
-3.0558938188976379
0
LINE
8
BLACK
6
CONTINUOUS
10
5.8040435433070865
20
-3.0558938188976379
11
5.8045841338582678
21
-3.055686929133858
0
LINE
8
BLACK
6
CONTINUOUS
10
5.8045841338582678
20
-3.055686929133858
11
5.8046899999999999
21
-3.0556793700787401
0
LINE
8
BLACK
6
CONTINUOUS
10
5.8046899999999999
20
-3.0556793700787401
11
5.8047879921259842
21
-3.0556388188976378
0
LINE
8
BLACK
6
CONTINUOUS
10
5.8047879921259842
20
-3.0556388188976378
11
5.80536405511811
21
-3.055582086614173
0
LINE
8
BLACK
6
CONTINUOUS
10
5.80536405511811
20
-3.055582086614173
11
5.8147378740157478
21
-3.055582086614173
0
LINE
8
BLACK
6
CONTINUOUS
10
5.8147378740157478
20
-3.055582086614173
11
5.8153139370078737
21
-3.0556388188976378
0
LINE
8
BLACK
6
CONTINUOUS
10
5.8153139370078737
20
-3.0556388188976378
11
5.815411929133858
21
-3.0556794094488189
0
LINE
8
BLACK
6
CONTINUOUS
10
5.815411929133858
20
-3.0556794094488189
11
5.8155177559055113
21
-3.055686929133858
0
LINE
8
BLACK
6
CONTINUOUS
10
5.8155177559055113
20
-3.055686929133858
11
5.8160583858267714
21
-3.0558938188976379
0
LINE
8
BLACK
6
CONTINUOUS
10
5.8160583858267714
20
-3.0558938188976379
11
5.8198079133858265
21
-3.0577685826771654
0
LINE
8
BLACK
6
CONTINUOUS
10
5.8198079133858265
20
-3.0577685826771654
11
5.820055787401575
21
-3.0579246062992125
0
LINE
8
BLACK
6
CONTINUOUS
10
5.820055787401575
20
-3.0579246062992125
11
5.8201278346456693
21
-3.0579544488188977
0
LINE
8
BLACK
6
CONTINUOUS
10
5.8201278346456693
20
-3.0579544488188977
11
5.8202088582677165
21
-3.0580209448818896
0
LINE
8
BLACK
6
CONTINUOUS
10
5.8202088582677165
20
-3.0580209448818896
11
5.8202977952755903
21
-3.0580769291338581
0
LINE
8
BLACK
6
CONTINUOUS
10
5.8202977952755903
20
-3.0580769291338581
11
5.820348937007874
21
-3.0581359055118109
0
LINE
8
BLACK
6
CONTINUOUS
10
5.820348937007874
20
-3.0581359055118109
11
5.8205752755905511
21
-3.0583216535433069
0
LINE
8
BLACK
6
CONTINUOUS
10
5.8205752755905511
20
-3.0583216535433069
11
5.8224500787401574
21
-3.0601964173228344
0
LINE
8
BLACK
6
CONTINUOUS
10
5.8224500787401574
20
-3.0601964173228344
11
5.8226358267716538
21
-3.0604227559055119
0
LINE
8
BLACK
6
CONTINUOUS
10
5.8226358267716538
20
-3.0604227559055119
11
5.8226948818897633
21
-3.0604739763779527
0
LINE
8
BLACK
6
CONTINUOUS
10
5.8226948818897633
20
-3.0604739763779527
11
5.8227508661417318
21
-3.0605629133858265
0
LINE
8
BLACK
6
CONTINUOUS
10
5.8227508661417318
20
-3.0605629133858265
11
5.8228173228346458
21
-3.060643897637795
0
LINE
8
BLACK
6
CONTINUOUS
10
5.8228173228346458
20
-3.060643897637795
11
5.8228471259842518
21
-3.0607158267716534
0
LINE
8
BLACK
6
CONTINUOUS
10
5.8228471259842518
20
-3.0607158267716534
11
5.8230032283464563
21
-3.0609638582677166
0
LINE
8
BLACK
6
CONTINUOUS
10
5.8230032283464563
20
-3.0609638582677166
11
5.8248779921259839
21
-3.0647133858267717
0
LINE
8
BLACK
6
CONTINUOUS
10
5.8248779921259839
20
-3.0647133858267717
11
5.8250848818897634
21
-3.0652539763779525
0
LINE
8
BLACK
6
CONTINUOUS
10
5.8250848818897634
20
-3.0652539763779525
11
5.8250924015748033
21
-3.0653598425196851
0
LINE
8
BLACK
6
CONTINUOUS
10
5.8250924015748033
20
-3.0653598425196851
11
5.825132992125984
21
-3.0654578346456693
0
LINE
8
BLACK
6
CONTINUOUS
10
5.825132992125984
20
-3.0654578346456693
11
5.8251897244094488
21
-3.0660338976377952
0
LINE
8
BLACK
6
CONTINUOUS
10
5.8251897244094488
20
-3.0660338976377952
11
5.8251897244094488
21
-3.0772824803149605
0
LINE
8
BLACK
6
CONTINUOUS
10
5.8251897244094488
20
-3.0772824803149605
11
5.825132992125984
21
-3.0778585433070864
0
LINE
8
BLACK
6
CONTINUOUS
10
5.825132992125984
20
-3.0778585433070864
11
5.8250924015748033
21
-3.0779564960629919
0
LINE
8
BLACK
6
CONTINUOUS
10
5.8250924015748033
20
-3.0779564960629919
11
5.8250848818897634
21
-3.0780624015748033
0
LINE
8
BLACK
6
CONTINUOUS
10
5.8250848818897634
20
-3.0780624015748033
11
5.8248779921259839
21
-3.0786029921259841
0
LINE
8
BLACK
6
CONTINUOUS
10
5.8248779921259839
20
-3.0786029921259841
11
5.8230032283464563
21
-3.0823525196850392
0
LINE
8
BLACK
6
CONTINUOUS
10
5.8230032283464563
20
-3.0823525196850392
11
5.8228471259842518
21
-3.0826005118110236
0
LINE
8
BLACK
6
CONTINUOUS
10
5.8228471259842518
20
-3.0826005118110236
11
5.8228173228346458
21
-3.0826724803149608
0
LINE
8
BLACK
6
CONTINUOUS
10
5.8228173228346458
20
-3.0826724803149608
11
5.8227508661417318
21
-3.0827534251968505
0
LINE
8
BLACK
6
CONTINUOUS
10
5.8227508661417318
20
-3.0827534251968505
11
5.8226948818897633
21
-3.082842401574803
0
LINE
8
BLACK
6
CONTINUOUS
10
5.8226948818897633
20
-3.082842401574803
11
5.8226358267716538
21
-3.0828935826771651
0
LINE
8
BLACK
6
CONTINUOUS
10
5.8226358267716538
20
-3.0828935826771651
11
5.8224500787401574
21
-3.0831199606299213
0
LINE
8
BLACK
6
CONTINUOUS
10
5.8224500787401574
20
-3.0831199606299213
11
5.8205752755905511
21
-3.0849947244094489
0
LINE
8
BLACK
6
CONTINUOUS
10
5.8205752755905511
20
-3.0849947244094489
11
5.8201278346456693
21
-3.0853619291338581
0
LINE
8
BLACK
6
CONTINUOUS
10
5.8201278346456693
20
-3.0853619291338581
11
5.81906342519685
21
-3.0858027952755904
0
LINE
8
BLACK
6
CONTINUOUS
10
5.81906342519685
20
-3.0858027952755904
11
5.8179113385826771
21
-3.0858027952755904
0
LINE
8
BLACK
6
CONTINUOUS
10
5.8179113385826771
20
-3.0858027952755904
11
5.8168469291338578
21
-3.0853618897637793
0
LINE
8
BLACK
6
CONTINUOUS
10
5.8168469291338578
20
-3.0853618897637793
11
5.8160322440944885
21
-3.0845472047244096
0
LINE
8
BLACK
6
CONTINUOUS
10
5.8160322440944885
20
-3.0845472047244096
11
5.8155913779527557
21
-3.0834827952755903
0
LINE
8
BLACK
6
CONTINUOUS
10
5.8155913779527557
20
-3.0834827952755903
11
5.8155913779527557
21
-3.0823307086614173
0
LINE
8
BLACK
6
CONTINUOUS
10
5.8155913779527557
20
-3.0823307086614173
11
5.8160322834645664
21
-3.0812662992125985
0
LINE
8
BLACK
6
CONTINUOUS
10
5.8160322834645664
20
-3.0812662992125985
11
5.8163995275590548
21
-3.0808188188976375
0
LINE
8
BLACK
6
CONTINUOUS
10
5.8163995275590548
20
-3.0808188188976375
11
5.8179354724409444
21
-3.0792828740157479
0
LINE
8
BLACK
6
CONTINUOUS
10
5.8179354724409444
20
-3.0792828740157479
11
5.8192842125984248
21
-3.076585433070866
0
LINE
8
BLACK
6
CONTINUOUS
10
5.8192842125984248
20
-3.076585433070866
11
5.8192842125984248
21
-3.0667309448818898
0
LINE
8
BLACK
6
CONTINUOUS
10
5.8192842125984248
20
-3.0667309448818898
11
5.8179354724409444
21
-3.0640334645669292
0
LINE
8
BLACK
6
CONTINUOUS
10
5.8179354724409444
20
-3.0640334645669292
11
5.8167383070866139
21
-3.0628363385826769
0
LINE
8
BLACK
6
CONTINUOUS
10
5.8167383070866139
20
-3.0628363385826769
11
5.8140408267716532
21
-3.0614875984251966
0
LINE
8
BLACK
6
CONTINUOUS
10
5.8140408267716532
20
-3.0614875984251966
11
5.8060611023622046
21
-3.0614875984251966
0
LINE
8
BLACK
6
CONTINUOUS
10
5.8060611023622046
20
-3.0614875984251966
11
5.803363622047244
21
-3.0628363385826769
0
LINE
8
BLACK
6
CONTINUOUS
10
5.803363622047244
20
-3.0628363385826769
11
5.8021664960629922
21
-3.0640334645669292
0
LINE
8
BLACK
6
CONTINUOUS
10
5.8021664960629922
20
-3.0640334645669292
11
5.8008177559055119
21
-3.0667309448818898
0
LINE
8
BLACK
6
CONTINUOUS
10
5.8008177559055119
20
-3.0667309448818898
11
5.8008177559055119
21
-3.0716581889763779
0
LINE
8
BLACK
6
CONTINUOUS
10
5.8008177559055119
20
-3.0716581889763779
11
5.8007877165354333
21
-3.0719628346456691
0
LINE
8
BLACK
6
CONTINUOUS
10
5.8007877165354333
20
-3.0719628346456691
11
5.8007929133858269
21
-3.0720403149606299
0
LINE
8
BLACK
6
CONTINUOUS
10
5.8007929133858269
20
-3.0720403149606299
11
5.8007748425196848
21
-3.0720936614173229
0
LINE
8
BLACK
6
CONTINUOUS
10
5.8007748425196848
20
-3.0720936614173229
11
5.800761023622047
21
-3.0722342519685037
0
LINE
8
BLACK
6
CONTINUOUS
10
5.800761023622047
20
-3.0722342519685037
11
5.8005774015748033
21
-3.0726774409448816
0
LINE
8
BLACK
6
CONTINUOUS
10
5.8005774015748033
20
-3.0726774409448816
11
5.800423818897638
21
-3.0731316929133858
0
LINE
8
BLACK
6
CONTINUOUS
10
5.800423818897638
20
-3.0731316929133858
11
5.8003582283464565
21
-3.0732066535433069
0
LINE
8
BLACK
6
CONTINUOUS
10
5.8003582283464565
20
-3.0732066535433069
11
5.8003201181102364
21
-3.0732986614173226
0
LINE
8
BLACK
6
CONTINUOUS
10
5.8003201181102364
20
-3.0732986614173226
11
5.7999811023622048
21
-3.0736376377952754
0
LINE
8
BLACK
6
CONTINUOUS
10
5.7999811023622048
20
-3.0736376377952754
11
5.7996651574803151
21
-3.073998779527559
0
LINE
8
BLACK
6
CONTINUOUS
10
5.7996651574803151
20
-3.073998779527559
11
5.799575787401575
21
-3.0740429527559052
0
LINE
8
BLACK
6
CONTINUOUS
10
5.799575787401575
20
-3.0740429527559052
11
5.7995054724409449
21
-3.074113307086614
0
LINE
8
BLACK
6
CONTINUOUS
10
5.7995054724409449
20
-3.074113307086614
11
5.7990625196850392
21
-3.0742967716535432
0
LINE
8
BLACK
6
CONTINUOUS
10
5.7990625196850392
20
-3.0742967716535432
11
5.7986324015748032
21
-3.0745094881889763
0
LINE
8
BLACK
6
CONTINUOUS
10
5.7986324015748032
20
-3.0745094881889763
11
5.7985330314960626
21
-3.0745161023622045
0
LINE
8
BLACK
6
CONTINUOUS
10
5.7985330314960626
20
-3.0745161023622045
11
5.7984410629921257
21
-3.0745542125984251
0
LINE
8
BLACK
6
CONTINUOUS
10
5.7984410629921257
20
-3.0745542125984251
11
5.7979613385826774
21
-3.0745542125984251
0
LINE
8
BLACK
6
CONTINUOUS
10
5.7979613385826774
20
-3.0745542125984251
11
5.7974828740157482
21
-3.0745861023622045
0
LINE
8
BLACK
6
CONTINUOUS
10
5.7974828740157482
20
-3.0745861023622045
11
5.7973885826771649
21
-3.0745542125984251
0
LINE
8
BLACK
6
CONTINUOUS
10
5.7973885826771649
20
-3.0745542125984251
11
5.797288937007874
21
-3.0745542125984251
0
LINE
8
BLACK
6
CONTINUOUS
10
5.797288937007874
20
-3.0745542125984251
11
5.7968457086614169
21
-3.0743705905511809
0
LINE
8
BLACK
6
CONTINUOUS
10
5.7968457086614169
20
-3.0743705905511809
11
5.7963914960629923
21
-3.0742170078740156
0
LINE
8
BLACK
6
CONTINUOUS
10
5.7963914960629923
20
-3.0742170078740156
11
5.7962766141732285
21
-3.0741348818897638
0
LINE
8
BLACK
6
CONTINUOUS
10
5.7962766141732285
20
-3.0741348818897638
11
5.7962245275590547
21
-3.074113307086614
0
LINE
8
BLACK
6
CONTINUOUS
10
5.7962245275590547
20
-3.074113307086614
11
5.7961695669291338
21
-3.0740583464566926
0
LINE
8
BLACK
6
CONTINUOUS
10
5.7961695669291338
20
-3.0740583464566926
11
5.795920590551181
21
-3.0738803543307087
0
LINE
8
BLACK
6
CONTINUOUS
10
5.795920590551181
20
-3.0738803543307087
11
5.7859439370078736
21
-3.0651507480314959
0
LINE
8
BLACK
6
CONTINUOUS
10
5.7859439370078736
20
-3.0651507480314959
11
5.7859439370078736
21
-3.0699403543307087
0
LINE
8
BLACK
6
CONTINUOUS
10
5.7859439370078736
20
-3.0699403543307087
11
5.7886154724409451
21
-3.0699403543307087
0
LINE
8
BLACK
6
CONTINUOUS
10
5.7886154724409451
20
-3.0699403543307087
11
5.789191535433071
21
-3.069997086614173
0
LINE
8
BLACK
6
CONTINUOUS
10
5.789191535433071
20
-3.069997086614173
11
5.7902559448818893
21
-3.0704379921259841
0
LINE
8
BLACK
6
CONTINUOUS
10
5.7902559448818893
20
-3.0704379921259841
11
5.7910705905511808
21
-3.0712526377952756
0
LINE
8
BLACK
6
CONTINUOUS
10
5.7910705905511808
20
-3.0712526377952756
11
5.7915114960629923
21
-3.0723170472440944
0
LINE
8
BLACK
6
CONTINUOUS
10
5.7915114960629923
20
-3.0723170472440944
11
5.7915114960629923
21
-3.0734691732283466
0
LINE
8
BLACK
6
CONTINUOUS
10
5.7915114960629923
20
-3.0734691732283466
11
5.7910705905511808
21
-3.0745335826771654
0
LINE
8
BLACK
6
CONTINUOUS
10
5.7910705905511808
20
-3.0745335826771654
11
5.7902559448818893
21
-3.0753482283464568
0
LINE
8
BLACK
6
CONTINUOUS
10
5.7902559448818893
20
-3.0753482283464568
11
5.789191535433071
21
-3.0757891338582675
0
LINE
8
BLACK
6
CONTINUOUS
10
5.789191535433071
20
-3.0757891338582675
11
5.7886154724409451
21
-3.0758458661417323
0
LINE
8
BLACK
6
CONTINUOUS
10
5.7886154724409451
20
-3.0758458661417323
11
5.7859439370078736
21
-3.0758458661417323
0
LINE
8
BLACK
6
CONTINUOUS
10
5.7859439370078736
20
-3.0758458661417323
11
5.7859439370078736
21
-3.0860164960629919
0
LINE
8
BLACK
6
CONTINUOUS
10
5.7859439370078736
20
-3.0860164960629919
11
5.7858872047244096
21
-3.0865925590551182
0
LINE
8
BLACK
6
CONTINUOUS
10
5.7858872047244096
20
-3.0865925590551182
11
5.7854462992125981
21
-3.087656968503937
0
LINE
8
BLACK
6
CONTINUOUS
10
5.7854462992125981
20
-3.087656968503937
11
5.7846316535433067
21
-3.0884716141732285
0
LINE
8
BLACK
6
CONTINUOUS
10
5.7846316535433067
20
-3.0884716141732285
11
5.7835672440944883
21
-3.0889125196850391
0
LINE
8
BLACK
6
CONTINUOUS
10
5.7835672440944883
20
-3.0889125196850391
11
5.7824151181102357
21
-3.0889125196850391
0
LINE
8
BLACK
6
CONTINUOUS
10
5.7824151181102357
20
-3.0889125196850391
11
5.7813507086614173
21
-3.0884716141732285
0
LINE
8
BLACK
6
CONTINUOUS
10
5.7813507086614173
20
-3.0884716141732285
11
5.7805360629921259
21
-3.087656968503937
0
LINE
8
BLACK
6
CONTINUOUS
10
5.7805360629921259
20
-3.087656968503937
11
5.7800951574803152
21
-3.0865925590551182
0
LINE
8
BLACK
6
CONTINUOUS
10
5.7800951574803152
20
-3.0865925590551182
11
5.7800384251968504
21
-3.0860164960629919
0
LINE
8
BLACK
6
CONTINUOUS
10
5.7800384251968504
20
-3.0860164960629919
11
5.7800384251968504
21
-3.0836459055118111
0
LINE
8
BLACK
6
CONTINUOUS
10
5.7800384251968504
20
-3.0836459055118111
11
5.7799708661417322
21
-3.0834828346456691
0
LINE
8
BLACK
6
CONTINUOUS
10
5.7799708661417322
20
-3.0834828346456691
11
5.7799141338582674
21
-3.0829067716535432
0
LINE
8
BLACK
6
CONTINUOUS
10
5.7799141338582674
20
-3.0829067716535432
11
5.7799141338582674
21
-3.0758458661417323
0
LINE
8
BLACK
6
CONTINUOUS
10
5.7799141338582674
20
-3.0758458661417323
11
5.7642435433070869
21
-3.0758458661417323
0
LINE
8
BLACK
6
CONTINUOUS
10
5.7642435433070869
20
-3.0758458661417323
11
5.7639519685039371
21
-3.0758171259842517
0
LINE
8
BLACK
6
CONTINUOUS
10
5.7639519685039371
20
-3.0758171259842517
11
5.7638742519685042
21
-3.0758226771653541
0
LINE
8
BLACK
6
CONTINUOUS
10
5.7638742519685042
20
-3.0758226771653541
11
5.7638181102362207
21
-3.075803937007874
0
LINE
8
BLACK
6
CONTINUOUS
10
5.7638181102362207
20
-3.075803937007874
11
5.7636674803149601
21
-3.0757891338582675
0
LINE
8
BLACK
6
CONTINUOUS
10
5.7636674803149601
20
-3.0757891338582675
11
5.7632301574803151
21
-3.0756079921259842
0
LINE
8
BLACK
6
CONTINUOUS
10
5.7632301574803151
20
-3.0756079921259842
11
5.7627812204724407
21
-3.0754583464566929
0
LINE
8
BLACK
6
CONTINUOUS
10
5.7627812204724407
20
-3.0754583464566929
11
5.7627010236220473
21
-3.0753887795275592
0
LINE
8
BLACK
6
CONTINUOUS
10
5.7627010236220473
20
-3.0753887795275592
11
5.7626030708661418
21
-3.0753482283464568
0
LINE
8
BLACK
6
CONTINUOUS
10
5.7626030708661418
20
-3.0753482283464568
11
5.7622684251968499
21
-3.0750135826771654
0
LINE
8
BLACK
6
CONTINUOUS
10
5.7622684251968499
20
-3.0750135826771654
11
5.761910866141732
21
-3.0747034645669289
0
LINE
8
BLACK
6
CONTINUOUS
10
5.761910866141732
20
-3.0747034645669289
11
5.7618634251968501
21
-3.0746085826771652
0
LINE
8
BLACK
6
CONTINUOUS
10
5.7618634251968501
20
-3.0746085826771652
11
5.7617884251968503
21
-3.0745335826771654
0
LINE
8
BLACK
6
CONTINUOUS
10
5.7617884251968503
20
-3.0745335826771654
11
5.7616072440944883
21
-3.0740962204724407
0
LINE
8
BLACK
6
CONTINUOUS
10
5.7616072440944883
20
-3.0740962204724407
11
5.7613956692913382
21
-3.073673031496063
0
LINE
8
BLACK
6
CONTINUOUS
10
5.7613956692913382
20
-3.073673031496063
11
5.7613881496062991
21
-3.0735672440944883
0
LINE
8
BLACK
6
CONTINUOUS
10
5.7613881496062991
20
-3.0735672440944883
11
5.7613475196850397
21
-3.0734691732283466
0
LINE
8
BLACK
6
CONTINUOUS
10
5.7613475196850397
20
-3.0734691732283466
11
5.7613475196850397
21
-3.0729956692913385
0
LINE
8
BLACK
6
CONTINUOUS
10
5.7613475196850397
20
-3.0729956692913385
11
5.7613139763779531
21
-3.0725238188976376
0
LINE
8
BLACK
6
CONTINUOUS
10
5.7613139763779531
20
-3.0725238188976376
11
5.7613475196850397
21
-3.0723762992125985
0
LINE
8
BLACK
6
CONTINUOUS
10
5.7613475196850397
20
-3.0723762992125985
11
5.7613475196850397
21
-3.0723170472440944
0
LINE
8
BLACK
6
CONTINUOUS
10
5.7613475196850397
20
-3.0723170472440944
11
5.7613773622047244
21
-3.0722449212598426
0
LINE
8
BLACK
6
CONTINUOUS
10
5.7613773622047244
20
-3.0722449212598426
11
5.7614423228346459
21
-3.0719593700787402
0
LINE
8
BLACK
6
CONTINUOUS
10
5.7614423228346459
20
-3.0719593700787402
11
5.7708161417322836
21
-3.0438379133858269
0
LINE
8
BLACK
6
CONTINUOUS
10
5.7708161417322836
20
-3.0438379133858269
11
5.7710521259842515
21
-3.0433093700787399
0
LINE
8
BLACK
6
CONTINUOUS
10
5.7710521259842515
20
-3.0433093700787399
11
5.771807007874016
21
-3.0424390157480312
0
LINE
8
BLACK
6
CONTINUOUS
10
5.771807007874016
20
-3.0424390157480312
11
5.7728374409448815
21
-3.0419237795275591
0
LINE
8
BLACK
6
CONTINUOUS
10
5.7728374409448815
20
-3.0419237795275591
11
5.7739866535433073
21
-3.0418420866141731
0
LINE
8
BLACK
6
CONTINUOUS
10
5.7739866535433073
20
-3.0418420866141731
11
5.7750796456692912
21
-3.0422064173228347
0
LINE
8
BLACK
6
CONTINUOUS
10
4.3847552755905514
20
-3.0510081496062993
11
4.3848532677165357
21
-3.0510487401574804
0
LINE
8
BLACK
6
CONTINUOUS
10
4.3848532677165357
20
-3.0510487401574804
11
4.3849590944881891
21
-3.0510562598425195
0
LINE
8
BLACK
6
CONTINUOUS
10
4.3849590944881891
20
-3.0510562598425195
11
4.3854997244094491
21
-3.051263149606299
0
LINE
8
BLACK
6
CONTINUOUS
10
4.3854997244094491
20
-3.051263149606299
11
4.3892492519685042
21
-3.0531379133858265
0
LINE
8
BLACK
6
CONTINUOUS
10
4.3892492519685042
20
-3.0531379133858265
11
4.3894972440944882
21
-3.0532939763779527
0
LINE
8
BLACK
6
CONTINUOUS
10
4.3894972440944882
20
-3.0532939763779527
11
4.3895692125984249
21
-3.0533238188976379
0
LINE
8
BLACK
6
CONTINUOUS
10
4.3895692125984249
20
-3.0533238188976379
11
4.3896501574803146
21
-3.0533902755905511
0
LINE
8
BLACK
6
CONTINUOUS
10
4.3896501574803146
20
-3.0533902755905511
11
4.3897391338582672
21
-3.0534462598425196
0
LINE
8
BLACK
6
CONTINUOUS
10
4.3897391338582672
20
-3.0534462598425196
11
4.3897902755905509
21
-3.0535052362204724
0
LINE
8
BLACK
6
CONTINUOUS
10
4.3897902755905509
20
-3.0535052362204724
11
4.3900166535433067
21
-3.0536910236220471
0
LINE
8
BLACK
6
CONTINUOUS
10
4.3900166535433067
20
-3.0536910236220471
11
4.3918914173228343
21
-3.0555657874015747
0
LINE
8
BLACK
6
CONTINUOUS
10
4.3918914173228343
20
-3.0555657874015747
11
4.3920771653543307
21
-3.0557921259842518
0
LINE
8
BLACK
6
CONTINUOUS
10
4.3920771653543307
20
-3.0557921259842518
11
4.3921361811023623
21
-3.0558433070866142
0
LINE
8
BLACK
6
CONTINUOUS
10
4.3921361811023623
20
-3.0558433070866142
11
4.392192125984252
21
-3.055932244094488
0
LINE
8
BLACK
6
CONTINUOUS
10
4.392192125984252
20
-3.055932244094488
11
4.3922586220472439
21
-3.0560132283464565
0
LINE
8
BLACK
6
CONTINUOUS
10
4.3922586220472439
20
-3.0560132283464565
11
4.3922884251968499
21
-3.056085157480315
0
LINE
8
BLACK
6
CONTINUOUS
10
4.3922884251968499
20
-3.056085157480315
11
4.3924445275590553
21
-3.0563331889763781
0
LINE
8
BLACK
6
CONTINUOUS
10
4.3924445275590553
20
-3.0563331889763781
11
4.3943192913385829
21
-3.0600827165354332
0
LINE
8
BLACK
6
CONTINUOUS
10
4.3943192913385829
20
-3.0600827165354332
11
4.3945261811023624
21
-3.060623307086614
0
LINE
8
BLACK
6
CONTINUOUS
10
4.3945261811023624
20
-3.060623307086614
11
4.3945337007874015
21
-3.0607291732283466
0
LINE
8
BLACK
6
CONTINUOUS
10
4.3945337007874015
20
-3.0607291732283466
11
4.394574291338583
21
-3.0608271653543309
0
LINE
8
BLACK
6
CONTINUOUS
10
4.394574291338583
20
-3.0608271653543309
11
4.3946266929133859
21
-3.0613592913385825
0
LINE
8
BLACK
6
CONTINUOUS
10
4.3946266929133859
20
-3.0613592913385825
11
4.4087326771653546
21
-3.051485157480315
0
LINE
8
BLACK
6
CONTINUOUS
10
4.4087326771653546
20
-3.051485157480315
11
4.4092371259842515
21
-3.0512012992125985
0
LINE
8
BLACK
6
CONTINUOUS
10
4.4092371259842515
20
-3.0512012992125985
11
4.4103619685039366
21
-3.050952125984252
0
LINE
8
BLACK
6
CONTINUOUS
10
4.4103619685039366
20
-3.050952125984252
11
4.4114965354330709
21
-3.0511523228346458
0
LINE
8
BLACK
6
CONTINUOUS
10
4.4114965354330709
20
-3.0511523228346458
11
4.4124681102362207
21
-3.051771496062992
0
LINE
8
BLACK
6
CONTINUOUS
10
4.4124681102362207
20
-3.051771496062992
11
4.4131288188976381
21
-3.0527153543307084
0
LINE
8
BLACK
6
CONTINUOUS
10
4.4131288188976381
20
-3.0527153543307084
11
4.4133780314960624
21
-3.0538401968503934
0
LINE
8
BLACK
6
CONTINUOUS
10
4.4133780314960624
20
-3.0538401968503934
11
4.4131777952755904
21
-3.0549747244094489
0
LINE
8
BLACK
6
CONTINUOUS
10
4.4131777952755904
20
-3.0549747244094489
11
4.4125586220472437
21
-3.0559463385826771
0
LINE
8
BLACK
6
CONTINUOUS
10
4.4125586220472437
20
-3.0559463385826771
11
4.4121192519685035
21
-3.0563231496062992
0
LINE
8
BLACK
6
CONTINUOUS
10
4.4121192519685035
20
-3.0563231496062992
11
4.3946310236220469
21
-3.0685648818897637
0
LINE
8
BLACK
6
CONTINUOUS
10
4.3946310236220469
20
-3.0685648818897637
11
4.3946310236220469
21
-3.0734485826771651
0
LINE
8
BLACK
6
CONTINUOUS
10
4.3946310236220469
20
-3.0734485826771651
11
4.4104259448818901
21
-3.0734485826771651
0
LINE
8
BLACK
6
CONTINUOUS
10
4.4104259448818901
20
-3.0734485826771651
11
4.411002007874016
21
-3.07350531496063
0
LINE
8
BLACK
6
CONTINUOUS
10
4.411002007874016
20
-3.07350531496063
11
4.4120664173228343
21
-3.073946220472441
0
LINE
8
BLACK
6
CONTINUOUS
10
4.4120664173228343
20
-3.073946220472441
11
4.4128810629921258
21
-3.0747608661417321
0
LINE
8
BLACK
6
CONTINUOUS
10
4.4128810629921258
20
-3.0747608661417321
11
4.4133219685039373
21
-3.0758252755905513
0
LINE
8
BLACK
6
CONTINUOUS
10
4.4133219685039373
20
-3.0758252755905513
11
4.4133219685039373
21
-3.076977401574803
0
LINE
8
BLACK
6
CONTINUOUS
10
4.4133219685039373
20
-3.076977401574803
11
4.4128810629921258
21
-3.0780418110236218
0
LINE
8
BLACK
6
CONTINUOUS
10
4.4128810629921258
20
-3.0780418110236218
11
4.4120664173228343
21
-3.0788564566929133
0
LINE
8
BLACK
6
CONTINUOUS
10
4.4120664173228343
20
-3.0788564566929133
11
4.411002007874016
21
-3.0792973622047244
0
LINE
8
BLACK
6
CONTINUOUS
10
4.411002007874016
20
-3.0792973622047244
11
4.4104259448818901
21
-3.0793540944881888
0
LINE
8
BLACK
6
CONTINUOUS
10
4.4104259448818901
20
-3.0793540944881888
11
4.3710558661417318
21
-3.0793540944881888
0
LINE
8
BLACK
6
CONTINUOUS
10
4.3710558661417318
20
-3.0793540944881888
11
4.3704798031496059
21
-3.0792973622047244
0
LINE
8
BLACK
6
CONTINUOUS
10
4.3704798031496059
20
-3.0792973622047244
11
4.3694153937007876
21
-3.0788564566929133
0
LINE
8
BLACK
6
CONTINUOUS
10
4.3694153937007876
20
-3.0788564566929133
11
4.3686007480314961
21
-3.0780418110236218
0
LINE
8
BLACK
6
CONTINUOUS
10
4.3686007480314961
20
-3.0780418110236218
11
4.3681598425196846
21
-3.076977401574803
0
LINE
8
BLACK
6
CONTINUOUS
10
4.3681598425196846
20
-3.076977401574803
11
4.3681031102362207
21
-3.0764013385826772
0
LINE
8
BLACK
6
CONTINUOUS
10
4.3681031102362207
20
-3.0764013385826772
11
4.3681031102362207
21
-3.0614032283464567
0
LINE
8
BLACK
6
CONTINUOUS
10
4.3681031102362207
20
-3.0614032283464567
11
4.3681598425196846
21
-3.0608271653543309
0
LINE
8
BLACK
6
CONTINUOUS
10
4.3681598425196846
20
-3.0608271653543309
11
4.3682004330708661
21
-3.0607291338582678
0
LINE
8
BLACK
6
CONTINUOUS
10
4.3682004330708661
20
-3.0607291338582678
11
4.3682079527559052
21
-3.0606233464566928
0
LINE
8
BLACK
6
CONTINUOUS
10
4.3682079527559052
20
-3.0606233464566928
11
4.3684148425196847
21
-3.0600827165354332
0
LINE
8
BLACK
6
CONTINUOUS
10
4.3684148425196847
20
-3.0600827165354332
11
4.3702896062992123
21
-3.0563331889763781
0
LINE
8
BLACK
6
CONTINUOUS
10
4.3702896062992123
20
-3.0563331889763781
11
4.370445669291338
21
-3.056085157480315
0
LINE
8
BLACK
6
CONTINUOUS
10
4.370445669291338
20
-3.056085157480315
11
4.3704755118110237
21
-3.0560132283464565
0
LINE
8
BLACK
6
CONTINUOUS
10
4.3704755118110237
20
-3.0560132283464565
11
4.3705419685039368
21
-3.055932244094488
0
LINE
8
BLACK
6
CONTINUOUS
10
4.3705419685039368
20
-3.055932244094488
11
4.3705979527559053
21
-3.0558433070866142
0
LINE
8
BLACK
6
CONTINUOUS
10
4.3705979527559053
20
-3.0558433070866142
11
4.3706569291338582
21
-3.0557921259842518
0
LINE
8
BLACK
6
CONTINUOUS
10
4.3706569291338582
20
-3.0557921259842518
11
4.3708427165354333
21
-3.0555657874015747
0
LINE
8
BLACK
6
CONTINUOUS
10
4.3708427165354333
20
-3.0555657874015747
11
4.3727174803149609
21
-3.0536910236220471
0
LINE
8
BLACK
6
CONTINUOUS
10
4.3727174803149609
20
-3.0536910236220471
11
4.3729438188976379
21
-3.0535052362204724
0
LINE
8
BLACK
6
CONTINUOUS
10
4.3729438188976379
20
-3.0535052362204724
11
4.3729949999999995
21
-3.0534462598425196
0
LINE
8
BLACK
6
CONTINUOUS
10
4.3729949999999995
20
-3.0534462598425196
11
4.3730839370078742
21
-3.0533902755905511
0
LINE
8
BLACK
6
CONTINUOUS
10
4.3730839370078742
20
-3.0533902755905511
11
4.3731649212598427
21
-3.0533238188976379
0
LINE
8
BLACK
6
CONTINUOUS
10
4.3731649212598427
20
-3.0533238188976379
11
4.3732368503937007
21
-3.0532939763779527
0
LINE
8
BLACK
6
CONTINUOUS
10
4.3732368503937007
20
-3.0532939763779527
11
4.3734848818897634
21
-3.0531379133858265
0
LINE
8
BLACK
6
CONTINUOUS
10
4.3734848818897634
20
-3.0531379133858265
11
4.3772344094488185
21
-3.051263149606299
0
LINE
8
BLACK
6
CONTINUOUS
10
4.3772344094488185
20
-3.051263149606299
11
4.3777749999999997
21
-3.0510562598425195
0
LINE
8
BLACK
6
CONTINUOUS
10
4.3777749999999997
20
-3.0510562598425195
11
4.3778808661417319
21
-3.0510487007874016
0
LINE
8
BLACK
6
CONTINUOUS
10
4.3778808661417319
20
-3.0510487007874016
11
4.3779788582677162
21
-3.0510081496062993
0
LINE
8
BLACK
6
CONTINUOUS
10
4.3779788582677162
20
-3.0510081496062993
11
4.378554921259842
21
-3.0509514173228345
0
LINE
8
BLACK
6
CONTINUOUS
10
4.378554921259842
20
-3.0509514173228345
11
4.3841792125984247
21
-3.0509514173228345
0
LINE
8
BLACK
6
CONTINUOUS
10
4.3841792125984247
20
-3.0509514173228345
11
4.3847552755905514
21
-3.0510081496062993
0
LINE
8
BLACK
6
CONTINUOUS
10
4.376554488188976
20
-3.0582056692913384
11
4.3753573622047242
21
-3.0594027952755907
0
LINE
8
BLACK
6
CONTINUOUS
10
4.3753573622047242
20
-3.0594027952755907
11
4.3740086220472438
21
-3.0621002755905513
0
LINE
8
BLACK
6
CONTINUOUS
10
4.3740086220472438
20
-3.0621002755905513
11
4.3740086220472438
21
-3.0734485826771651
0
LINE
8
BLACK
6
CONTINUOUS
10
4.3740086220472438
20
-3.0734485826771651
11
4.3887255118110238
21
-3.0734485826771651
0
LINE
8
BLACK
6
CONTINUOUS
10
4.3887255118110238
20
-3.0734485826771651
11
4.3887255118110238
21
-3.0621002755905513
0
LINE
8
BLACK
6
CONTINUOUS
10
4.3887255118110238
20
-3.0621002755905513
11
4.3873767716535435
21
-3.0594027952755907
0
LINE
8
BLACK
6
CONTINUOUS
10
4.3873767716535435
20
-3.0594027952755907
11
4.3861796456692916
21
-3.0582056692913384
0
LINE
8
BLACK
6
CONTINUOUS
10
4.3861796456692916
20
-3.0582056692913384
11
4.383482165354331
21
-3.0568569291338581
0
LINE
8
BLACK
6
CONTINUOUS
10
4.383482165354331
20
-3.0568569291338581
11
4.3792519685039366
21
-3.0568569291338581
0
LINE
8
BLACK
6
CONTINUOUS
10
4.3792519685039366
20
-3.0568569291338581
11
4.376554488188976
21
-3.0582056692913384
0
LINE
8
BLACK
6
CONTINUOUS
10
4.3336784645669288
20
-3.0398392913385828
11
4.3338582677165354
21
-3.0407432677165356
0
LINE
8
BLACK
6
CONTINUOUS
10
4.3338582677165354
20
-3.0407432677165356
11
4.3338582677165354
21
-3.0539417716535433
0
LINE
8
BLACK
6
CONTINUOUS
10
4.3338582677165354
20
-3.0539417716535433
11
4.3336784645669288
21
-3.0548457480314961
0
LINE
8
BLACK
6
CONTINUOUS
10
4.3336784645669288
20
-3.0548457480314961
11
4.3324000393700786
21
-3.0561241732283464
0
LINE
8
BLACK
6
CONTINUOUS
10
4.3324000393700786
20
-3.0561241732283464
11
4.3305920866141729
21
-3.0561241732283464
0
LINE
8
BLACK
6
CONTINUOUS
10
4.3305920866141729
20
-3.0561241732283464
11
4.3293136614173227
21
-3.0548457480314961
0
LINE
8
BLACK
6
CONTINUOUS
10
4.3293136614173227
20
-3.0548457480314961
11
4.3291338582677161
21
-3.0539417716535433
0
LINE
8
BLACK
6
CONTINUOUS
10
4.3291338582677161
20
-3.0539417716535433
11
4.3291338582677161
21
-3.0407432677165356
0
LINE
8
BLACK
6
CONTINUOUS
10
4.3291338582677161
20
-3.0407432677165356
11
4.3293136614173227
21
-3.0398392913385828
0
LINE
8
BLACK
6
CONTINUOUS
10
4.3293136614173227
20
-3.0398392913385828
11
4.3305920866141729
21
-3.038560866141732
0
LINE
8
BLACK
6
CONTINUOUS
10
4.3305920866141729
20
-3.038560866141732
11
4.3324000393700786
21
-3.038560866141732
0
LINE
8
BLACK
6
CONTINUOUS
10
4.3324000393700786
20
-3.038560866141732
11
4.3336784645669288
21
-3.0398392913385828
0
LINE
8
BLACK
6
CONTINUOUS
10
4.3635997244094487
20
-3.0398392913385828
11
4.3637795275590552
21
-3.0407432677165356
0
LINE
8
BLACK
6
CONTINUOUS
10
4.3637795275590552
20
-3.0407432677165356
11
4.3637795275590552
21
-3.0539417716535433
0
LINE
8
BLACK
6
CONTINUOUS
10
4.3637795275590552
20
-3.0539417716535433
11
4.3635997244094487
21
-3.0548457480314961
0
LINE
8
BLACK
6
CONTINUOUS
10
4.3635997244094487
20
-3.0548457480314961
11
4.3623212992125984
21
-3.0561241732283464
0
LINE
8
BLACK
6
CONTINUOUS
10
4.3623212992125984
20
-3.0561241732283464
11
4.3605133464566928
21
-3.0561241732283464
0
LINE
8
BLACK
6
CONTINUOUS
10
4.3605133464566928
20
-3.0561241732283464
11
4.3592349212598425
21
-3.0548457480314961
0
LINE
8
BLACK
6
CONTINUOUS
10
4.3592349212598425
20
-3.0548457480314961
11
4.3590551181102359
21
-3.0539417716535433
0
LINE
8
BLACK
6
CONTINUOUS
10
4.3590551181102359
20
-3.0539417716535433
11
4.3590551181102359
21
-3.0407432677165356
0
LINE
8
BLACK
6
CONTINUOUS
10
4.3590551181102359
20
-3.0407432677165356
11
4.3592349212598425
21
-3.0398392913385828
0
LINE
8
BLACK
6
CONTINUOUS
10
4.3592349212598425
20
-3.0398392913385828
11
4.3605133464566928
21
-3.038560866141732
0
LINE
8
BLACK
6
CONTINUOUS
10
4.3605133464566928
20
-3.038560866141732
11
4.3623212992125984
21
-3.038560866141732
0
LINE
8
BLACK
6
CONTINUOUS
10
4.3623212992125984
20
-3.038560866141732
11
4.3635997244094487
21
-3.0398392913385828
0
LINE
8
BLACK
6
CONTINUOUS
10
4.403502913385827
20
-3.0135128346456694
11
4.4036009055118113
21
-3.0135534251968505
0
LINE
8
BLACK
6
CONTINUOUS
10
4.4036009055118113
20
-3.0135534251968505
11
4.4037067322834647
21
-3.0135609448818896
0
LINE
8
BLACK
6
CONTINUOUS
10
4.4037067322834647
20
-3.0135609448818896
11
4.4042473622047247
21
-3.0137678346456691
0
LINE
8
BLACK
6
CONTINUOUS
10
4.4042473622047247
20
-3.0137678346456691
11
4.4079968897637798
21
-3.0156425984251967
0
LINE
8
BLACK
6
CONTINUOUS
10
4.4079968897637798
20
-3.0156425984251967
11
4.4082447637795275
21
-3.0157986220472441
0
LINE
8
BLACK
6
CONTINUOUS
10
4.4082447637795275
20
-3.0157986220472441
11
4.4083168110236217
21
-3.0158284645669289
0
LINE
8
BLACK
6
CONTINUOUS
10
4.4083168110236217
20
-3.0158284645669289
11
4.4083978346456689
21
-3.0158949606299212
0
LINE
8
BLACK
6
CONTINUOUS
10
4.4083978346456689
20
-3.0158949606299212
11
4.4084867716535436
21
-3.0159509448818898
0
LINE
8
BLACK
6
CONTINUOUS
10
4.4084867716535436
20
-3.0159509448818898
11
4.4085379133858265
21
-3.0160099212598426
0
LINE
8
BLACK
6
CONTINUOUS
10
4.4085379133858265
20
-3.0160099212598426
11
4.4087642519685035
21
-3.0161956692913385
0
LINE
8
BLACK
6
CONTINUOUS
10
4.4087642519685035
20
-3.0161956692913385
11
4.4106390551181098
21
-3.0180704330708661
0
LINE
8
BLACK
6
CONTINUOUS
10
4.4106390551181098
20
-3.0180704330708661
11
4.4108248031496062
21
-3.0182967716535432
0
LINE
8
BLACK
6
CONTINUOUS
10
4.4108248031496062
20
-3.0182967716535432
11
4.4108838582677166
21
-3.0183479921259844
0
LINE
8
BLACK
6
CONTINUOUS
10
4.4108838582677166
20
-3.0183479921259844
11
4.4109398425196851
21
-3.0184369291338582
0
LINE
8
BLACK
6
CONTINUOUS
10
4.4109398425196851
20
-3.0184369291338582
11
4.4110062992125982
21
-3.0185179133858266
0
LINE
8
BLACK
6
CONTINUOUS
10
4.4110062992125982
20
-3.0185179133858266
11
4.4110361023622042
21
-3.0185898425196851
0
LINE
8
BLACK
6
CONTINUOUS
10
4.4110361023622042
20
-3.0185898425196851
11
4.4111922047244096
21
-3.0188378740157478
0
LINE
8
BLACK
6
CONTINUOUS
10
4.4111922047244096
20
-3.0188378740157478
11
4.4130669685039372
21
-3.0225874015748029
0
LINE
8
BLACK
6
CONTINUOUS
10
4.4130669685039372
20
-3.0225874015748029
11
4.4132738582677167
21
-3.0231279921259842
0
LINE
8
BLACK
6
CONTINUOUS
10
4.4132738582677167
20
-3.0231279921259842
11
4.4132813779527558
21
-3.0232338582677163
0
LINE
8
BLACK
6
CONTINUOUS
10
4.4132813779527558
20
-3.0232338582677163
11
4.4133219685039373
21
-3.0233318503937006
0
LINE
8
BLACK
6
CONTINUOUS
10
4.4133219685039373
20
-3.0233318503937006
11
4.4133787007874012
21
-3.0239079133858269
0
LINE
8
BLACK
6
CONTINUOUS
10
4.4133787007874012
20
-3.0239079133858269
11
4.4133787007874012
21
-3.0332817322834646
0
LINE
8
BLACK
6
CONTINUOUS
10
4.4133787007874012
20
-3.0332817322834646
11
4.4133219685039373
21
-3.0338577952755905
0
LINE
8
BLACK
6
CONTINUOUS
10
4.4133219685039373
20
-3.0338577952755905
11
4.4132813779527558
21
-3.033955748031496
0
LINE
8
BLACK
6
CONTINUOUS
10
4.4132813779527558
20
-3.033955748031496
11
4.4132738582677167
21
-3.0340616535433069
0
LINE
8
BLACK
6
CONTINUOUS
10
4.4132738582677167
20
-3.0340616535433069
11
4.4130669685039372
21
-3.0346022440944882
0
LINE
8
BLACK
6
CONTINUOUS
10
4.4130669685039372
20
-3.0346022440944882
11
4.4111922047244096
21
-3.0383517716535433
0
LINE
8
BLACK
6
CONTINUOUS
10
4.4111922047244096
20
-3.0383517716535433
11
4.4110361023622042
21
-3.0385997637795277
0
LINE
8
BLACK
6
CONTINUOUS
10
4.4110361023622042
20
-3.0385997637795277
11
4.4110062992125982
21
-3.0386717322834644
0
LINE
8
BLACK
6
CONTINUOUS
10
4.4110062992125982
20
-3.0386717322834644
11
4.4109398425196851
21
-3.0387526771653541
0
LINE
8
BLACK
6
CONTINUOUS
10
4.4109398425196851
20
-3.0387526771653541
11
4.4108838582677166
21
-3.0388416535433072
0
LINE
8
BLACK
6
CONTINUOUS
10
4.4108838582677166
20
-3.0388416535433072
11
4.4108248031496062
21
-3.0388928346456692
0
LINE
8
BLACK
6
CONTINUOUS
10
4.4108248031496062
20
-3.0388928346456692
11
4.4106390551181098
21
-3.039119212598425
0
LINE
8
BLACK
6
CONTINUOUS
10
4.4106390551181098
20
-3.039119212598425
11
4.4087642519685035
21
-3.0409939763779525
0
LINE
8
BLACK
6
CONTINUOUS
10
4.4087642519685035
20
-3.0409939763779525
11
4.4083168110236217
21
-3.0413611811023622
0
LINE
8
BLACK
6
CONTINUOUS
10
4.4083168110236217
20
-3.0413611811023622
11
4.4072524015748034
21
-3.0418020472440945
0
LINE
8
BLACK
6
CONTINUOUS
10
4.4072524015748034
20
-3.0418020472440945
11
4.4061003149606295
21
-3.0418020472440945
0
LINE
8
BLACK
6
CONTINUOUS
10
4.4061003149606295
20
-3.0418020472440945
11
4.4050359055118111
21
-3.0413611417322834
0
LINE
8
BLACK
6
CONTINUOUS
10
4.4050359055118111
20
-3.0413611417322834
11
4.4042212204724409
21
-3.0405464566929132
0
LINE
8
BLACK
6
CONTINUOUS
10
4.4042212204724409
20
-3.0405464566929132
11
4.4037803543307081
21
-3.0394820472440944
0
LINE
8
BLACK
6
CONTINUOUS
10
4.4037803543307081
20
-3.0394820472440944
11
4.4037803543307081
21
-3.038329960629921
0
LINE
8
BLACK
6
CONTINUOUS
10
4.4037803543307081
20
-3.038329960629921
11
4.4042212598425197
21
-3.0372655511811022
0
LINE
8
BLACK
6
CONTINUOUS
10
4.4042212598425197
20
-3.0372655511811022
11
4.4045885039370081
21
-3.0368180708661416
0
LINE
8
BLACK
6
CONTINUOUS
10
4.4045885039370081
20
-3.0368180708661416
11
4.4061244488188978
21
-3.035282125984252
0
LINE
8
BLACK
6
CONTINUOUS
10
4.4061244488188978
20
-3.035282125984252
11
4.4074731889763781
21
-3.0325846850393701
0
LINE
8
BLACK
6
CONTINUOUS
10
4.4074731889763781
20
-3.0325846850393701
11
4.4074731889763781
21
-3.024604960629921
0
LINE
8
BLACK
6
CONTINUOUS
10
4.4074731889763781
20
-3.024604960629921
11
4.4061244488188978
21
-3.0219074803149604
0
LINE
8
BLACK
6
CONTINUOUS
10
4.4061244488188978
20
-3.0219074803149604
11
4.4049272834645672
21
-3.0207103543307086
0
LINE
8
BLACK
6
CONTINUOUS
10
4.4049272834645672
20
-3.0207103543307086
11
4.4022298031496065
21
-3.0193616141732282
0
LINE
8
BLACK
6
CONTINUOUS
10
4.4022298031496065
20
-3.0193616141732282
11
4.3942500787401571
21
-3.0193616141732282
0
LINE
8
BLACK
6
CONTINUOUS
10
4.3942500787401571
20
-3.0193616141732282
11
4.3915525984251964
21
-3.0207103543307086
0
LINE
8
BLACK
6
CONTINUOUS
10
4.3915525984251964
20
-3.0207103543307086
11
4.3903554724409446
21
-3.0219074803149604
0
LINE
8
BLACK
6
CONTINUOUS
10
4.3903554724409446
20
-3.0219074803149604
11
4.3890067322834643
21
-3.024604960629921
0
LINE
8
BLACK
6
CONTINUOUS
10
4.3890067322834643
20
-3.024604960629921
11
4.3890067322834643
21
-3.0325846850393701
0
LINE
8
BLACK
6
CONTINUOUS
10
4.3890067322834643
20
-3.0325846850393701
11
4.3903554724409446
21
-3.0352821653543307
0
LINE
8
BLACK
6
CONTINUOUS
10
4.3903554724409446
20
-3.0352821653543307
11
4.3918914173228343
21
-3.0368181102362204
0
LINE
8
BLACK
6
CONTINUOUS
10
4.3918914173228343
20
-3.0368181102362204
11
4.3922586220472439
21
-3.0372655511811022
0
LINE
8
BLACK
6
CONTINUOUS
10
4.3922586220472439
20
-3.0372655511811022
11
4.3923155118110238
21
-3.0374028740157479
0
LINE
8
BLACK
6
CONTINUOUS
10
4.3923155118110238
20
-3.0374028740157479
11
4.3924096850393699
21
-3.0375179921259843
0
LINE
8
BLACK
6
CONTINUOUS
10
4.3924096850393699
20
-3.0375179921259843
11
4.3925343700787405
21
-3.0379312598425194
0
LINE
8
BLACK
6
CONTINUOUS
10
4.3925343700787405
20
-3.0379312598425194
11
4.3926995275590555
21
-3.038329960629921
0
LINE
8
BLACK
6
CONTINUOUS
10
4.3926995275590555
20
-3.038329960629921
11
4.3926995275590555
21
-3.0384786220472439
0
LINE
8
BLACK
6
CONTINUOUS
10
4.3926995275590555
20
-3.0384786220472439
11
4.3927424803149604
21
-3.0386209842519682
0
LINE
8
BLACK
6
CONTINUOUS
10
4.3927424803149604
20
-3.0386209842519682
11
4.3926995275590555
21
-3.0390504724409446
0
LINE
8
BLACK
6
CONTINUOUS
10
4.3926995275590555
20
-3.0390504724409446
11
4.3926995275590555
21
-3.0394820472440944
0
LINE
8
BLACK
6
CONTINUOUS
10
4.3926995275590555
20
-3.0394820472440944
11
4.3926425984251969
21
-3.0396193700787402
0
LINE
8
BLACK
6
CONTINUOUS
10
4.3926425984251969
20
-3.0396193700787402
11
4.3926278346456691
21
-3.0397674015748031
0
LINE
8
BLACK
6
CONTINUOUS
10
4.3926278346456691
20
-3.0397674015748031
11
4.3924237007874014
21
-3.0401478346456692
0
LINE
8
BLACK
6
CONTINUOUS
10
4.3924237007874014
20
-3.0401478346456692
11
4.3922586220472439
21
-3.0405464566929132
0
LINE
8
BLACK
6
CONTINUOUS
10
4.3922586220472439
20
-3.0405464566929132
11
4.3921534645669293
21
-3.0406515748031495
0
LINE
8
BLACK
6
CONTINUOUS
10
4.3921534645669293
20
-3.0406515748031495
11
4.3920831889763781
21
-3.0407826377952754
0
LINE
8
BLACK
6
CONTINUOUS
10
4.3920831889763781
20
-3.0407826377952754
11
4.3917489763779525
21
-3.0410560629921259
0
LINE
8
BLACK
6
CONTINUOUS
10
4.3917489763779525
20
-3.0410560629921259
11
4.3914439370078737
21
-3.0413611417322834
0
LINE
8
BLACK
6
CONTINUOUS
10
4.3914439370078737
20
-3.0413611417322834
11
4.3913066535433067
21
-3.0414179921259841
0
LINE
8
BLACK
6
CONTINUOUS
10
4.3913066535433067
20
-3.0414179921259841
11
4.3911915354330704
21
-3.0415122047244094
0
LINE
8
BLACK
6
CONTINUOUS
10
4.3911915354330704
20
-3.0415122047244094
11
4.3907781102362202
21
-3.0416369291338583
0
LINE
8
BLACK
6
CONTINUOUS
10
4.3907781102362202
20
-3.0416369291338583
11
4.3903795275590554
21
-3.0418020472440945
0
LINE
8
BLACK
6
CONTINUOUS
10
4.3903795275590554
20
-3.0418020472440945
11
4.3902309055118112
21
-3.0418020472440945
0
LINE
8
BLACK
6
CONTINUOUS
10
4.3902309055118112
20
-3.0418020472440945
11
4.3900885433070869
21
-3.0418449999999999
0
LINE
8
BLACK
6
CONTINUOUS
10
4.3900885433070869
20
-3.0418449999999999
11
4.3895096850393696
21
-3.0418441338582678
0
LINE
8
BLACK
6
CONTINUOUS
10
4.3895096850393696
20
-3.0418441338582678
11
4.370762047244094
21
-3.0399693700787402
0
LINE
8
BLACK
6
CONTINUOUS
10
4.370762047244094
20
-3.0399693700787402
11
4.3705521259842515
21
-3.039927283464567
0
LINE
8
BLACK
6
CONTINUOUS
10
4.3705521259842515
20
-3.039927283464567
11
4.3704798031496059
21
-3.039927283464567
0
LINE
8
BLACK
6
CONTINUOUS
10
4.3704798031496059
20
-3.039927283464567
11
4.3704119685039373
21
-3.0398991732283465
0
LINE
8
BLACK
6
CONTINUOUS
10
4.3704119685039373
20
-3.0398991732283465
11
4.370194488188976
21
-3.039855590551181
0
LINE
8
BLACK
6
CONTINUOUS
10
4.370194488188976
20
-3.039855590551181
11
4.3698141732283462
21
-3.0396515354330709
0
LINE
8
BLACK
6
CONTINUOUS
10
4.3698141732283462
20
-3.0396515354330709
11
4.3694153937007876
21
-3.0394863779527559
0
LINE
8
BLACK
6
CONTINUOUS
10
4.3694153937007876
20
-3.0394863779527559
11
4.3693101968503933
21
-3.0393811811023621
0
LINE
8
BLACK
6
CONTINUOUS
10
4.3693101968503933
20
-3.0393811811023621
11
4.3691792519685038
21
-3.0393109448818896
0
LINE
8
BLACK
6
CONTINUOUS
10
4.3691792519685038
20
-3.0393109448818896
11
4.3689059842519686
21
-3.0389769685039369
0
LINE
8
BLACK
6
CONTINUOUS
10
4.3689059842519686
20
-3.0389769685039369
11
4.3686007480314961
21
-3.0386717322834644
0
LINE
8
BLACK
6
CONTINUOUS
10
4.3686007480314961
20
-3.0386717322834644
11
4.3685438188976375
21
-3.0385343700787399
0
LINE
8
BLACK
6
CONTINUOUS
10
4.3685438188976375
20
-3.0385343700787399
11
4.3684496850393701
21
-3.0384192913385828
0
LINE
8
BLACK
6
CONTINUOUS
10
4.3684496850393701
20
-3.0384192913385828
11
4.3683249606299208
21
-3.0380059842519684
0
LINE
8
BLACK
6
CONTINUOUS
10
4.3683249606299208
20
-3.0380059842519684
11
4.3681598425196846
21
-3.0376073228346456
0
LINE
8
BLACK
6
CONTINUOUS
10
4.3681598425196846
20
-3.0376073228346456
11
4.3681380708661415
21
-3.0373866141732284
0
LINE
8
BLACK
6
CONTINUOUS
10
4.3681380708661415
20
-3.0373866141732284
11
4.3681168897637797
21
-3.0373162992125984
0
LINE
8
BLACK
6
CONTINUOUS
10
4.3681168897637797
20
-3.0373162992125984
11
4.36812405511811
21
-3.0372442913385824
0
LINE
8
BLACK
6
CONTINUOUS
10
4.36812405511811
20
-3.0372442913385824
11
4.3681031102362207
21
-3.0370312598425198
0
LINE
8
BLACK
6
CONTINUOUS
10
4.3681031102362207
20
-3.0370312598425198
11
4.3681031102362207
21
-3.0182836220472442
0
LINE
8
BLACK
6
CONTINUOUS
10
4.3681031102362207
20
-3.0182836220472442
11
4.3681598425196846
21
-3.0177075590551179
0
LINE
8
BLACK
6
CONTINUOUS
10
4.3681598425196846
20
-3.0177075590551179
11
4.3686007480314961
21
-3.0166431496062991
0
LINE
8
BLACK
6
CONTINUOUS
10
4.3686007480314961
20
-3.0166431496062991
11
4.3694153937007876
21
-3.0158285039370076
0
LINE
8
BLACK
6
CONTINUOUS
10
4.3694153937007876
20
-3.0158285039370076
11
4.3704798031496059
21
-3.015387598425197
0
LINE
8
BLACK
6
CONTINUOUS
10
4.3704798031496059
20
-3.015387598425197
11
4.3716319291338586
21
-3.015387598425197
0
LINE
8
BLACK
6
CONTINUOUS
10
4.3716319291338586
20
-3.015387598425197
11
4.3726963385826769
21
-3.0158285039370076
0
LINE
8
BLACK
6
CONTINUOUS
10
4.3726963385826769
20
-3.0158285039370076
11
4.3735109842519684
21
-3.0166431496062991
0
LINE
8
BLACK
6
CONTINUOUS
10
4.3735109842519684
20
-3.0166431496062991
11
4.373951889763779
21
-3.0177075590551179
0
LINE
8
BLACK
6
CONTINUOUS
10
4.373951889763779
20
-3.0177075590551179
11
4.3740086220472438
21
-3.0182836220472442
0
LINE
8
BLACK
6
CONTINUOUS
10
4.3740086220472438
20
-3.0182836220472442
11
4.3740086220472438
21
-3.0343590157480316
0
LINE
8
BLACK
6
CONTINUOUS
10
4.3740086220472438
20
-3.0343590157480316
11
4.3837798818897635
21
-3.0353361417322833
0
LINE
8
BLACK
6
CONTINUOUS
10
4.3837798818897635
20
-3.0353361417322833
11
4.3834129527559051
21
-3.0346022440944882
0
LINE
8
BLACK
6
CONTINUOUS
10
4.3834129527559051
20
-3.0346022440944882
11
4.3832060629921257
21
-3.0340616141732282
0
LINE
8
BLACK
6
CONTINUOUS
10
4.3832060629921257
20
-3.0340616141732282
11
4.3831985433070866
21
-3.0339557874015748
0
LINE
8
BLACK
6
CONTINUOUS
10
4.3831985433070866
20
-3.0339557874015748
11
4.383157952755905
21
-3.0338577952755905
0
LINE
8
BLACK
6
CONTINUOUS
10
4.383157952755905
20
-3.0338577952755905
11
4.3831012204724411
21
-3.0332817322834646
0
LINE
8
BLACK
6
CONTINUOUS
10
4.3831012204724411
20
-3.0332817322834646
11
4.3831012204724411
21
-3.0239079133858269
0
LINE
8
BLACK
6
CONTINUOUS
10
4.3831012204724411
20
-3.0239079133858269
11
4.383157952755905
21
-3.0233318503937006
0
LINE
8
BLACK
6
CONTINUOUS
10
4.383157952755905
20
-3.0233318503937006
11
4.3831985433070866
21
-3.0232338188976375
0
LINE
8
BLACK
6
CONTINUOUS
10
4.3831985433070866
20
-3.0232338188976375
11
4.3832060629921257
21
-3.0231280314960629
0
LINE
8
BLACK
6
CONTINUOUS
10
4.3832060629921257
20
-3.0231280314960629
11
4.3834129527559051
21
-3.0225874015748029
0
LINE
8
BLACK
6
CONTINUOUS
10
4.3834129527559051
20
-3.0225874015748029
11
4.3852877165354327
21
-3.0188378740157478
0
LINE
8
BLACK
6
CONTINUOUS
10
4.3852877165354327
20
-3.0188378740157478
11
4.3854437795275594
21
-3.0185898425196851
0
LINE
8
BLACK
6
CONTINUOUS
10
4.3854437795275594
20
-3.0185898425196851
11
4.3854736220472441
21
-3.0185179133858266
0
LINE
8
BLACK
6
CONTINUOUS
10
4.3854736220472441
20
-3.0185179133858266
11
4.3855400787401573
21
-3.0184369291338582
0
LINE
8
BLACK
6
CONTINUOUS
10
4.3855400787401573
20
-3.0184369291338582
11
4.3855960629921258
21
-3.0183479921259844
0
LINE
8
BLACK
6
CONTINUOUS
10
4.3855960629921258
20
-3.0183479921259844
11
4.3856550393700786
21
-3.0182968110236219
0
LINE
8
BLACK
6
CONTINUOUS
10
4.3856550393700786
20
-3.0182968110236219
11
4.3858408267716538
21
-3.0180704724409448
0
LINE
8
BLACK
6
CONTINUOUS
10
4.3858408267716538
20
-3.0180704724409448
11
4.3877155905511813
21
-3.0161957086614173
0
LINE
8
BLACK
6
CONTINUOUS
10
4.3877155905511813
20
-3.0161957086614173
11
4.3879419291338584
21
-3.0160099212598426
0
LINE
8
BLACK
6
CONTINUOUS
10
4.3879419291338584
20
-3.0160099212598426
11
4.38799311023622
21
-3.0159509448818898
0
LINE
8
BLACK
6
CONTINUOUS
10
4.38799311023622
20
-3.0159509448818898
11
4.3880820472440947
21
-3.0158949606299212
0
LINE
8
BLACK
6
CONTINUOUS
10
4.3880820472440947
20
-3.0158949606299212
11
4.3881630314960631
21
-3.0158285039370076
0
LINE
8
BLACK
6
CONTINUOUS
10
4.3881630314960631
20
-3.0158285039370076
11
4.3882349606299211
21
-3.0157986614173229
0
LINE
8
BLACK
6
CONTINUOUS
10
4.3882349606299211
20
-3.0157986614173229
11
4.3884829921259838
21
-3.0156425984251967
0
LINE
8
BLACK
6
CONTINUOUS
10
4.3884829921259838
20
-3.0156425984251967
11
4.3922325196850389
21
-3.0137678346456691
0
LINE
8
BLACK
6
CONTINUOUS
10
4.3922325196850389
20
-3.0137678346456691
11
4.3927731102362202
21
-3.0135609448818896
0
LINE
8
BLACK
6
CONTINUOUS
10
4.3927731102362202
20
-3.0135609448818896
11
4.3928789763779523
21
-3.0135533858267718
0
LINE
8
BLACK
6
CONTINUOUS
10
4.3928789763779523
20
-3.0135533858267718
11
4.3929769685039366
21
-3.0135128346456694
0
LINE
8
BLACK
6
CONTINUOUS
10
4.3929769685039366
20
-3.0135128346456694
11
4.3935530314960625
21
-3.0134561023622046
0
LINE
8
BLACK
6
CONTINUOUS
10
4.3935530314960625
20
-3.0134561023622046
11
4.4029268503937011
21
-3.0134561023622046
0
LINE
8
BLACK
6
CONTINUOUS
10
4.4029268503937011
20
-3.0134561023622046
11
4.403502913385827
21
-3.0135128346456694
0
LINE
8
BLACK
6
CONTINUOUS
10
4.9362111417322829
20
-2.8894668897637796
11
4.9370257874015744
21
-2.8902815354330706
0
LINE
8
BLACK
6
CONTINUOUS
10
4.9370257874015744
20
-2.8902815354330706
11
4.9374666929133859
21
-2.8913459448818899
0
LINE
8
BLACK
6
CONTINUOUS
10
4.9374666929133859
20
-2.8913459448818899
11
4.9375234251968507
21
-2.8919220078740158
0
LINE
8
BLACK
6
CONTINUOUS
10
4.9375234251968507
20
-2.8919220078740158
11
4.9375234251968507
21
-2.9230959448818896
0
LINE
8
BLACK
6
CONTINUOUS
10
4.9375234251968507
20
-2.9230959448818896
11
4.9388721653543302
21
-2.9257934251968503
0
LINE
8
BLACK
6
CONTINUOUS
10
4.9388721653543302
20
-2.9257934251968503
11
4.9400692913385829
21
-2.9269905905511808
0
LINE
8
BLACK
6
CONTINUOUS
10
4.9400692913385829
20
-2.9269905905511808
11
4.9427667716535435
21
-2.9283393307086611
0
LINE
8
BLACK
6
CONTINUOUS
10
4.9427667716535435
20
-2.9283393307086611
11
4.9488717322834646
21
-2.9283393307086611
0
LINE
8
BLACK
6
CONTINUOUS
10
4.9488717322834646
20
-2.9283393307086611
11
4.9515691732283464
21
-2.9269905905511808
0
LINE
8
BLACK
6
CONTINUOUS
10
4.9515691732283464
20
-2.9269905905511808
11
4.9527662992125983
21
-2.9257934251968503
0
LINE
8
BLACK
6
CONTINUOUS
10
4.9527662992125983
20
-2.9257934251968503
11
4.9541150787401573
21
-2.9230959448818896
0
LINE
8
BLACK
6
CONTINUOUS
10
4.9541150787401573
20
-2.9230959448818896
11
4.9541150787401573
21
-2.8919220078740158
0
LINE
8
BLACK
6
CONTINUOUS
10
4.9541150787401573
20
-2.8919220078740158
11
4.9541718110236221
21
-2.8913459448818899
0
LINE
8
BLACK
6
CONTINUOUS
10
4.9541718110236221
20
-2.8913459448818899
11
4.9546127165354328
21
-2.8902815354330706
0
LINE
8
BLACK
6
CONTINUOUS
10
4.9546127165354328
20
-2.8902815354330706
11
4.9554273622047242
21
-2.8894668897637796
0
LINE
8
BLACK
6
CONTINUOUS
10
4.9554273622047242
20
-2.8894668897637796
11
4.9564917716535435
21
-2.8890259842519685
0
LINE
8
BLACK
6
CONTINUOUS
10
4.9564917716535435
20
-2.8890259842519685
11
4.9576438976377952
21
-2.8890259842519685
0
LINE
8
BLACK
6
CONTINUOUS
10
4.9576438976377952
20
-2.8890259842519685
11
4.9587083070866145
21
-2.8894668897637796
0
LINE
8
BLACK
6
CONTINUOUS
10
4.9587083070866145
20
-2.8894668897637796
11
4.959522952755905
21
-2.8902815354330706
0
LINE
8
BLACK
6
CONTINUOUS
10
4.959522952755905
20
-2.8902815354330706
11
4.9599638582677166
21
-2.8913459448818899
0
LINE
8
BLACK
6
CONTINUOUS
10
4.9599638582677166
20
-2.8913459448818899
11
4.9600205905511814
21
-2.8919220078740158
0
LINE
8
BLACK
6
CONTINUOUS
10
4.9600205905511814
20
-2.8919220078740158
11
4.9600205905511814
21
-2.9237929921259842
0
LINE
8
BLACK
6
CONTINUOUS
10
4.9600205905511814
20
-2.9237929921259842
11
4.9599638582677166
21
-2.9243690551181101
0
LINE
8
BLACK
6
CONTINUOUS
10
4.9599638582677166
20
-2.9243690551181101
11
4.959923267716535
21
-2.9244670078740156
0
LINE
8
BLACK
6
CONTINUOUS
10
4.959923267716535
20
-2.9244670078740156
11
4.9599157480314959
21
-2.9245729133858269
0
LINE
8
BLACK
6
CONTINUOUS
10
4.9599157480314959
20
-2.9245729133858269
11
4.9597088582677165
21
-2.9251135039370078
0
LINE
8
BLACK
6
CONTINUOUS
10
4.9597088582677165
20
-2.9251135039370078
11
4.9578340944881889
21
-2.9288630314960629
0
LINE
8
BLACK
6
CONTINUOUS
10
4.9578340944881889
20
-2.9288630314960629
11
4.9576780314960631
21
-2.929110905511811
0
LINE
8
BLACK
6
CONTINUOUS
10
4.9576780314960631
20
-2.929110905511811
11
4.9576482283464562
21
-2.9291829527559052
0
LINE
8
BLACK
6
CONTINUOUS
10
4.9576482283464562
20
-2.9291829527559052
11
4.9575816929133856
21
-2.9292639763779529
0
LINE
8
BLACK
6
CONTINUOUS
10
4.9575816929133856
20
-2.9292639763779529
11
4.9575257480314958
21
-2.9293529133858267
0
LINE
8
BLACK
6
CONTINUOUS
10
4.9575257480314958
20
-2.9293529133858267
11
4.9574667322834642
21
-2.92940405511811
0
LINE
8
BLACK
6
CONTINUOUS
10
4.9574667322834642
20
-2.92940405511811
11
4.9572809842519687
21
-2.9296304330708662
0
LINE
8
BLACK
6
CONTINUOUS
10
4.9572809842519687
20
-2.9296304330708662
11
4.9554062598425199
21
-2.9315051968503938
0
LINE
8
BLACK
6
CONTINUOUS
10
4.9554062598425199
20
-2.9315051968503938
11
4.9551798818897641
21
-2.9316909448818897
0
LINE
8
BLACK
6
CONTINUOUS
10
4.9551798818897641
20
-2.9316909448818897
11
4.9551287007874016
21
-2.9317500000000001
0
LINE
8
BLACK
6
CONTINUOUS
10
4.9551287007874016
20
-2.9317500000000001
11
4.9550397244094491
21
-2.9318059842519686
0
LINE
8
BLACK
6
CONTINUOUS
10
4.9550397244094491
20
-2.9318059842519686
11
4.9549587795275594
21
-2.9318724409448818
0
LINE
8
BLACK
6
CONTINUOUS
10
4.9549587795275594
20
-2.9318724409448818
11
4.9548868110236217
21
-2.9319022440944882
0
LINE
8
BLACK
6
CONTINUOUS
10
4.9548868110236217
20
-2.9319022440944882
11
4.9546388188976378
21
-2.9320583464566927
0
LINE
8
BLACK
6
CONTINUOUS
10
4.9546388188976378
20
-2.9320583464566927
11
4.9508892913385827
21
-2.9339331102362203
0
LINE
8
BLACK
6
CONTINUOUS
10
4.9508892913385827
20
-2.9339331102362203
11
4.9503486614173227
21
-2.9341399999999997
0
LINE
8
BLACK
6
CONTINUOUS
10
4.9503486614173227
20
-2.9341399999999997
11
4.9502428346456693
21
-2.9341474803149605
0
LINE
8
BLACK
6
CONTINUOUS
10
4.9502428346456693
20
-2.9341474803149605
11
4.950144842519685
21
-2.9341881102362204
0
LINE
8
BLACK
6
CONTINUOUS
10
4.950144842519685
20
-2.9341881102362204
11
4.9495687795275591
21
-2.9342448425196848
0
LINE
8
BLACK
6
CONTINUOUS
10
4.9495687795275591
20
-2.9342448425196848
11
4.9420697244094489
21
-2.9342448425196848
0
LINE
8
BLACK
6
CONTINUOUS
10
4.9420697244094489
20
-2.9342448425196848
11
4.941493661417323
21
-2.9341881102362204
0
LINE
8
BLACK
6
CONTINUOUS
10
4.941493661417323
20
-2.9341881102362204
11
4.9413956692913388
21
-2.9341475196850393
0
LINE
8
BLACK
6
CONTINUOUS
10
4.9413956692913388
20
-2.9341475196850393
11
4.9412898031496058
21
-2.9341399999999997
0
LINE
8
BLACK
6
CONTINUOUS
10
4.9412898031496058
20
-2.9341399999999997
11
4.9407492125984254
21
-2.9339331102362203
0
LINE
8
BLACK
6
CONTINUOUS
10
4.9407492125984254
20
-2.9339331102362203
11
4.9369996850393703
21
-2.9320583464566927
0
LINE
8
BLACK
6
CONTINUOUS
10
4.9369996850393703
20
-2.9320583464566927
11
4.9367516535433067
21
-2.9319022440944882
0
LINE
8
BLACK
6
CONTINUOUS
10
4.9367516535433067
20
-2.9319022440944882
11
4.9366797244094487
21
-2.9318724409448818
0
LINE
8
BLACK
6
CONTINUOUS
10
4.9366797244094487
20
-2.9318724409448818
11
4.9365987401574802
21
-2.9318059842519686
0
LINE
8
BLACK
6
CONTINUOUS
10
4.9365987401574802
20
-2.9318059842519686
11
4.9365098031496064
21
-2.9317500000000001
0
LINE
8
BLACK
6
CONTINUOUS
10
4.9365098031496064
20
-2.9317500000000001
11
4.9364585826771652
21
-2.9316909448818897
0
LINE
8
BLACK
6
CONTINUOUS
10
4.9364585826771652
20
-2.9316909448818897
11
4.9362322440944881
21
-2.9315051968503938
0
LINE
8
BLACK
6
CONTINUOUS
10
4.9362322440944881
20
-2.9315051968503938
11
4.9343574803149606
21
-2.9296303937007875
0
LINE
8
BLACK
6
CONTINUOUS
10
4.9343574803149606
20
-2.9296303937007875
11
4.9341717322834642
21
-2.92940405511811
0
LINE
8
BLACK
6
CONTINUOUS
10
4.9341717322834642
20
-2.92940405511811
11
4.9341127559055113
21
-2.9293529133858267
0
LINE
8
BLACK
6
CONTINUOUS
10
4.9341127559055113
20
-2.9293529133858267
11
4.9340567716535428
21
-2.9292639763779529
0
LINE
8
BLACK
6
CONTINUOUS
10
4.9340567716535428
20
-2.9292639763779529
11
4.9339902755905509
21
-2.9291829527559052
0
LINE
8
BLACK
6
CONTINUOUS
10
4.9339902755905509
20
-2.9291829527559052
11
4.9339604330708662
21
-2.929110905511811
0
LINE
8
BLACK
6
CONTINUOUS
10
4.9339604330708662
20
-2.929110905511811
11
4.9338044094488192
21
-2.9288630314960629
0
LINE
8
BLACK
6
CONTINUOUS
10
4.9338044094488192
20
-2.9288630314960629
11
4.9319296456692916
21
-2.9251135039370078
0
LINE
8
BLACK
6
CONTINUOUS
10
4.9319296456692916
20
-2.9251135039370078
11
4.9317227559055121
21
-2.9245728740157482
0
LINE
8
BLACK
6
CONTINUOUS
10
4.9317227559055121
20
-2.9245728740157482
11
4.9317152362204721
21
-2.9244670472440943
0
LINE
8
BLACK
6
CONTINUOUS
10
4.9317152362204721
20
-2.9244670472440943
11
4.9316746456692915
21
-2.9243690551181101
0
LINE
8
BLACK
6
CONTINUOUS
10
4.9316746456692915
20
-2.9243690551181101
11
4.9316179133858267
21
-2.9237929921259842
0
LINE
8
BLACK
6
CONTINUOUS
10
4.9316179133858267
20
-2.9237929921259842
11
4.9316179133858267
21
-2.8919220078740158
0
LINE
8
BLACK
6
CONTINUOUS
10
4.9316179133858267
20
-2.8919220078740158
11
4.9316746456692915
21
-2.8913459448818899
0
LINE
8
BLACK
6
CONTINUOUS
10
4.9316746456692915
20
-2.8913459448818899
11
4.9321155511811021
21
-2.8902815354330706
0
LINE
8
BLACK
6
CONTINUOUS
10
4.9321155511811021
20
-2.8902815354330706
11
4.9329301968503936
21
-2.8894668897637796
0
LINE
8
BLACK
6
CONTINUOUS
10
4.9329301968503936
20
-2.8894668897637796
11
4.9339946062992128
21
-2.8890259842519685
0
LINE
8
BLACK
6
CONTINUOUS
10
4.9339946062992128
20
-2.8890259842519685
11
4.9351467322834646
21
-2.8890259842519685
0
LINE
8
BLACK
6
CONTINUOUS
10
4.9351467322834646
20
-2.8890259842519685
11
4.9362111417322829
21
-2.8894668897637796
0
LINE
8
BLACK
6
CONTINUOUS
10
4.9854729921259837
20
-2.8890259842519685
11
4.9857653937007873
21
-2.8890259842519685
0
LINE
8
BLACK
6
CONTINUOUS
10
4.9857653937007873
20
-2.8890259842519685
11
4.9860326377952751
21
-2.8891366929133859
0
LINE
8
BLACK
6
CONTINUOUS
10
4.9860326377952751
20
-2.8891366929133859
11
4.9863164566929132
21
-2.889192834645669
0
LINE
8
BLACK
6
CONTINUOUS
10
4.9863164566929132
20
-2.889192834645669
11
4.9865597244094486
21
-2.8893550000000001
0
LINE
8
BLACK
6
CONTINUOUS
10
4.9865597244094486
20
-2.8893550000000001
11
4.9868298031496066
21
-2.8894668897637796
0
LINE
8
BLACK
6
CONTINUOUS
10
4.9868298031496066
20
-2.8894668897637796
11
4.9870342519685043
21
-2.8896713385826769
0
LINE
8
BLACK
6
CONTINUOUS
10
4.9870342519685043
20
-2.8896713385826769
11
4.987275078740157
21
-2.8898318897637796
0
LINE
8
BLACK
6
CONTINUOUS
10
4.987275078740157
20
-2.8898318897637796
11
4.9874377952755902
21
-2.8900748818897637
0
LINE
8
BLACK
6
CONTINUOUS
10
4.9874377952755902
20
-2.8900748818897637
11
4.9876444488188971
21
-2.8902815354330706
0
LINE
8
BLACK
6
CONTINUOUS
10
4.9876444488188971
20
-2.8902815354330706
11
4.9877551181102362
21
-2.8905487401574801
0
LINE
8
BLACK
6
CONTINUOUS
10
4.9877551181102362
20
-2.8905487401574801
11
4.987916141732283
21
-2.8907891732283466
0
LINE
8
BLACK
6
CONTINUOUS
10
4.987916141732283
20
-2.8907891732283466
11
4.9879734645669291
21
-2.8910758267716536
0
LINE
8
BLACK
6
CONTINUOUS
10
4.9879734645669291
20
-2.8910758267716536
11
4.9880853543307087
21
-2.8913459448818899
0
LINE
8
BLACK
6
CONTINUOUS
10
4.9880853543307087
20
-2.8913459448818899
11
4.9881414566929134
21
-2.8919158661417321
0
LINE
8
BLACK
6
CONTINUOUS
10
4.9881414566929134
20
-2.8919158661417321
11
4.9881420866141735
21
-2.8919188976377952
0
LINE
8
BLACK
6
CONTINUOUS
10
4.9881420866141735
20
-2.8919188976377952
11
4.9881418503937009
21
-2.8919199212598423
0
LINE
8
BLACK
6
CONTINUOUS
10
4.9881418503937009
20
-2.8919199212598423
11
4.9881420866141735
21
-2.8919220078740158
0
LINE
8
BLACK
6
CONTINUOUS
10
4.9881420866141735
20
-2.8919220078740158
11
4.9881420866141735
21
-2.9283393307086611
0
LINE
8
BLACK
6
CONTINUOUS
10
4.9881420866141735
20
-2.9283393307086611
11
4.9964379133858268
21
-2.9283393307086611
0
LINE
8
BLACK
6
CONTINUOUS
10
4.9964379133858268
20
-2.9283393307086611
11
4.9970139763779526
21
-2.928396062992126
0
LINE
8
BLACK
6
CONTINUOUS
10
4.9970139763779526
20
-2.928396062992126
11
4.9980783858267719
21
-2.928836968503937
0
LINE
8
BLACK
6
CONTINUOUS
10
4.9980783858267719
20
-2.928836968503937
11
4.9988930314960625
21
-2.9296516141732281
0
LINE
8
BLACK
6
CONTINUOUS
10
4.9988930314960625
20
-2.9296516141732281
11
4.999333937007874
21
-2.9307160236220473
0
LINE
8
BLACK
6
CONTINUOUS
10
4.999333937007874
20
-2.9307160236220473
11
4.999333937007874
21
-2.931868149606299
0
LINE
8
BLACK
6
CONTINUOUS
10
4.999333937007874
20
-2.931868149606299
11
4.9988930314960625
21
-2.9329325590551178
0
LINE
8
BLACK
6
CONTINUOUS
10
4.9988930314960625
20
-2.9329325590551178
11
4.9980783858267719
21
-2.9337472047244093
0
LINE
8
BLACK
6
CONTINUOUS
10
4.9980783858267719
20
-2.9337472047244093
11
4.9970139763779526
21
-2.9341881102362204
0
LINE
8
BLACK
6
CONTINUOUS
10
4.9970139763779526
20
-2.9341881102362204
11
4.9964379133858268
21
-2.9342448425196848
0
LINE
8
BLACK
6
CONTINUOUS
10
4.9964379133858268
20
-2.9342448425196848
11
4.9739407480314961
21
-2.9342448425196848
0
LINE
8
BLACK
6
CONTINUOUS
10
4.9739407480314961
20
-2.9342448425196848
11
4.9733646850393702
21
-2.9341881102362204
0
LINE
8
BLACK
6
CONTINUOUS
10
4.9733646850393702
20
-2.9341881102362204
11
4.972300275590551
21
-2.9337472047244093
0
LINE
8
BLACK
6
CONTINUOUS
10
4.972300275590551
20
-2.9337472047244093
11
4.9714856299212595
21
-2.9329325590551178
0
LINE
8
BLACK
6
CONTINUOUS
10
4.9714856299212595
20
-2.9329325590551178
11
4.9710447244094489
21
-2.931868149606299
0
LINE
8
BLACK
6
CONTINUOUS
10
4.9710447244094489
20
-2.931868149606299
11
4.9710447244094489
21
-2.9307160236220473
0
LINE
8
BLACK
6
CONTINUOUS
10
4.9710447244094489
20
-2.9307160236220473
11
4.9714856299212595
21
-2.9296516141732281
0
LINE
8
BLACK
6
CONTINUOUS
10
4.9714856299212595
20
-2.9296516141732281
11
4.972300275590551
21
-2.928836968503937
0
LINE
8
BLACK
6
CONTINUOUS
10
4.972300275590551
20
-2.928836968503937
11
4.9733646850393702
21
-2.928396062992126
0
LINE
8
BLACK
6
CONTINUOUS
10
4.9733646850393702
20
-2.928396062992126
11
4.9739407480314961
21
-2.9283393307086611
0
LINE
8
BLACK
6
CONTINUOUS
10
4.9739407480314961
20
-2.9283393307086611
11
4.9822365748031494
21
-2.9283393307086611
0
LINE
8
BLACK
6
CONTINUOUS
10
4.9822365748031494
20
-2.9283393307086611
11
4.9822365748031494
21
-2.9009253543307087
0
LINE
8
BLACK
6
CONTINUOUS
10
4.9822365748031494
20
-2.9009253543307087
11
4.9797781889763781
21
-2.9033837401574805
0
LINE
8
BLACK
6
CONTINUOUS
10
4.9797781889763781
20
-2.9033837401574805
11
4.9795518110236223
21
-2.9035694881889764
0
LINE
8
BLACK
6
CONTINUOUS
10
4.9795518110236223
20
-2.9035694881889764
11
4.9795006692913386
21
-2.903628503937008
0
LINE
8
BLACK
6
CONTINUOUS
10
4.9795006692913386
20
-2.903628503937008
11
4.979411692913386
21
-2.9036844488188978
0
LINE
8
BLACK
6
CONTINUOUS
10
4.979411692913386
20
-2.9036844488188978
11
4.9793307480314963
21
-2.9037509448818897
0
LINE
8
BLACK
6
CONTINUOUS
10
4.9793307480314963
20
-2.9037509448818897
11
4.9792587795275587
21
-2.9037807480314961
0
LINE
8
BLACK
6
CONTINUOUS
10
4.9792587795275587
20
-2.9037807480314961
11
4.9790107874015748
21
-2.9039368503937006
0
LINE
8
BLACK
6
CONTINUOUS
10
4.9790107874015748
20
-2.9039368503937006
11
4.9752612598425197
21
-2.9058116141732282
0
LINE
8
BLACK
6
CONTINUOUS
10
4.9752612598425197
20
-2.9058116141732282
11
4.9747206299212596
21
-2.9060185039370077
0
LINE
8
BLACK
6
CONTINUOUS
10
4.9747206299212596
20
-2.9060185039370077
11
4.9735714173228347
21
-2.9061001574803149
0
LINE
8
BLACK
6
CONTINUOUS
10
4.9735714173228347
20
-2.9061001574803149
11
4.9724784645669287
21
-2.9057358267716533
0
LINE
8
BLACK
6
CONTINUOUS
10
4.9724784645669287
20
-2.9057358267716533
11
4.9716080708661412
21
-2.9049809842519685
0
LINE
8
BLACK
6
CONTINUOUS
10
4.9716080708661412
20
-2.9049809842519685
11
4.9710928346456695
21
-2.9039504724409446
0
LINE
8
BLACK
6
CONTINUOUS
10
4.9710928346456695
20
-2.9039504724409446
11
4.9710111811023623
21
-2.9028012598425197
0
LINE
8
BLACK
6
CONTINUOUS
10
4.9710111811023623
20
-2.9028012598425197
11
4.9713755118110239
21
-2.9017083070866141
0
LINE
8
BLACK
6
CONTINUOUS
10
4.9713755118110239
20
-2.9017083070866141
11
4.9721303543307087
21
-2.9008379133858266
0
LINE
8
BLACK
6
CONTINUOUS
10
4.9721303543307087
20
-2.9008379133858266
11
4.9726202362204726
21
-2.900529566929134
0
LINE
8
BLACK
6
CONTINUOUS
10
4.9726202362204726
20
-2.900529566929134
11
4.9759411811023622
21
-2.8988690944881887
0
LINE
8
BLACK
6
CONTINUOUS
10
4.9759411811023622
20
-2.8988690944881887
11
4.9791450787401574
21
-2.8956651968503935
0
LINE
8
BLACK
6
CONTINUOUS
10
4.9791450787401574
20
-2.8956651968503935
11
4.9827324803149606
21
-2.8902840944881891
0
LINE
8
BLACK
6
CONTINUOUS
10
4.9827324803149606
20
-2.8902840944881891
11
4.9827338188976373
21
-2.8902824015748032
0
LINE
8
BLACK
6
CONTINUOUS
10
4.9827338188976373
20
-2.8902824015748032
11
4.9827342125984249
21
-2.8902815354330706
0
LINE
8
BLACK
6
CONTINUOUS
10
4.9827342125984249
20
-2.8902815354330706
11
4.9827362204724412
21
-2.8902794881889764
0
LINE
8
BLACK
6
CONTINUOUS
10
4.9827362204724412
20
-2.8902794881889764
11
4.983099251968504
21
-2.8898362598425198
0
LINE
8
BLACK
6
CONTINUOUS
10
4.983099251968504
20
-2.8898362598425198
11
4.9833421259842519
21
-2.8896735826771653
0
LINE
8
BLACK
6
CONTINUOUS
10
4.9833421259842519
20
-2.8896735826771653
11
4.9835488582677163
21
-2.8894668897637796
0
LINE
8
BLACK
6
CONTINUOUS
10
4.9835488582677163
20
-2.8894668897637796
11
4.9838161417322837
21
-2.8893561417322835
0
LINE
8
BLACK
6
CONTINUOUS
10
4.9838161417322837
20
-2.8893561417322835
11
4.984056535433071
21
-2.8891951968503937
0
LINE
8
BLACK
6
CONTINUOUS
10
4.984056535433071
20
-2.8891951968503937
11
4.9843431496062989
21
-2.8891378346456693
0
LINE
8
BLACK
6
CONTINUOUS
10
4.9843431496062989
20
-2.8891378346456693
11
4.9846132677165356
21
-2.8890259842519685
0
LINE
8
BLACK
6
CONTINUOUS
10
4.9846132677165356
20
-2.8890259842519685
11
4.9849025590551177
21
-2.8890259842519685
0
LINE
8
BLACK
6
CONTINUOUS
10
4.9849025590551177
20
-2.8890259842519685
11
4.9851862204724409
21
-2.8889692519685037
0
LINE
8
BLACK
6
CONTINUOUS
10
4.9851862204724409
20
-2.8889692519685037
11
4.9854729921259837
21
-2.8890259842519685
0
LINE
8
BLACK
6
CONTINUOUS
10
5.7594717322834645
20
-2.8867939763779527
11
5.7607501574803148
21
-2.8880724015748029
0
LINE
8
BLACK
6
CONTINUOUS
10
5.7607501574803148
20
-2.8880724015748029
11
5.7607501574803148
21
-2.8898803543307086
0
LINE
8
BLACK
6
CONTINUOUS
10
5.7607501574803148
20
-2.8898803543307086
11
5.7594717322834645
21
-2.8911587795275588
0
LINE
8
BLACK
6
CONTINUOUS
10
5.7594717322834645
20
-2.8911587795275588
11
5.7585677559055117
21
-2.8913385826771654
0
LINE
8
BLACK
6
CONTINUOUS
10
5.7585677559055117
20
-2.8913385826771654
11
5.745369251968504
21
-2.8913385826771654
0
LINE
8
BLACK
6
CONTINUOUS
10
5.745369251968504
20
-2.8913385826771654
11
5.7444652755905512
21
-2.8911587795275588
0
LINE
8
BLACK
6
CONTINUOUS
10
5.7444652755905512
20
-2.8911587795275588
11
5.7431868503937009
21
-2.8898803543307086
0
LINE
8
BLACK
6
CONTINUOUS
10
5.7431868503937009
20
-2.8898803543307086
11
5.7431868503937009
21
-2.8880724015748029
0
LINE
8
BLACK
6
CONTINUOUS
10
5.7431868503937009
20
-2.8880724015748029
11
5.7444652755905512
21
-2.8867939763779527
0
LINE
8
BLACK
6
CONTINUOUS
10
5.7444652755905512
20
-2.8867939763779527
11
5.745369251968504
21
-2.8866141732283466
0
LINE
8
BLACK
6
CONTINUOUS
10
5.745369251968504
20
-2.8866141732283466
11
5.7585677559055117
21
-2.8866141732283466
0
LINE
8
BLACK
6
CONTINUOUS
10
5.7585677559055117
20
-2.8866141732283466
11
5.7594717322834645
21
-2.8867939763779527
0
LINE
8
BLACK
6
CONTINUOUS
10
5.3634813385826767
20
-2.8654556692913387
11
5.3641732283464565
21
-2.8671259842519685
0
LINE
8
BLACK
6
CONTINUOUS
10
5.3641732283464565
20
-2.8671259842519685
11
5.3641732283464565
21
-2.8781496062992127
0
LINE
8
BLACK
6
CONTINUOUS
10
5.3641732283464565
20
-2.8781496062992127
11
5.3634813385826767
21
-2.8798199212598425
0
LINE
8
BLACK
6
CONTINUOUS
10
5.3634813385826767
20
-2.8798199212598425
11
5.3618110236220469
21
-2.8805118110236219
0
LINE
8
BLACK
6
CONTINUOUS
10
5.3618110236220469
20
-2.8805118110236219
11
5.360140708661417
21
-2.8798199212598425
0
LINE
8
BLACK
6
CONTINUOUS
10
5.360140708661417
20
-2.8798199212598425
11
5.3491170866141733
21
-2.8687962992125984
0
LINE
8
BLACK
6
CONTINUOUS
10
5.3491170866141733
20
-2.8687962992125984
11
5.3484251968503935
21
-2.8671259842519685
0
LINE
8
BLACK
6
CONTINUOUS
10
5.3484251968503935
20
-2.8671259842519685
11
5.3491170866141733
21
-2.8654556692913387
0
LINE
8
BLACK
6
CONTINUOUS
10
5.3491170866141733
20
-2.8654556692913387
11
5.3507874015748031
21
-2.8647637795275589
0
LINE
8
BLACK
6
CONTINUOUS
10
5.3507874015748031
20
-2.8647637795275589
11
5.3618110236220469
21
-2.8647637795275589
0
LINE
8
BLACK
6
CONTINUOUS
10
5.3618110236220469
20
-2.8647637795275589
11
5.3634813385826767
21
-2.8654556692913387
0
LINE
8
BLACK
6
CONTINUOUS
10
5.1678331102362201
20
-2.6647467322834646
11
5.1691115354330703
21
-2.6660251574803149
0
LINE
8
BLACK
6
CONTINUOUS
10
5.1691115354330703
20
-2.6660251574803149
11
5.1692913385826769
21
-2.6669291338582677
0
LINE
8
BLACK
6
CONTINUOUS
10
5.1692913385826769
20
-2.6669291338582677
11
5.1692913385826769
21
-2.8763779527559055
0
LINE
8
BLACK
6
CONTINUOUS
10
5.1692913385826769
20
-2.8763779527559055
11
5.1691115354330703
21
-2.8772819291338583
0
LINE
8
BLACK
6
CONTINUOUS
10
5.1691115354330703
20
-2.8772819291338583
11
5.1678331102362201
21
-2.8785603543307086
0
LINE
8
BLACK
6
CONTINUOUS
10
5.1678331102362201
20
-2.8785603543307086
11
5.1669291338582672
21
-2.8787401574803151
0
LINE
8
BLACK
6
CONTINUOUS
10
5.1669291338582672
20
-2.8787401574803151
11
4.7622047244094485
21
-2.8787401574803151
0
LINE
8
BLACK
6
CONTINUOUS
10
4.7622047244094485
20
-2.8787401574803151
11
4.7613007480314957
21
-2.8785603543307086
0
LINE
8
BLACK
6
CONTINUOUS
10
4.7613007480314957
20
-2.8785603543307086
11
4.7600223228346454
21
-2.8772819291338583
0
LINE
8
BLACK
6
CONTINUOUS
10
4.7600223228346454
20
-2.8772819291338583
11
4.7598425196850389
21
-2.8763779527559055
0
LINE
8
BLACK
6
CONTINUOUS
10
4.7598425196850389
20
-2.8763779527559055
11
4.7598425196850389
21
-2.6669291338582677
0
LINE
8
BLACK
6
CONTINUOUS
10
4.7598425196850389
20
-2.6669291338582677
11
4.7600223228346454
21
-2.6660251574803149
0
LINE
8
BLACK
6
CONTINUOUS
10
4.7600223228346454
20
-2.6660251574803149
11
4.7613007480314957
21
-2.6647467322834646
0
LINE
8
BLACK
6
CONTINUOUS
10
4.7613007480314957
20
-2.6647467322834646
11
4.7622047244094485
21
-2.6645669291338581
0
LINE
8
BLACK
6
CONTINUOUS
10
4.7622047244094485
20
-2.6645669291338581
11
5.1669291338582672
21
-2.6645669291338581
0
LINE
8
BLACK
6
CONTINUOUS
10
5.1669291338582672
20
-2.6645669291338581
11
5.1678331102362201
21
-2.6647467322834646
0
LINE
8
BLACK
6
CONTINUOUS
10
4.7645669291338582
20
-2.6692913385826773
11
4.7645669291338582
21
-2.8740157480314958
0
LINE
8
BLACK
6
CONTINUOUS
10
4.7645669291338582
20
-2.8740157480314958
11
4.8578740157480311
21
-2.8740157480314958
0
LINE
8
BLACK
6
CONTINUOUS
10
4.8578740157480311
20
-2.8740157480314958
11
4.8578740157480311
21
-2.6692913385826773
0
LINE
8
BLACK
6
CONTINUOUS
10
4.8578740157480311
20
-2.6692913385826773
11
4.7645669291338582
21
-2.6692913385826773
0
LINE
8
BLACK
6
CONTINUOUS
10
4.9537721259842522
20
-2.8384300787401573
11
4.9470371259842523
21
-2.8412198031496061
0
LINE
8
BLACK
6
CONTINUOUS
10
4.9470371259842523
20
-2.8412198031496061
11
4.9409757874015749
21
-2.8452698818897639
0
LINE
8
BLACK
6
CONTINUOUS
10
4.9409757874015749
20
-2.8452698818897639
11
4.935821062992126
21
-2.8504246062992125
0
LINE
8
BLACK
6
CONTINUOUS
10
4.935821062992126
20
-2.8504246062992125
11
4.9317709842519681
21
-2.8564859448818898
0
LINE
8
BLACK
6
CONTINUOUS
10
4.9317709842519681
20
-2.8564859448818898
11
4.9289812598425193
21
-2.8632209448818897
0
LINE
8
BLACK
6
CONTINUOUS
10
4.9289812598425193
20
-2.8632209448818897
11
4.9275590551181105
21
-2.8703707874015749
0
LINE
8
BLACK
6
CONTINUOUS
10
4.9275590551181105
20
-2.8703707874015749
11
4.9275590551181105
21
-2.8740157480314958
0
LINE
8
BLACK
6
CONTINUOUS
10
4.9275590551181105
20
-2.8740157480314958
11
5.0015748031496061
21
-2.8740157480314958
0
LINE
8
BLACK
6
CONTINUOUS
10
5.0015748031496061
20
-2.8740157480314958
11
5.0015748031496061
21
-2.8703707874015749
0
LINE
8
BLACK
6
CONTINUOUS
10
5.0015748031496061
20
-2.8703707874015749
11
5.0001525984251964
21
-2.8632209448818897
0
LINE
8
BLACK
6
CONTINUOUS
10
5.0001525984251964
20
-2.8632209448818897
11
4.9973628740157476
21
-2.8564859448818898
0
LINE
8
BLACK
6
CONTINUOUS
10
4.9973628740157476
20
-2.8564859448818898
11
4.9933127952755907
21
-2.8504246062992125
0
LINE
8
BLACK
6
CONTINUOUS
10
4.9933127952755907
20
-2.8504246062992125
11
4.9881580708661417
21
-2.8452698818897639
0
LINE
8
BLACK
6
CONTINUOUS
10
4.9881580708661417
20
-2.8452698818897639
11
4.9820967322834644
21
-2.8412198031496061
0
LINE
8
BLACK
6
CONTINUOUS
10
4.9820967322834644
20
-2.8412198031496061
11
4.9753617322834645
21
-2.8384300787401573
0
LINE
8
BLACK
6
CONTINUOUS
10
4.9753617322834645
20
-2.8384300787401573
11
4.9682118897637793
21
-2.8370078740157481
0
LINE
8
BLACK
6
CONTINUOUS
10
4.9682118897637793
20
-2.8370078740157481
11
4.9609219685039365
21
-2.8370078740157481
0
LINE
8
BLACK
6
CONTINUOUS
10
4.9609219685039365
20
-2.8370078740157481
11
4.9537721259842522
21
-2.8384300787401573
0
LINE
8
BLACK
6
CONTINUOUS
10
5.0712598425196846
20
-2.6692913385826773
11
5.0712598425196846
21
-2.8740157480314958
0
LINE
8
BLACK
6
CONTINUOUS
10
5.0712598425196846
20
-2.8740157480314958
11
5.1645669291338585
21
-2.8740157480314958
0
LINE
8
BLACK
6
CONTINUOUS
10
5.1645669291338585
20
-2.8740157480314958
11
5.1645669291338585
21
-2.6692913385826773
0
LINE
8
BLACK
6
CONTINUOUS
10
5.1645669291338585
20
-2.6692913385826773
11
5.0712598425196846
21
-2.6692913385826773
0
LINE
8
BLACK
6
CONTINUOUS
10
4.8625984251968504
20
-2.6716535433070865
11
4.8625984251968504
21
-2.8716535433070867
0
LINE
8
BLACK
6
CONTINUOUS
10
4.8625984251968504
20
-2.8716535433070867
11
4.9230535433070868
21
-2.8716535433070867
0
LINE
8
BLACK
6
CONTINUOUS
10
4.9230535433070868
20
-2.8716535433070867
11
4.9235452362204724
21
-2.8663474803149604
0
LINE
8
BLACK
6
CONTINUOUS
10
4.9235452362204724
20
-2.8663474803149604
11
4.9256527165354331
21
-2.8589403149606301
0
LINE
8
BLACK
6
CONTINUOUS
10
4.9256527165354331
20
-2.8589403149606301
11
4.929085433070866
21
-2.8520465354330709
0
LINE
8
BLACK
6
CONTINUOUS
10
4.929085433070866
20
-2.8520465354330709
11
4.9337264173228341
21
-2.8459009055118107
0
LINE
8
BLACK
6
CONTINUOUS
10
4.9337264173228341
20
-2.8459009055118107
11
4.9394175984251971
21
-2.8407126771653544
0
LINE
8
BLACK
6
CONTINUOUS
10
4.9394175984251971
20
-2.8407126771653544
11
4.9459652362204727
21
-2.8366585433070863
0
LINE
8
BLACK
6
CONTINUOUS
10
4.9459652362204727
20
-2.8366585433070863
11
4.9531463385826768
21
-2.8338765748031496
0
LINE
8
BLACK
6
CONTINUOUS
10
4.9531463385826768
20
-2.8338765748031496
11
4.9607163779527559
21
-2.8324614960629919
0
LINE
8
BLACK
6
CONTINUOUS
10
4.9607163779527559
20
-2.8324614960629919
11
4.9684174803149608
21
-2.8324614960629919
0
LINE
8
BLACK
6
CONTINUOUS
10
4.9684174803149608
20
-2.8324614960629919
11
4.9759875196850389
21
-2.8338765748031496
0
LINE
8
BLACK
6
CONTINUOUS
10
4.9759875196850389
20
-2.8338765748031496
11
4.983168622047244
21
-2.8366585433070863
0
LINE
8
BLACK
6
CONTINUOUS
10
4.983168622047244
20
-2.8366585433070863
11
4.9897162598425195
21
-2.8407126771653544
0
LINE
8
BLACK
6
CONTINUOUS
10
4.9897162598425195
20
-2.8407126771653544
11
4.9954074409448816
21
-2.8459009055118107
0
LINE
8
BLACK
6
CONTINUOUS
10
4.9954074409448816
20
-2.8459009055118107
11
5.0000484251968507
21
-2.8520465354330709
0
LINE
8
BLACK
6
CONTINUOUS
10
5.0000484251968507
20
-2.8520465354330709
11
5.0034811417322835
21
-2.8589403149606301
0
LINE
8
BLACK
6
CONTINUOUS
10
5.0034811417322835
20
-2.8589403149606301
11
5.0055886220472443
21
-2.8663474803149604
0
LINE
8
BLACK
6
CONTINUOUS
10
5.0055886220472443
20
-2.8663474803149604
11
5.0060803149606299
21
-2.8716535433070867
0
LINE
8
BLACK
6
CONTINUOUS
10
5.0060803149606299
20
-2.8716535433070867
11
5.0665354330708663
21
-2.8716535433070867
0
LINE
8
BLACK
6
CONTINUOUS
10
5.0665354330708663
20
-2.8716535433070867
11
5.0665354330708663
21
-2.6716535433070865
0
LINE
8
BLACK
6
CONTINUOUS
10
5.0665354330708663
20
-2.6716535433070865
11
4.8625984251968504
21
-2.6716535433070865
0
LINE
8
BLACK
6
CONTINUOUS
10
5.7594717322834645
20
-2.8568727165354328
11
5.7607501574803148
21
-2.8581511417322836
0
LINE
8
BLACK
6
CONTINUOUS
10
5.7607501574803148
20
-2.8581511417322836
11
5.7607501574803148
21
-2.8599590944881887
0
LINE
8
BLACK
6
CONTINUOUS
10
5.7607501574803148
20
-2.8599590944881887
11
5.7594717322834645
21
-2.8612375196850395
0
LINE
8
BLACK
6
CONTINUOUS
10
5.7594717322834645
20
-2.8612375196850395
11
5.7585677559055117
21
-2.8614173228346456
0
LINE
8
BLACK
6
CONTINUOUS
10
5.7585677559055117
20
-2.8614173228346456
11
5.745369251968504
21
-2.8614173228346456
0
LINE
8
BLACK
6
CONTINUOUS
10
5.745369251968504
20
-2.8614173228346456
11
5.7444652755905512
21
-2.8612375196850395
0
LINE
8
BLACK
6
CONTINUOUS
10
5.7444652755905512
20
-2.8612375196850395
11
5.7431868503937009
21
-2.8599590944881887
0
LINE
8
BLACK
6
CONTINUOUS
10
5.7431868503937009
20
-2.8599590944881887
11
5.7431868503937009
21
-2.8581511417322836
0
LINE
8
BLACK
6
CONTINUOUS
10
5.7431868503937009
20
-2.8581511417322836
11
5.7444652755905512
21
-2.8568727165354328
0
LINE
8
BLACK
6
CONTINUOUS
10
5.7444652755905512
20
-2.8568727165354328
11
5.745369251968504
21
-2.8566929133858268
0
LINE
8
BLACK
6
CONTINUOUS
10
5.745369251968504
20
-2.8566929133858268
11
5.7585677559055117
21
-2.8566929133858268
0
LINE
8
BLACK
6
CONTINUOUS
10
5.7585677559055117
20
-2.8566929133858268
11
5.7594717322834645
21
-2.8568727165354328
0
LINE
8
BLACK
6
CONTINUOUS
10
5.36399342519685
20
-2.6378755511811023
11
5.3641732283464565
21
-2.6387795275590551
0
LINE
8
BLACK
6
CONTINUOUS
10
5.3641732283464565
20
-2.6387795275590551
11
5.3641732283464565
21
-2.8474409448818898
0
LINE
8
BLACK
6
CONTINUOUS
10
5.3641732283464565
20
-2.8474409448818898
11
5.36399342519685
21
-2.8483449212598426
0
LINE
8
BLACK
6
CONTINUOUS
10
5.36399342519685
20
-2.8483449212598426
11
5.3627149999999997
21
-2.8496233464566929
0
LINE
8
BLACK
6
CONTINUOUS
10
5.3627149999999997
20
-2.8496233464566929
11
5.3609070472440941
21
-2.8496233464566929
0
LINE
8
BLACK
6
CONTINUOUS
10
5.3609070472440941
20
-2.8496233464566929
11
5.3596286220472438
21
-2.8483449212598426
0
LINE
8
BLACK
6
CONTINUOUS
10
5.3596286220472438
20
-2.8483449212598426
11
5.3594488188976372
21
-2.8474409448818898
0
LINE
8
BLACK
6
CONTINUOUS
10
5.3594488188976372
20
-2.8474409448818898
11
5.3594488188976372
21
-2.6387795275590551
0
LINE
8
BLACK
6
CONTINUOUS
10
5.3594488188976372
20
-2.6387795275590551
11
5.3596286220472438
21
-2.6378755511811023
0
LINE
8
BLACK
6
CONTINUOUS
10
5.3596286220472438
20
-2.6378755511811023
11
5.3609070472440941
21
-2.636597125984252
0
LINE
8
BLACK
6
CONTINUOUS
10
5.3609070472440941
20
-2.636597125984252
11
5.3627149999999997
21
-2.636597125984252
0
LINE
8
BLACK
6
CONTINUOUS
10
5.3627149999999997
20
-2.636597125984252
11
5.36399342519685
21
-2.6378755511811023
0
LINE
8
BLACK
6
CONTINUOUS
10
5.7719372047244093
20
-2.8035929133858266
11
5.7722296062992129
21
-2.8035929133858266
0
LINE
8
BLACK
6
CONTINUOUS
10
5.7722296062992129
20
-2.8035929133858266
11
5.7724968503937006
21
-2.803703622047244
0
LINE
8
BLACK
6
CONTINUOUS
10
5.7724968503937006
20
-2.803703622047244
11
5.7727806692913388
21
-2.8037597637795275
0
LINE
8
BLACK
6
CONTINUOUS
10
5.7727806692913388
20
-2.8037597637795275
11
5.7730239370078742
21
-2.8039219291338582
0
LINE
8
BLACK
6
CONTINUOUS
10
5.7730239370078742
20
-2.8039219291338582
11
5.7732940157480312
21
-2.8040338188976377
0
LINE
8
BLACK
6
CONTINUOUS
10
5.7732940157480312
20
-2.8040338188976377
11
5.7734984645669289
21
-2.8042382677165354
0
LINE
8
BLACK
6
CONTINUOUS
10
5.7734984645669289
20
-2.8042382677165354
11
5.7737392913385825
21
-2.8043988188976376
0
LINE
8
BLACK
6
CONTINUOUS
10
5.7737392913385825
20
-2.8043988188976376
11
5.7739020078740158
21
-2.8046418110236222
0
LINE
8
BLACK
6
CONTINUOUS
10
5.7739020078740158
20
-2.8046418110236222
11
5.7741086614173227
21
-2.8048484645669292
0
LINE
8
BLACK
6
CONTINUOUS
10
5.7741086614173227
20
-2.8048484645669292
11
5.7742193307086609
21
-2.8051156692913386
0
LINE
8
BLACK
6
CONTINUOUS
10
5.7742193307086609
20
-2.8051156692913386
11
5.7743803543307086
21
-2.8053561023622047
0
LINE
8
BLACK
6
CONTINUOUS
10
5.7743803543307086
20
-2.8053561023622047
11
5.7744376771653538
21
-2.8056427559055117
0
LINE
8
BLACK
6
CONTINUOUS
10
5.7744376771653538
20
-2.8056427559055117
11
5.7745495669291333
21
-2.805912874015748
0
LINE
8
BLACK
6
CONTINUOUS
10
5.7745495669291333
20
-2.805912874015748
11
5.7746056692913381
21
-2.8064827952755906
0
LINE
8
BLACK
6
CONTINUOUS
10
5.7746056692913381
20
-2.8064827952755906
11
5.7746062992125982
21
-2.8064858267716533
0
LINE
8
BLACK
6
CONTINUOUS
10
5.7746062992125982
20
-2.8064858267716533
11
5.7746060629921256
21
-2.8064868503937008
0
LINE
8
BLACK
6
CONTINUOUS
10
5.7746060629921256
20
-2.8064868503937008
11
5.7746062992125982
21
-2.8064889370078738
0
LINE
8
BLACK
6
CONTINUOUS
10
5.7746062992125982
20
-2.8064889370078738
11
5.7746062992125982
21
-2.8429062598425197
0
LINE
8
BLACK
6
CONTINUOUS
10
5.7746062992125982
20
-2.8429062598425197
11
5.7829021259842515
21
-2.8429062598425197
0
LINE
8
BLACK
6
CONTINUOUS
10
5.7829021259842515
20
-2.8429062598425197
11
5.7834781889763782
21
-2.842962992125984
0
LINE
8
BLACK
6
CONTINUOUS
10
5.7834781889763782
20
-2.842962992125984
11
5.7845425984251966
21
-2.8434038976377951
0
LINE
8
BLACK
6
CONTINUOUS
10
5.7845425984251966
20
-2.8434038976377951
11
5.785357244094488
21
-2.8442185433070866
0
LINE
8
BLACK
6
CONTINUOUS
10
5.785357244094488
20
-2.8442185433070866
11
5.7857981496062987
21
-2.8452829527559054
0
LINE
8
BLACK
6
CONTINUOUS
10
5.7857981496062987
20
-2.8452829527559054
11
5.7857981496062987
21
-2.8464350787401576
0
LINE
8
BLACK
6
CONTINUOUS
10
5.7857981496062987
20
-2.8464350787401576
11
5.785357244094488
21
-2.8474994881889764
0
LINE
8
BLACK
6
CONTINUOUS
10
5.785357244094488
20
-2.8474994881889764
11
5.7845425984251966
21
-2.8483141338582678
0
LINE
8
BLACK
6
CONTINUOUS
10
5.7845425984251966
20
-2.8483141338582678
11
5.7834781889763782
21
-2.8487550393700785
0
LINE
8
BLACK
6
CONTINUOUS
10
5.7834781889763782
20
-2.8487550393700785
11
5.7829021259842515
21
-2.8488117716535433
0
LINE
8
BLACK
6
CONTINUOUS
10
5.7829021259842515
20
-2.8488117716535433
11
5.7604049606299208
21
-2.8488117716535433
0
LINE
8
BLACK
6
CONTINUOUS
10
5.7604049606299208
20
-2.8488117716535433
11
5.7598288976377949
21
-2.8487550393700785
0
LINE
8
BLACK
6
CONTINUOUS
10
5.7598288976377949
20
-2.8487550393700785
11
5.7587644881889766
21
-2.8483141338582678
0
LINE
8
BLACK
6
CONTINUOUS
10
5.7587644881889766
20
-2.8483141338582678
11
5.7579498425196851
21
-2.8474994881889764
0
LINE
8
BLACK
6
CONTINUOUS
10
5.7579498425196851
20
-2.8474994881889764
11
5.7575089370078736
21
-2.8464350787401576
0
LINE
8
BLACK
6
CONTINUOUS
10
5.7575089370078736
20
-2.8464350787401576
11
5.7575089370078736
21
-2.8452829527559054
0
LINE
8
BLACK
6
CONTINUOUS
10
5.7575089370078736
20
-2.8452829527559054
11
5.7579498425196851
21
-2.8442185433070866
0
LINE
8
BLACK
6
CONTINUOUS
10
5.7579498425196851
20
-2.8442185433070866
11
5.7587644881889766
21
-2.8434038976377951
0
LINE
8
BLACK
6
CONTINUOUS
10
5.7587644881889766
20
-2.8434038976377951
11
5.7598288976377949
21
-2.842962992125984
0
LINE
8
BLACK
6
CONTINUOUS
10
5.7598288976377949
20
-2.842962992125984
11
5.7604049606299208
21
-2.8429062598425197
0
LINE
8
BLACK
6
CONTINUOUS
10
5.7604049606299208
20
-2.8429062598425197
11
5.768700787401575
21
-2.8429062598425197
0
LINE
8
BLACK
6
CONTINUOUS
10
5.768700787401575
20
-2.8429062598425197
11
5.768700787401575
21
-2.8154922834645668
0
LINE
8
BLACK
6
CONTINUOUS
10
5.768700787401575
20
-2.8154922834645668
11
5.7662424015748028
21
-2.8179506692913385
0
LINE
8
BLACK
6
CONTINUOUS
10
5.7662424015748028
20
-2.8179506692913385
11
5.766016023622047
21
-2.8181364173228345
0
LINE
8
BLACK
6
CONTINUOUS
10
5.766016023622047
20
-2.8181364173228345
11
5.7659648818897633
21
-2.8181954330708661
0
LINE
8
BLACK
6
CONTINUOUS
10
5.7659648818897633
20
-2.8181954330708661
11
5.7658759055118107
21
-2.8182513779527558
0
LINE
8
BLACK
6
CONTINUOUS
10
5.7658759055118107
20
-2.8182513779527558
11
5.765794960629921
21
-2.8183178740157482
0
LINE
8
BLACK
6
CONTINUOUS
10
5.765794960629921
20
-2.8183178740157482
11
5.7657229921259843
21
-2.8183476771653542
0
LINE
8
BLACK
6
CONTINUOUS
10
5.7657229921259843
20
-2.8183476771653542
11
5.7654749999999995
21
-2.8185037795275591
0
LINE
8
BLACK
6
CONTINUOUS
10
5.7654749999999995
20
-2.8185037795275591
11
5.7617254724409444
21
-2.8203785433070867
0
LINE
8
BLACK
6
CONTINUOUS
10
5.7617254724409444
20
-2.8203785433070867
11
5.7611848425196852
21
-2.8205854330708662
0
LINE
8
BLACK
6
CONTINUOUS
10
5.7611848425196852
20
-2.8205854330708662
11
5.7600356299212594
21
-2.820667086614173
0
LINE
8
BLACK
6
CONTINUOUS
10
5.7600356299212594
20
-2.820667086614173
11
5.7589426771653542
21
-2.8203027559055118
0
LINE
8
BLACK
6
CONTINUOUS
10
5.7589426771653542
20
-2.8203027559055118
11
5.7580722834645668
21
-2.8195479133858266
0
LINE
8
BLACK
6
CONTINUOUS
10
5.7580722834645668
20
-2.8195479133858266
11
5.7575570472440942
21
-2.8185174015748031
0
LINE
8
BLACK
6
CONTINUOUS
10
5.7575570472440942
20
-2.8185174015748031
11
5.757475393700787
21
-2.8173681889763778
0
LINE
8
BLACK
6
CONTINUOUS
10
5.757475393700787
20
-2.8173681889763778
11
5.7578397244094486
21
-2.8162752362204722
0
LINE
8
BLACK
6
CONTINUOUS
10
5.7578397244094486
20
-2.8162752362204722
11
5.7585945669291334
21
-2.8154048425196851
0
LINE
8
BLACK
6
CONTINUOUS
10
5.7585945669291334
20
-2.8154048425196851
11
5.7590844488188973
21
-2.8150964960629921
0
LINE
8
BLACK
6
CONTINUOUS
10
5.7590844488188973
20
-2.8150964960629921
11
5.7624053937007869
21
-2.8134360236220473
0
LINE
8
BLACK
6
CONTINUOUS
10
5.7624053937007869
20
-2.8134360236220473
11
5.7656092913385821
21
-2.810232125984252
0
LINE
8
BLACK
6
CONTINUOUS
10
5.7656092913385821
20
-2.810232125984252
11
5.7691966929133853
21
-2.8048510236220472
0
LINE
8
BLACK
6
CONTINUOUS
10
5.7691966929133853
20
-2.8048510236220472
11
5.7691980314960629
21
-2.8048493307086613
0
LINE
8
BLACK
6
CONTINUOUS
10
5.7691980314960629
20
-2.8048493307086613
11
5.7691984251968504
21
-2.8048484645669292
0
LINE
8
BLACK
6
CONTINUOUS
10
5.7691984251968504
20
-2.8048484645669292
11
5.7692004330708659
21
-2.8048464173228345
0
LINE
8
BLACK
6
CONTINUOUS
10
5.7692004330708659
20
-2.8048464173228345
11
5.7695634645669287
21
-2.8044031889763779
0
LINE
8
BLACK
6
CONTINUOUS
10
5.7695634645669287
20
-2.8044031889763779
11
5.7698063385826774
21
-2.8042405118110234
0
LINE
8
BLACK
6
CONTINUOUS
10
5.7698063385826774
20
-2.8042405118110234
11
5.7700130708661419
21
-2.8040338188976377
0
LINE
8
BLACK
6
CONTINUOUS
10
5.7700130708661419
20
-2.8040338188976377
11
5.7702803543307084
21
-2.8039230708661416
0
LINE
8
BLACK
6
CONTINUOUS
10
5.7702803543307084
20
-2.8039230708661416
11
5.7705207480314957
21
-2.8037621259842518
0
LINE
8
BLACK
6
CONTINUOUS
10
5.7705207480314957
20
-2.8037621259842518
11
5.7708073622047245
21
-2.8037047637795274
0
LINE
8
BLACK
6
CONTINUOUS
10
5.7708073622047245
20
-2.8037047637795274
11
5.7710774803149603
21
-2.8035929133858266
0
LINE
8
BLACK
6
CONTINUOUS
10
5.7710774803149603
20
-2.8035929133858266
11
5.7713667716535433
21
-2.8035929133858266
0
LINE
8
BLACK
6
CONTINUOUS
10
5.7713667716535433
20
-2.8035929133858266
11
5.7716504330708664
21
-2.8035361811023622
0
LINE
8
BLACK
6
CONTINUOUS
10
5.7716504330708664
20
-2.8035361811023622
11
5.7719372047244093
21
-2.8035929133858266
0
LINE
8
BLACK
6
CONTINUOUS
10
5.7384838188976373
20
-2.8035929133858266
11
5.7385818110236215
21
-2.8036335039370077
0
LINE
8
BLACK
6
CONTINUOUS
10
5.7385818110236215
20
-2.8036335039370077
11
5.7386876377952758
21
-2.8036410236220473
0
LINE
8
BLACK
6
CONTINUOUS
10
5.7386876377952758
20
-2.8036410236220473
11
5.7392282677165349
21
-2.8038479133858267
0
LINE
8
BLACK
6
CONTINUOUS
10
5.7392282677165349
20
-2.8038479133858267
11
5.74297779527559
21
-2.8057226771653543
0
LINE
8
BLACK
6
CONTINUOUS
10
5.74297779527559
20
-2.8057226771653543
11
5.7432257874015749
21
-2.8058787401574801
0
LINE
8
BLACK
6
CONTINUOUS
10
5.7432257874015749
20
-2.8058787401574801
11
5.7432977559055116
21
-2.8059085826771653
0
LINE
8
BLACK
6
CONTINUOUS
10
5.7432977559055116
20
-2.8059085826771653
11
5.7433787007874013
21
-2.8059750393700789
0
LINE
8
BLACK
6
CONTINUOUS
10
5.7433787007874013
20
-2.8059750393700789
11
5.7434676771653539
21
-2.8060310236220474
0
LINE
8
BLACK
6
CONTINUOUS
10
5.7434676771653539
20
-2.8060310236220474
11
5.7435188188976376
21
-2.8060899999999998
0
LINE
8
BLACK
6
CONTINUOUS
10
5.7435188188976376
20
-2.8060899999999998
11
5.7437451968503934
21
-2.8062757874015749
0
LINE
8
BLACK
6
CONTINUOUS
10
5.7437451968503934
20
-2.8062757874015749
11
5.745619960629921
21
-2.8081505511811025
0
LINE
8
BLACK
6
CONTINUOUS
10
5.745619960629921
20
-2.8081505511811025
11
5.7458057086614174
21
-2.8083768897637795
0
LINE
8
BLACK
6
CONTINUOUS
10
5.7458057086614174
20
-2.8083768897637795
11
5.745864724409449
21
-2.8084280708661415
0
LINE
8
BLACK
6
CONTINUOUS
10
5.745864724409449
20
-2.8084280708661415
11
5.7459206692913387
21
-2.8085170078740158
0
LINE
8
BLACK
6
CONTINUOUS
10
5.7459206692913387
20
-2.8085170078740158
11
5.7459871653543306
21
-2.8085979921259843
0
LINE
8
BLACK
6
CONTINUOUS
10
5.7459871653543306
20
-2.8085979921259843
11
5.7460169685039366
21
-2.8086699212598423
0
LINE
8
BLACK
6
CONTINUOUS
10
5.7460169685039366
20
-2.8086699212598423
11
5.746173070866142
21
-2.8089179527559054
0
LINE
8
BLACK
6
CONTINUOUS
10
5.746173070866142
20
-2.8089179527559054
11
5.7480478346456696
21
-2.8126674803149605
0
LINE
8
BLACK
6
CONTINUOUS
10
5.7480478346456696
20
-2.8126674803149605
11
5.7482547244094491
21
-2.8132080708661418
0
LINE
8
BLACK
6
CONTINUOUS
10
5.7482547244094491
20
-2.8132080708661418
11
5.7482622440944882
21
-2.8133139370078739
0
LINE
8
BLACK
6
CONTINUOUS
10
5.7482622440944882
20
-2.8133139370078739
11
5.7483028346456688
21
-2.8134119291338582
0
LINE
8
BLACK
6
CONTINUOUS
10
5.7483028346456688
20
-2.8134119291338582
11
5.7483595669291336
21
-2.8139879921259841
0
LINE
8
BLACK
6
CONTINUOUS
10
5.7483595669291336
20
-2.8139879921259841
11
5.7483595669291336
21
-2.8196122834645667
0
LINE
8
BLACK
6
CONTINUOUS
10
5.7483595669291336
20
-2.8196122834645667
11
5.7483028346456688
21
-2.820188346456693
0
LINE
8
BLACK
6
CONTINUOUS
10
5.7483028346456688
20
-2.820188346456693
11
5.7482622440944882
21
-2.8202862992125985
0
LINE
8
BLACK
6
CONTINUOUS
10
5.7482622440944882
20
-2.8202862992125985
11
5.7482547244094491
21
-2.8203922047244094
0
LINE
8
BLACK
6
CONTINUOUS
10
5.7482547244094491
20
-2.8203922047244094
11
5.7480478346456696
21
-2.8209327952755903
0
LINE
8
BLACK
6
CONTINUOUS
10
5.7480478346456696
20
-2.8209327952755903
11
5.746173070866142
21
-2.8246823228346458
0
LINE
8
BLACK
6
CONTINUOUS
10
5.746173070866142
20
-2.8246823228346458
11
5.7460169685039366
21
-2.8249303149606297
0
LINE
8
BLACK
6
CONTINUOUS
10
5.7460169685039366
20
-2.8249303149606297
11
5.7459871653543306
21
-2.8250022834645669
0
LINE
8
BLACK
6
CONTINUOUS
10
5.7459871653543306
20
-2.8250022834645669
11
5.7459206692913387
21
-2.8250832283464566
0
LINE
8
BLACK
6
CONTINUOUS
10
5.7459206692913387
20
-2.8250832283464566
11
5.745864724409449
21
-2.8251722047244092
0
LINE
8
BLACK
6
CONTINUOUS
10
5.745864724409449
20
-2.8251722047244092
11
5.7458057086614174
21
-2.8252233464566929
0
LINE
8
BLACK
6
CONTINUOUS
10
5.7458057086614174
20
-2.8252233464566929
11
5.745619960629921
21
-2.8254497244094487
0
LINE
8
BLACK
6
CONTINUOUS
10
5.745619960629921
20
-2.8254497244094487
11
5.7437451968503934
21
-2.8273244881889763
0
LINE
8
BLACK
6
CONTINUOUS
10
5.7437451968503934
20
-2.8273244881889763
11
5.7435188188976376
21
-2.8275102362204723
0
LINE
8
BLACK
6
CONTINUOUS
10
5.7435188188976376
20
-2.8275102362204723
11
5.7434676771653539
21
-2.8275692519685038
0
LINE
8
BLACK
6
CONTINUOUS
10
5.7434676771653539
20
-2.8275692519685038
11
5.7433787007874013
21
-2.8276251968503936
0
LINE
8
BLACK
6
CONTINUOUS
10
5.7433787007874013
20
-2.8276251968503936
11
5.7432977559055116
21
-2.827691692913386
0
LINE
8
BLACK
6
CONTINUOUS
10
5.7432977559055116
20
-2.827691692913386
11
5.7432257874015749
21
-2.8277214960629919
0
LINE
8
BLACK
6
CONTINUOUS
10
5.7432257874015749
20
-2.8277214960629919
11
5.74297779527559
21
-2.8278775984251969
0
LINE
8
BLACK
6
CONTINUOUS
10
5.74297779527559
20
-2.8278775984251969
11
5.7392282677165349
21
-2.8297523622047245
0
LINE
8
BLACK
6
CONTINUOUS
10
5.7392282677165349
20
-2.8297523622047245
11
5.7386876377952758
21
-2.829959251968504
0
LINE
8
BLACK
6
CONTINUOUS
10
5.7386876377952758
20
-2.829959251968504
11
5.7385818110236215
21
-2.8299667322834643
0
LINE
8
BLACK
6
CONTINUOUS
10
5.7385818110236215
20
-2.8299667322834643
11
5.7384838188976373
21
-2.8300073622047242
0
LINE
8
BLACK
6
CONTINUOUS
10
5.7384838188976373
20
-2.8300073622047242
11
5.7379516535433073
21
-2.8300597637795275
0
LINE
8
BLACK
6
CONTINUOUS
10
5.7379516535433073
20
-2.8300597637795275
11
5.7478258267716535
21
-2.8441657480314961
0
LINE
8
BLACK
6
CONTINUOUS
10
5.7478258267716535
20
-2.8441657480314961
11
5.7481096850393696
21
-2.8446701968503936
0
LINE
8
BLACK
6
CONTINUOUS
10
5.7481096850393696
20
-2.8446701968503936
11
5.7483588582677161
21
-2.8457950393700786
0
LINE
8
BLACK
6
CONTINUOUS
10
5.7483588582677161
20
-2.8457950393700786
11
5.7481586614173228
21
-2.8469296062992124
0
LINE
8
BLACK
6
CONTINUOUS
10
5.7481586614173228
20
-2.8469296062992124
11
5.7475394881889761
21
-2.8479011811023622
0
LINE
8
BLACK
6
CONTINUOUS
10
5.7475394881889761
20
-2.8479011811023622
11
5.7465956299212593
21
-2.8485618897637797
0
LINE
8
BLACK
6
CONTINUOUS
10
5.7465956299212593
20
-2.8485618897637797
11
5.7454707874015742
21
-2.8488111023622045
0
LINE
8
BLACK
6
CONTINUOUS
10
5.7454707874015742
20
-2.8488111023622045
11
5.7443362598425196
21
-2.8486108661417324
0
LINE
8
BLACK
6
CONTINUOUS
10
5.7443362598425196
20
-2.8486108661417324
11
5.7433646456692911
21
-2.8479916929133857
0
LINE
8
BLACK
6
CONTINUOUS
10
5.7433646456692911
20
-2.8479916929133857
11
5.7429878346456693
21
-2.8475523228346455
0
LINE
8
BLACK
6
CONTINUOUS
10
5.7429878346456693
20
-2.8475523228346455
11
5.7307461023622048
21
-2.830064094488189
0
LINE
8
BLACK
6
CONTINUOUS
10
5.7307461023622048
20
-2.830064094488189
11
5.725862401574803
21
-2.830064094488189
0
LINE
8
BLACK
6
CONTINUOUS
10
5.725862401574803
20
-2.830064094488189
11
5.725862401574803
21
-2.8458590157480312
0
LINE
8
BLACK
6
CONTINUOUS
10
5.725862401574803
20
-2.8458590157480312
11
5.7258056692913382
21
-2.8464350787401576
0
LINE
8
BLACK
6
CONTINUOUS
10
5.7258056692913382
20
-2.8464350787401576
11
5.7253647637795275
21
-2.8474994881889764
0
LINE
8
BLACK
6
CONTINUOUS
10
5.7253647637795275
20
-2.8474994881889764
11
5.7245501181102361
21
-2.8483141338582678
0
LINE
8
BLACK
6
CONTINUOUS
10
5.7245501181102361
20
-2.8483141338582678
11
5.7234857086614168
21
-2.8487550393700785
0
LINE
8
BLACK
6
CONTINUOUS
10
5.7234857086614168
20
-2.8487550393700785
11
5.7223335826771651
21
-2.8487550393700785
0
LINE
8
BLACK
6
CONTINUOUS
10
5.7223335826771651
20
-2.8487550393700785
11
5.7212691732283467
21
-2.8483141338582678
0
LINE
8
BLACK
6
CONTINUOUS
10
5.7212691732283467
20
-2.8483141338582678
11
5.7204545275590553
21
-2.8474994881889764
0
LINE
8
BLACK
6
CONTINUOUS
10
5.7204545275590553
20
-2.8474994881889764
11
5.7200136220472437
21
-2.8464350787401576
0
LINE
8
BLACK
6
CONTINUOUS
10
5.7200136220472437
20
-2.8464350787401576
11
5.7199568897637798
21
-2.8458590157480312
0
LINE
8
BLACK
6
CONTINUOUS
10
5.7199568897637798
20
-2.8458590157480312
11
5.7199568897637798
21
-2.8064889370078738
0
LINE
8
BLACK
6
CONTINUOUS
10
5.7199568897637798
20
-2.8064889370078738
11
5.7200136220472437
21
-2.805912874015748
0
LINE
8
BLACK
6
CONTINUOUS
10
5.7200136220472437
20
-2.805912874015748
11
5.7204545275590553
21
-2.8048484645669292
0
LINE
8
BLACK
6
CONTINUOUS
10
5.7204545275590553
20
-2.8048484645669292
11
5.7212691732283467
21
-2.8040338188976377
0
LINE
8
BLACK
6
CONTINUOUS
10
5.7212691732283467
20
-2.8040338188976377
11
5.7223335826771651
21
-2.8035929133858266
0
LINE
8
BLACK
6
CONTINUOUS
10
5.7223335826771651
20
-2.8035929133858266
11
5.7229096456692909
21
-2.8035361811023622
0
LINE
8
BLACK
6
CONTINUOUS
10
5.7229096456692909
20
-2.8035361811023622
11
5.7379077559055114
21
-2.8035361811023622
0
LINE
8
BLACK
6
CONTINUOUS
10
5.7379077559055114
20
-2.8035361811023622
11
5.7384838188976373
21
-2.8035929133858266
0
LINE
8
BLACK
6
CONTINUOUS
10
5.725862401574803
20
-2.8241585826771654
11
5.7372107086614168
21
-2.8241585826771654
0
LINE
8
BLACK
6
CONTINUOUS
10
5.7372107086614168
20
-2.8241585826771654
11
5.7399081889763774
21
-2.822809842519685
0
LINE
8
BLACK
6
CONTINUOUS
10
5.7399081889763774
20
-2.822809842519685
11
5.7411053149606301
21
-2.8216127165354332
0
LINE
8
BLACK
6
CONTINUOUS
10
5.7411053149606301
20
-2.8216127165354332
11
5.7424540551181105
21
-2.8189152362204726
0
LINE
8
BLACK
6
CONTINUOUS
10
5.7424540551181105
20
-2.8189152362204726
11
5.7424540551181105
21
-2.8146850393700786
0
LINE
8
BLACK
6
CONTINUOUS
10
5.7424540551181105
20
-2.8146850393700786
11
5.7411053149606301
21
-2.811987559055118
0
LINE
8
BLACK
6
CONTINUOUS
10
5.7411053149606301
20
-2.811987559055118
11
5.7399081889763774
21
-2.8107904330708662
0
LINE
8
BLACK
6
CONTINUOUS
10
5.7399081889763774
20
-2.8107904330708662
11
5.7372107086614168
21
-2.8094416929133859
0
LINE
8
BLACK
6
CONTINUOUS
10
5.7372107086614168
20
-2.8094416929133859
11
5.725862401574803
21
-2.8094416929133859
0
LINE
8
BLACK
6
CONTINUOUS
10
5.725862401574803
20
-2.8094416929133859
11
5.725862401574803
21
-2.8241585826771654
0
LINE
8
BLACK
6
CONTINUOUS
10
5.8565179921259842
20
-2.8289115354330709
11
5.8576042125984253
21
-2.8299977559055116
0
LINE
8
BLACK
6
CONTINUOUS
10
5.8576042125984253
20
-2.8299977559055116
11
5.8581920866141735
21
-2.831416968503937
0
LINE
8
BLACK
6
CONTINUOUS
10
5.8581920866141735
20
-2.831416968503937
11
5.8581920866141735
21
-2.8329531102362204
0
LINE
8
BLACK
6
CONTINUOUS
10
5.8581920866141735
20
-2.8329531102362204
11
5.8576042125984253
21
-2.8343723228346458
0
LINE
8
BLACK
6
CONTINUOUS
10
5.8576042125984253
20
-2.8343723228346458
11
5.8565179921259842
21
-2.8354585433070865
0
LINE
8
BLACK
6
CONTINUOUS
10
5.8565179921259842
20
-2.8354585433070865
11
5.8550987795275589
21
-2.8360464173228346
0
LINE
8
BLACK
6
CONTINUOUS
10
5.8550987795275589
20
-2.8360464173228346
11
5.8535626377952754
21
-2.8360464173228346
0
LINE
8
BLACK
6
CONTINUOUS
10
5.8535626377952754
20
-2.8360464173228346
11
5.85214342519685
21
-2.8354585433070865
0
LINE
8
BLACK
6
CONTINUOUS
10
5.85214342519685
20
-2.8354585433070865
11
5.8510572047244089
21
-2.8343723228346458
0
LINE
8
BLACK
6
CONTINUOUS
10
5.8510572047244089
20
-2.8343723228346458
11
5.8504693307086617
21
-2.8329531102362204
0
LINE
8
BLACK
6
CONTINUOUS
10
5.8504693307086617
20
-2.8329531102362204
11
5.8504693307086617
21
-2.831416968503937
0
LINE
8
BLACK
6
CONTINUOUS
10
5.8504693307086617
20
-2.831416968503937
11
5.8510572047244089
21
-2.8299977559055116
0
LINE
8
BLACK
6
CONTINUOUS
10
5.8510572047244089
20
-2.8299977559055116
11
5.85214342519685
21
-2.8289115354330709
0
LINE
8
BLACK
6
CONTINUOUS
10
5.85214342519685
20
-2.8289115354330709
11
5.8535626377952754
21
-2.8283236614173228
0
LINE
8
BLACK
6
CONTINUOUS
10
5.8535626377952754
20
-2.8283236614173228
11
5.8550987795275589
21
-2.8283236614173228
0
LINE
8
BLACK
6
CONTINUOUS
10
5.8550987795275589
20
-2.8283236614173228
11
5.8565179921259842
21
-2.8289115354330709
0
LINE
8
BLACK
6
CONTINUOUS
10
5.5691115354330707
20
-2.6378755511811023
11
5.5692913385826772
21
-2.6387795275590551
0
LINE
8
BLACK
6
CONTINUOUS
10
5.5692913385826772
20
-2.6387795275590551
11
5.5692913385826772
21
-2.8198818897637796
0
LINE
8
BLACK
6
CONTINUOUS
10
5.5692913385826772
20
-2.8198818897637796
11
5.5691115354330707
21
-2.8207858661417324
0
LINE
8
BLACK
6
CONTINUOUS
10
5.5691115354330707
20
-2.8207858661417324
11
5.5678331102362204
21
-2.8220642913385827
0
LINE
8
BLACK
6
CONTINUOUS
10
5.5678331102362204
20
-2.8220642913385827
11
5.5660251574803148
21
-2.8220642913385827
0
LINE
8
BLACK
6
CONTINUOUS
10
5.5660251574803148
20
-2.8220642913385827
11
5.5647467322834645
21
-2.8207858661417324
0
LINE
8
BLACK
6
CONTINUOUS
10
5.5647467322834645
20
-2.8207858661417324
11
5.564566929133858
21
-2.8198818897637796
0
LINE
8
BLACK
6
CONTINUOUS
10
5.564566929133858
20
-2.8198818897637796
11
5.564566929133858
21
-2.6387795275590551
0
LINE
8
BLACK
6
CONTINUOUS
10
5.564566929133858
20
-2.6387795275590551
11
5.5647467322834645
21
-2.6378755511811023
0
LINE
8
BLACK
6
CONTINUOUS
10
5.5647467322834645
20
-2.6378755511811023
11
5.5660251574803148
21
-2.636597125984252
0
LINE
8
BLACK
6
CONTINUOUS
10
5.5660251574803148
20
-2.636597125984252
11
5.5678331102362204
21
-2.636597125984252
0
LINE
8
BLACK
6
CONTINUOUS
10
5.5678331102362204
20
-2.636597125984252
11
5.5691115354330707
21
-2.6378755511811023
0
LINE
8
BLACK
6
CONTINUOUS
10
5.8094015748031493
20
-2.7860006692913384
11
5.8094446062992127
21
-2.7859942913385827
0
LINE
8
BLACK
6
CONTINUOUS
10
5.8094446062992127
20
-2.7859942913385827
11
5.8096600787401576
21
-2.7860261417322834
0
LINE
8
BLACK
6
CONTINUOUS
10
5.8096600787401576
20
-2.7860261417322834
11
5.8098771259842517
21
-2.7860475196850394
0
LINE
8
BLACK
6
CONTINUOUS
10
5.8098771259842517
20
-2.7860475196850394
11
5.8099173228346457
21
-2.7860641338582677
0
LINE
8
BLACK
6
CONTINUOUS
10
5.8099173228346457
20
-2.7860641338582677
11
5.8100172047244092
21
-2.7860789370078738
0
LINE
8
BLACK
6
CONTINUOUS
10
5.8100172047244092
20
-2.7860789370078738
11
5.8175162598425194
21
-2.7879537007874013
0
LINE
8
BLACK
6
CONTINUOUS
10
5.8175162598425194
20
-2.7879537007874013
11
5.8175587401574802
21
-2.7879688582677167
0
LINE
8
BLACK
6
CONTINUOUS
10
5.8175587401574802
20
-2.7879688582677167
11
5.8175799999999995
21
-2.7879703937007871
0
LINE
8
BLACK
6
CONTINUOUS
10
5.8175799999999995
20
-2.7879703937007871
11
5.8178194094488189
21
-2.7880620078740157
0
LINE
8
BLACK
6
CONTINUOUS
10
5.8178194094488189
20
-2.7880620078740157
11
5.8180613779527555
21
-2.788148464566929
0
LINE
8
BLACK
6
CONTINUOUS
10
5.8180613779527555
20
-2.788148464566929
11
5.8180785039370075
21
-2.7881611417322834
0
LINE
8
BLACK
6
CONTINUOUS
10
5.8180785039370075
20
-2.7881611417322834
11
5.8181206299212596
21
-2.7881772834645671
0
LINE
8
BLACK
6
CONTINUOUS
10
5.8181206299212596
20
-2.7881772834645671
11
5.8218701574803147
21
-2.7900520472440946
0
LINE
8
BLACK
6
CONTINUOUS
10
5.8218701574803147
20
-2.7900520472440946
11
5.8221180314960632
21
-2.7902080708661416
0
LINE
8
BLACK
6
CONTINUOUS
10
5.8221180314960632
20
-2.7902080708661416
11
5.8221900787401575
21
-2.7902379133858268
0
LINE
8
BLACK
6
CONTINUOUS
10
5.8221900787401575
20
-2.7902379133858268
11
5.8222711023622047
21
-2.7903044094488187
0
LINE
8
BLACK
6
CONTINUOUS
10
5.8222711023622047
20
-2.7903044094488187
11
5.8223600393700785
21
-2.7903603937007873
0
LINE
8
BLACK
6
CONTINUOUS
10
5.8223600393700785
20
-2.7903603937007873
11
5.8224111811023622
21
-2.7904193700787401
0
LINE
8
BLACK
6
CONTINUOUS
10
5.8224111811023622
20
-2.7904193700787401
11
5.822637559055118
21
-2.7906051574803148
0
LINE
8
BLACK
6
CONTINUOUS
10
5.822637559055118
20
-2.7906051574803148
11
5.8263871259842519
21
-2.7943546850393699
0
LINE
8
BLACK
6
CONTINUOUS
10
5.8263871259842519
20
-2.7943546850393699
11
5.8267543700787403
21
-2.7948021259842517
0
LINE
8
BLACK
6
CONTINUOUS
10
5.8267543700787403
20
-2.7948021259842517
11
5.826794960629921
21
-2.7949001574803147
0
LINE
8
BLACK
6
CONTINUOUS
10
5.826794960629921
20
-2.7949001574803147
11
5.8268644488188972
21
-2.7949802755905511
0
LINE
8
BLACK
6
CONTINUOUS
10
5.8268644488188972
20
-2.7949802755905511
11
5.827100433070866
21
-2.7955088582677163
0
LINE
8
BLACK
6
CONTINUOUS
10
5.827100433070866
20
-2.7955088582677163
11
5.8289751968503936
21
-2.8011331102362202
0
LINE
8
BLACK
6
CONTINUOUS
10
5.8289751968503936
20
-2.8011331102362202
11
5.8290401181102363
21
-2.8014187401574802
0
LINE
8
BLACK
6
CONTINUOUS
10
5.8290401181102363
20
-2.8014187401574802
11
5.8290699999999998
21
-2.8014908267716536
0
LINE
8
BLACK
6
CONTINUOUS
10
5.8290699999999998
20
-2.8014908267716536
11
5.8290802755905506
21
-2.8015952755905511
0
LINE
8
BLACK
6
CONTINUOUS
10
5.8290802755905506
20
-2.8015952755905511
11
5.8291035433070864
21
-2.8016975590551181
0
LINE
8
BLACK
6
CONTINUOUS
10
5.8291035433070864
20
-2.8016975590551181
11
5.829097992125984
21
-2.801775275590551
0
LINE
8
BLACK
6
CONTINUOUS
10
5.829097992125984
20
-2.801775275590551
11
5.8291267322834646
21
-2.8020668897637795
0
LINE
8
BLACK
6
CONTINUOUS
10
5.8291267322834646
20
-2.8020668897637795
11
5.8291267322834646
21
-2.8114407086614173
0
LINE
8
BLACK
6
CONTINUOUS
10
5.8291267322834646
20
-2.8114407086614173
11
5.8290699999999998
21
-2.8120167716535431
0
LINE
8
BLACK
6
CONTINUOUS
10
5.8290699999999998
20
-2.8120167716535431
11
5.8286290944881891
21
-2.8130811811023619
0
LINE
8
BLACK
6
CONTINUOUS
10
5.8286290944881891
20
-2.8130811811023619
11
5.8278144488188977
21
-2.8138958267716534
0
LINE
8
BLACK
6
CONTINUOUS
10
5.8278144488188977
20
-2.8138958267716534
11
5.8267500393700784
21
-2.8143367322834645
0
LINE
8
BLACK
6
CONTINUOUS
10
5.8267500393700784
20
-2.8143367322834645
11
5.8261739763779525
21
-2.8143934645669288
0
LINE
8
BLACK
6
CONTINUOUS
10
5.8261739763779525
20
-2.8143934645669288
11
5.7868038976377951
21
-2.8143934645669288
0
LINE
8
BLACK
6
CONTINUOUS
10
5.7868038976377951
20
-2.8143934645669288
11
5.7862278346456693
21
-2.8143367322834645
0
LINE
8
BLACK
6
CONTINUOUS
10
5.7862278346456693
20
-2.8143367322834645
11
5.78516342519685
21
-2.8138958267716534
0
LINE
8
BLACK
6
CONTINUOUS
10
5.78516342519685
20
-2.8138958267716534
11
5.7843487795275585
21
-2.8130811811023619
0
LINE
8
BLACK
6
CONTINUOUS
10
5.7843487795275585
20
-2.8130811811023619
11
5.7839078740157479
21
-2.8120167716535431
0
LINE
8
BLACK
6
CONTINUOUS
10
5.7839078740157479
20
-2.8120167716535431
11
5.7838511417322831
21
-2.8114407086614173
0
LINE
8
BLACK
6
CONTINUOUS
10
5.7838511417322831
20
-2.8114407086614173
11
5.7838511417322831
21
-2.8020668897637795
0
LINE
8
BLACK
6
CONTINUOUS
10
5.7838511417322831
20
-2.8020668897637795
11
5.7838798425196849
21
-2.8017753149606297
0
LINE
8
BLACK
6
CONTINUOUS
10
5.7838798425196849
20
-2.8017753149606297
11
5.7838743307086613
21
-2.8016975984251968
0
LINE
8
BLACK
6
CONTINUOUS
10
5.7838743307086613
20
-2.8016975984251968
11
5.7838975590551183
21
-2.8015953149606299
0
LINE
8
BLACK
6
CONTINUOUS
10
5.7838975590551183
20
-2.8015953149606299
11
5.7839078740157479
21
-2.8014908267716536
0
LINE
8
BLACK
6
CONTINUOUS
10
5.7839078740157479
20
-2.8014908267716536
11
5.7839377165354326
21
-2.8014187007874014
0
LINE
8
BLACK
6
CONTINUOUS
10
5.7839377165354326
20
-2.8014187007874014
11
5.7840026771653541
21
-2.801133149606299
0
LINE
8
BLACK
6
CONTINUOUS
10
5.7840026771653541
20
-2.801133149606299
11
5.7858774409448817
21
-2.7955088582677163
0
LINE
8
BLACK
6
CONTINUOUS
10
5.7858774409448817
20
-2.7955088582677163
11
5.7861134251968505
21
-2.7949803149606298
0
LINE
8
BLACK
6
CONTINUOUS
10
5.7861134251968505
20
-2.7949803149606298
11
5.7861829133858267
21
-2.7949001574803147
0
LINE
8
BLACK
6
CONTINUOUS
10
5.7861829133858267
20
-2.7949001574803147
11
5.7862235433070861
21
-2.7948021259842517
0
LINE
8
BLACK
6
CONTINUOUS
10
5.7862235433070861
20
-2.7948021259842517
11
5.7865907480314958
21
-2.7943546850393699
0
LINE
8
BLACK
6
CONTINUOUS
10
5.7865907480314958
20
-2.7943546850393699
11
5.7903402755905509
21
-2.7906051574803148
0
LINE
8
BLACK
6
CONTINUOUS
10
5.7903402755905509
20
-2.7906051574803148
11
5.7905666535433067
21
-2.7904192913385826
0
LINE
8
BLACK
6
CONTINUOUS
10
5.7905666535433067
20
-2.7904192913385826
11
5.7906177952755904
21
-2.7903603937007873
0
LINE
8
BLACK
6
CONTINUOUS
10
5.7906177952755904
20
-2.7903603937007873
11
5.7907065354330705
21
-2.7903044881889763
0
LINE
8
BLACK
6
CONTINUOUS
10
5.7907065354330705
20
-2.7903044881889763
11
5.7907877165354327
21
-2.7902379133858268
0
LINE
8
BLACK
6
CONTINUOUS
10
5.7907877165354327
20
-2.7902379133858268
11
5.7908598425196853
21
-2.7902080314960629
0
LINE
8
BLACK
6
CONTINUOUS
10
5.7908598425196853
20
-2.7902080314960629
11
5.7911076771653542
21
-2.7900520472440946
0
LINE
8
BLACK
6
CONTINUOUS
10
5.7911076771653542
20
-2.7900520472440946
11
5.7948572047244093
21
-2.7881772834645671
0
LINE
8
BLACK
6
CONTINUOUS
10
5.7948572047244093
20
-2.7881772834645671
11
5.7948992913385826
21
-2.7881611417322834
0
LINE
8
BLACK
6
CONTINUOUS
10
5.7948992913385826
20
-2.7881611417322834
11
5.7949164566929134
21
-2.788148464566929
0
LINE
8
BLACK
6
CONTINUOUS
10
5.7949164566929134
20
-2.788148464566929
11
5.7951580314960625
21
-2.788062125984252
0
LINE
8
BLACK
6
CONTINUOUS
10
5.7951580314960625
20
-2.788062125984252
11
5.7953977952755906
21
-2.7879703937007871
0
LINE
8
BLACK
6
CONTINUOUS
10
5.7953977952755906
20
-2.7879703937007871
11
5.79541905511811
21
-2.7879688582677167
0
LINE
8
BLACK
6
CONTINUOUS
10
5.79541905511811
20
-2.7879688582677167
11
5.7954615748031495
21
-2.7879537007874013
0
LINE
8
BLACK
6
CONTINUOUS
10
5.7954615748031495
20
-2.7879537007874013
11
5.8029606299212597
21
-2.7860789370078738
0
LINE
8
BLACK
6
CONTINUOUS
10
5.8029606299212597
20
-2.7860789370078738
11
5.8030604724409445
21
-2.7860641338582677
0
LINE
8
BLACK
6
CONTINUOUS
10
5.8030604724409445
20
-2.7860641338582677
11
5.8031007086614173
21
-2.7860475196850394
0
LINE
8
BLACK
6
CONTINUOUS
10
5.8031007086614173
20
-2.7860475196850394
11
5.8033177165354326
21
-2.7860261417322834
0
LINE
8
BLACK
6
CONTINUOUS
10
5.8033177165354326
20
-2.7860261417322834
11
5.8035332283464562
21
-2.7859942913385827
0
LINE
8
BLACK
6
CONTINUOUS
10
5.8035332283464562
20
-2.7859942913385827
11
5.8035762204724408
21
-2.7860006692913384
0
LINE
8
BLACK
6
CONTINUOUS
10
5.8035762204724408
20
-2.7860006692913384
11
5.8036767716535431
21
-2.7859907874015746
0
LINE
8
BLACK
6
CONTINUOUS
10
5.8036767716535431
20
-2.7859907874015746
11
5.8093010629921258
21
-2.7859907874015746
0
LINE
8
BLACK
6
CONTINUOUS
10
5.8093010629921258
20
-2.7859907874015746
11
5.8094015748031493
21
-2.7860006692913384
0
LINE
8
BLACK
6
CONTINUOUS
10
5.7972082677165355
20
-2.7936042913385828
11
5.7941772834645668
21
-2.7951198031496061
0
LINE
8
BLACK
6
CONTINUOUS
10
5.7941772834645668
20
-2.7951198031496061
11
5.7912594488188978
21
-2.7980375984251968
0
LINE
8
BLACK
6
CONTINUOUS
10
5.7912594488188978
20
-2.7980375984251968
11
5.7897566535433072
21
-2.802546023622047
0
LINE
8
BLACK
6
CONTINUOUS
10
5.7897566535433072
20
-2.802546023622047
11
5.7897566535433072
21
-2.8084879527559052
0
LINE
8
BLACK
6
CONTINUOUS
10
5.7897566535433072
20
-2.8084879527559052
11
5.8232212204724405
21
-2.8084879527559052
0
LINE
8
BLACK
6
CONTINUOUS
10
5.8232212204724405
20
-2.8084879527559052
11
5.8232212204724405
21
-2.802546023622047
0
LINE
8
BLACK
6
CONTINUOUS
10
5.8232212204724405
20
-2.802546023622047
11
5.8217184251968499
21
-2.7980376377952756
0
LINE
8
BLACK
6
CONTINUOUS
10
5.8217184251968499
20
-2.7980376377952756
11
5.8188005511811021
21
-2.7951198031496061
0
LINE
8
BLACK
6
CONTINUOUS
10
5.8188005511811021
20
-2.7951198031496061
11
5.8157695669291334
21
-2.7936042913385828
0
LINE
8
BLACK
6
CONTINUOUS
10
5.8157695669291334
20
-2.7936042913385828
11
5.8089375196850392
21
-2.7918962992125982
0
LINE
8
BLACK
6
CONTINUOUS
10
5.8089375196850392
20
-2.7918962992125982
11
5.8040403149606297
21
-2.7918962992125982
0
LINE
8
BLACK
6
CONTINUOUS
10
5.8040403149606297
20
-2.7918962992125982
11
5.7972082677165355
21
-2.7936042913385828
0
LINE
8
BLACK
6
CONTINUOUS
10
5.8278144488188977
20
-2.7489931102362206
11
5.8286290944881891
21
-2.7498077559055116
0
LINE
8
BLACK
6
CONTINUOUS
10
5.8286290944881891
20
-2.7498077559055116
11
5.8290699999999998
21
-2.7508721653543304
0
LINE
8
BLACK
6
CONTINUOUS
10
5.8290699999999998
20
-2.7508721653543304
11
5.8291267322834646
21
-2.7514482283464567
0
LINE
8
BLACK
6
CONTINUOUS
10
5.8291267322834646
20
-2.7514482283464567
11
5.8291267322834646
21
-2.7739453937007874
0
LINE
8
BLACK
6
CONTINUOUS
10
5.8291267322834646
20
-2.7739453937007874
11
5.8290699999999998
21
-2.7745214566929133
0
LINE
8
BLACK
6
CONTINUOUS
10
5.8290699999999998
20
-2.7745214566929133
11
5.8286290944881891
21
-2.7755858661417321
0
LINE
8
BLACK
6
CONTINUOUS
10
5.8286290944881891
20
-2.7755858661417321
11
5.8278144488188977
21
-2.7764005118110235
0
LINE
8
BLACK
6
CONTINUOUS
10
5.8278144488188977
20
-2.7764005118110235
11
5.8267500393700784
21
-2.7768414173228346
0
LINE
8
BLACK
6
CONTINUOUS
10
5.8267500393700784
20
-2.7768414173228346
11
5.8255979133858267
21
-2.7768414173228346
0
LINE
8
BLACK
6
CONTINUOUS
10
5.8255979133858267
20
-2.7768414173228346
11
5.8245335039370074
21
-2.7764005118110235
0
LINE
8
BLACK
6
CONTINUOUS
10
5.8245335039370074
20
-2.7764005118110235
11
5.8237188582677168
21
-2.7755858661417321
0
LINE
8
BLACK
6
CONTINUOUS
10
5.8237188582677168
20
-2.7755858661417321
11
5.8232779527559053
21
-2.7745214566929133
0
LINE
8
BLACK
6
CONTINUOUS
10
5.8232779527559053
20
-2.7745214566929133
11
5.8232212204724405
21
-2.7739453937007874
0
LINE
8
BLACK
6
CONTINUOUS
10
5.8232212204724405
20
-2.7739453937007874
11
5.8232212204724405
21
-2.7656495669291337
0
LINE
8
BLACK
6
CONTINUOUS
10
5.8232212204724405
20
-2.7656495669291337
11
5.7958072440944877
21
-2.7656495669291337
0
LINE
8
BLACK
6
CONTINUOUS
10
5.7958072440944877
20
-2.7656495669291337
11
5.7982656299212598
21
-2.7681079527559054
0
LINE
8
BLACK
6
CONTINUOUS
10
5.7982656299212598
20
-2.7681079527559054
11
5.7984514566929128
21
-2.7683343307086612
0
LINE
8
BLACK
6
CONTINUOUS
10
5.7984514566929128
20
-2.7683343307086612
11
5.7985103937007869
21
-2.7683854724409449
0
LINE
8
BLACK
6
CONTINUOUS
10
5.7985103937007869
20
-2.7683854724409449
11
5.7985662598425192
21
-2.768474212598425
0
LINE
8
BLACK
6
CONTINUOUS
10
5.7985662598425192
20
-2.768474212598425
11
5.7986328740157482
21
-2.7685553937007872
0
LINE
8
BLACK
6
CONTINUOUS
10
5.7986328740157482
20
-2.7685553937007872
11
5.798662716535433
21
-2.7686275196850394
0
LINE
8
BLACK
6
CONTINUOUS
10
5.798662716535433
20
-2.7686275196850394
11
5.79881874015748
21
-2.7688753543307087
0
LINE
8
BLACK
6
CONTINUOUS
10
5.79881874015748
20
-2.7688753543307087
11
5.8006935039370076
21
-2.7726248818897639
0
LINE
8
BLACK
6
CONTINUOUS
10
5.8006935039370076
20
-2.7726248818897639
11
5.800900393700787
21
-2.7731654724409447
0
LINE
8
BLACK
6
CONTINUOUS
10
5.800900393700787
20
-2.7731654724409447
11
5.8009820472440943
21
-2.7743146850393701
0
LINE
8
BLACK
6
CONTINUOUS
10
5.8009820472440943
20
-2.7743146850393701
11
5.8006177165354327
21
-2.7754076771653544
0
LINE
8
BLACK
6
CONTINUOUS
10
5.8006177165354327
20
-2.7754076771653544
11
5.7998628740157478
21
-2.7762780314960631
0
LINE
8
BLACK
6
CONTINUOUS
10
5.7998628740157478
20
-2.7762780314960631
11
5.798832362204724
21
-2.776793307086614
0
LINE
8
BLACK
6
CONTINUOUS
10
5.798832362204724
20
-2.776793307086614
11
5.797683149606299
21
-2.7768749606299212
0
LINE
8
BLACK
6
CONTINUOUS
10
5.797683149606299
20
-2.7768749606299212
11
5.7965901968503939
21
-2.7765106299212596
0
LINE
8
BLACK
6
CONTINUOUS
10
5.7965901968503939
20
-2.7765106299212596
11
5.7957198031496064
21
-2.7757557874015748
0
LINE
8
BLACK
6
CONTINUOUS
10
5.7957198031496064
20
-2.7757557874015748
11
5.7954114566929134
21
-2.775265905511811
0
LINE
8
BLACK
6
CONTINUOUS
10
5.7954114566929134
20
-2.775265905511811
11
5.7937509842519681
21
-2.7719449606299214
0
LINE
8
BLACK
6
CONTINUOUS
10
5.7937509842519681
20
-2.7719449606299214
11
5.7905470078740153
21
-2.7687409842519686
0
LINE
8
BLACK
6
CONTINUOUS
10
5.7905470078740153
20
-2.7687409842519686
11
5.785165984251968
21
-2.7651536614173229
0
LINE
8
BLACK
6
CONTINUOUS
10
5.785165984251968
20
-2.7651536614173229
11
5.7851642913385826
21
-2.765152283464567
0
LINE
8
BLACK
6
CONTINUOUS
10
5.7851642913385826
20
-2.765152283464567
11
5.78516342519685
21
-2.7651519291338582
0
LINE
8
BLACK
6
CONTINUOUS
10
5.78516342519685
20
-2.7651519291338582
11
5.7851613779527558
21
-2.7651498818897635
0
LINE
8
BLACK
6
CONTINUOUS
10
5.7851613779527558
20
-2.7651498818897635
11
5.7847181496062987
21
-2.7647868897637795
0
LINE
8
BLACK
6
CONTINUOUS
10
5.7847181496062987
20
-2.7647868897637795
11
5.7845554724409451
21
-2.7645439763779529
0
LINE
8
BLACK
6
CONTINUOUS
10
5.7845554724409451
20
-2.7645439763779529
11
5.7843487795275585
21
-2.7643372834645668
0
LINE
8
BLACK
6
CONTINUOUS
10
5.7843487795275585
20
-2.7643372834645668
11
5.7842380314960629
21
-2.7640699606299211
0
LINE
8
BLACK
6
CONTINUOUS
10
5.7842380314960629
20
-2.7640699606299211
11
5.7840770866141735
21
-2.7638296062992125
0
LINE
8
BLACK
6
CONTINUOUS
10
5.7840770866141735
20
-2.7638296062992125
11
5.7840197244094487
21
-2.7635429527559054
0
LINE
8
BLACK
6
CONTINUOUS
10
5.7840197244094487
20
-2.7635429527559054
11
5.7839078740157479
21
-2.7632728740157479
0
LINE
8
BLACK
6
CONTINUOUS
10
5.7839078740157479
20
-2.7632728740157479
11
5.7839078740157479
21
-2.7629835433070866
0
LINE
8
BLACK
6
CONTINUOUS
10
5.7839078740157479
20
-2.7629835433070866
11
5.7838511417322831
21
-2.7626999212598427
0
LINE
8
BLACK
6
CONTINUOUS
10
5.7838511417322831
20
-2.7626999212598427
11
5.7839078740157479
21
-2.7624131102362206
0
LINE
8
BLACK
6
CONTINUOUS
10
5.7839078740157479
20
-2.7624131102362206
11
5.7839078740157479
21
-2.7621207480314962
0
LINE
8
BLACK
6
CONTINUOUS
10
5.7839078740157479
20
-2.7621207480314962
11
5.7840185826771648
21
-2.7618534645669293
0
LINE
8
BLACK
6
CONTINUOUS
10
5.7840185826771648
20
-2.7618534645669293
11
5.7840747244094484
21
-2.7615696850393698
0
LINE
8
BLACK
6
CONTINUOUS
10
5.7840747244094484
20
-2.7615696850393698
11
5.784236889763779
21
-2.7613264173228345
0
LINE
8
BLACK
6
CONTINUOUS
10
5.784236889763779
20
-2.7613264173228345
11
5.7843487795275585
21
-2.761056338582677
0
LINE
8
BLACK
6
CONTINUOUS
10
5.7843487795275585
20
-2.761056338582677
11
5.7845533070866137
21
-2.7608517716535435
0
LINE
8
BLACK
6
CONTINUOUS
10
5.7845533070866137
20
-2.7608517716535435
11
5.7847138188976377
21
-2.7606110629921261
0
LINE
8
BLACK
6
CONTINUOUS
10
5.7847138188976377
20
-2.7606110629921261
11
5.7849566929133855
21
-2.7604483858267717
0
LINE
8
BLACK
6
CONTINUOUS
10
5.7849566929133855
20
-2.7604483858267717
11
5.78516342519685
21
-2.7602416929133859
0
LINE
8
BLACK
6
CONTINUOUS
10
5.78516342519685
20
-2.7602416929133859
11
5.7854307086614174
21
-2.7601309448818898
0
LINE
8
BLACK
6
CONTINUOUS
10
5.7854307086614174
20
-2.7601309448818898
11
5.7856711023622047
21
-2.75997
0
LINE
8
BLACK
6
CONTINUOUS
10
5.7856711023622047
20
-2.75997
11
5.7859577165354326
21
-2.7599126377952756
0
LINE
8
BLACK
6
CONTINUOUS
10
5.7859577165354326
20
-2.7599126377952756
11
5.7862278346456693
21
-2.7598007874015749
0
LINE
8
BLACK
6
CONTINUOUS
10
5.7862278346456693
20
-2.7598007874015749
11
5.7867977559055115
21
-2.7597446456692913
0
LINE
8
BLACK
6
CONTINUOUS
10
5.7867977559055115
20
-2.7597446456692913
11
5.7868007874015746
21
-2.7597440551181101
0
LINE
8
BLACK
6
CONTINUOUS
10
5.7868007874015746
20
-2.7597440551181101
11
5.7868018110236221
21
-2.7597442519685038
0
LINE
8
BLACK
6
CONTINUOUS
10
5.7868018110236221
20
-2.7597442519685038
11
5.7868038976377951
21
-2.7597440551181101
0
LINE
8
BLACK
6
CONTINUOUS
10
5.7868038976377951
20
-2.7597440551181101
11
5.8232212204724405
21
-2.7597440551181101
0
LINE
8
BLACK
6
CONTINUOUS
10
5.8232212204724405
20
-2.7597440551181101
11
5.8232212204724405
21
-2.7514482283464567
0
LINE
8
BLACK
6
CONTINUOUS
10
5.8232212204724405
20
-2.7514482283464567
11
5.8232779527559053
21
-2.7508721653543304
0
LINE
8
BLACK
6
CONTINUOUS
10
5.8232779527559053
20
-2.7508721653543304
11
5.8237188582677168
21
-2.7498077559055116
0
LINE
8
BLACK
6
CONTINUOUS
10
5.8237188582677168
20
-2.7498077559055116
11
5.8245335039370074
21
-2.7489931102362206
0
LINE
8
BLACK
6
CONTINUOUS
10
5.8245335039370074
20
-2.7489931102362206
11
5.8255979133858267
21
-2.7485522047244095
0
LINE
8
BLACK
6
CONTINUOUS
10
5.8255979133858267
20
-2.7485522047244095
11
5.8267500393700784
21
-2.7485522047244095
0
LINE
8
BLACK
6
CONTINUOUS
10
5.8267500393700784
20
-2.7485522047244095
11
5.8278144488188977
21
-2.7489931102362206
0
LINE
8
BLACK
6
CONTINUOUS
10
5.3200314960629917
20
-2.7329494881889764
11
5.3200745275590551
21
-2.7329431102362203
0
LINE
8
BLACK
6
CONTINUOUS
10
5.3200745275590551
20
-2.7329431102362203
11
5.32029
21
-2.7329749606299214
0
LINE
8
BLACK
6
CONTINUOUS
10
5.32029
20
-2.7329749606299214
11
5.3205070472440941
21
-2.732996338582677
0
LINE
8
BLACK
6
CONTINUOUS
10
5.3205070472440941
20
-2.732996338582677
11
5.3205472440944881
21
-2.7330129527559053
0
LINE
8
BLACK
6
CONTINUOUS
10
5.3205472440944881
20
-2.7330129527559053
11
5.3206471259842516
21
-2.7330277559055118
0
LINE
8
BLACK
6
CONTINUOUS
10
5.3206471259842516
20
-2.7330277559055118
11
5.3281461811023618
21
-2.7349025196850394
0
LINE
8
BLACK
6
CONTINUOUS
10
5.3281461811023618
20
-2.7349025196850394
11
5.3281886614173226
21
-2.7349176771653543
0
LINE
8
BLACK
6
CONTINUOUS
10
5.3281886614173226
20
-2.7349176771653543
11
5.3282099212598428
21
-2.7349192125984252
0
LINE
8
BLACK
6
CONTINUOUS
10
5.3282099212598428
20
-2.7349192125984252
11
5.3284493307086613
21
-2.7350108267716533
0
LINE
8
BLACK
6
CONTINUOUS
10
5.3284493307086613
20
-2.7350108267716533
11
5.3286912992125979
21
-2.735097283464567
0
LINE
8
BLACK
6
CONTINUOUS
10
5.3286912992125979
20
-2.735097283464567
11
5.32870842519685
21
-2.7351099606299214
0
LINE
8
BLACK
6
CONTINUOUS
10
5.32870842519685
20
-2.7351099606299214
11
5.328750551181102
21
-2.7351261023622047
0
LINE
8
BLACK
6
CONTINUOUS
10
5.328750551181102
20
-2.7351261023622047
11
5.3325000787401571
21
-2.7370008661417322
0
LINE
8
BLACK
6
CONTINUOUS
10
5.3325000787401571
20
-2.7370008661417322
11
5.3327479527559056
21
-2.7371568897637792
0
LINE
8
BLACK
6
CONTINUOUS
10
5.3327479527559056
20
-2.7371568897637792
11
5.3328199999999999
21
-2.7371867322834644
0
LINE
8
BLACK
6
CONTINUOUS
10
5.3328199999999999
20
-2.7371867322834644
11
5.3329010236220471
21
-2.7372532283464568
0
LINE
8
BLACK
6
CONTINUOUS
10
5.3329010236220471
20
-2.7372532283464568
11
5.3329899606299209
21
-2.7373092125984253
0
LINE
8
BLACK
6
CONTINUOUS
10
5.3329899606299209
20
-2.7373092125984253
11
5.3330411023622046
21
-2.7373681889763777
0
LINE
8
BLACK
6
CONTINUOUS
10
5.3330411023622046
20
-2.7373681889763777
11
5.3332674803149605
21
-2.7375539763779528
0
LINE
8
BLACK
6
CONTINUOUS
10
5.3332674803149605
20
-2.7375539763779528
11
5.3370170472440943
21
-2.7413035039370079
0
LINE
8
BLACK
6
CONTINUOUS
10
5.3370170472440943
20
-2.7413035039370079
11
5.3373842913385827
21
-2.7417509448818898
0
LINE
8
BLACK
6
CONTINUOUS
10
5.3373842913385827
20
-2.7417509448818898
11
5.3374248818897634
21
-2.7418489763779528
0
LINE
8
BLACK
6
CONTINUOUS
10
5.3374248818897634
20
-2.7418489763779528
11
5.3374943700787396
21
-2.7419290944881891
0
LINE
8
BLACK
6
CONTINUOUS
10
5.3374943700787396
20
-2.7419290944881891
11
5.3377303543307084
21
-2.7424576771653544
0
LINE
8
BLACK
6
CONTINUOUS
10
5.3377303543307084
20
-2.7424576771653544
11
5.339605118110236
21
-2.7480819291338583
0
LINE
8
BLACK
6
CONTINUOUS
10
5.339605118110236
20
-2.7480819291338583
11
5.3396700393700787
21
-2.7483675590551182
0
LINE
8
BLACK
6
CONTINUOUS
10
5.3396700393700787
20
-2.7483675590551182
11
5.3396999212598422
21
-2.7484396456692912
0
LINE
8
BLACK
6
CONTINUOUS
10
5.3396999212598422
20
-2.7484396456692912
11
5.3397101968503939
21
-2.7485440944881887
0
LINE
8
BLACK
6
CONTINUOUS
10
5.3397101968503939
20
-2.7485440944881887
11
5.3397334645669288
21
-2.7486463779527557
0
LINE
8
BLACK
6
CONTINUOUS
10
5.3397334645669288
20
-2.7486463779527557
11
5.3397279133858264
21
-2.748724094488189
0
LINE
8
BLACK
6
CONTINUOUS
10
5.3397279133858264
20
-2.748724094488189
11
5.339756653543307
21
-2.7490157086614171
0
LINE
8
BLACK
6
CONTINUOUS
10
5.339756653543307
20
-2.7490157086614171
11
5.339756653543307
21
-2.7583895275590549
0
LINE
8
BLACK
6
CONTINUOUS
10
5.339756653543307
20
-2.7583895275590549
11
5.3396999212598422
21
-2.7589655905511812
0
LINE
8
BLACK
6
CONTINUOUS
10
5.3396999212598422
20
-2.7589655905511812
11
5.3392590157480315
21
-2.76003
0
LINE
8
BLACK
6
CONTINUOUS
10
5.3392590157480315
20
-2.76003
11
5.3384443700787401
21
-2.7608446456692914
0
LINE
8
BLACK
6
CONTINUOUS
10
5.3384443700787401
20
-2.7608446456692914
11
5.3373799606299208
21
-2.7612855511811021
0
LINE
8
BLACK
6
CONTINUOUS
10
5.3373799606299208
20
-2.7612855511811021
11
5.3368038976377949
21
-2.7613422834645669
0
LINE
8
BLACK
6
CONTINUOUS
10
5.3368038976377949
20
-2.7613422834645669
11
5.2974338188976375
21
-2.7613422834645669
0
LINE
8
BLACK
6
CONTINUOUS
10
5.2974338188976375
20
-2.7613422834645669
11
5.2968577559055117
21
-2.7612855511811021
0
LINE
8
BLACK
6
CONTINUOUS
10
5.2968577559055117
20
-2.7612855511811021
11
5.2957933464566924
21
-2.7608446456692914
0
LINE
8
BLACK
6
CONTINUOUS
10
5.2957933464566924
20
-2.7608446456692914
11
5.2949787007874018
21
-2.76003
0
LINE
8
BLACK
6
CONTINUOUS
10
5.2949787007874018
20
-2.76003
11
5.2945377952755903
21
-2.7589655905511812
0
LINE
8
BLACK
6
CONTINUOUS
10
5.2945377952755903
20
-2.7589655905511812
11
5.2944810629921255
21
-2.7583895275590549
0
LINE
8
BLACK
6
CONTINUOUS
10
5.2944810629921255
20
-2.7583895275590549
11
5.2944810629921255
21
-2.7490157086614171
0
LINE
8
BLACK
6
CONTINUOUS
10
5.2944810629921255
20
-2.7490157086614171
11
5.2945097637795273
21
-2.7487241338582677
0
LINE
8
BLACK
6
CONTINUOUS
10
5.2945097637795273
20
-2.7487241338582677
11
5.2945042519685037
21
-2.7486464173228344
0
LINE
8
BLACK
6
CONTINUOUS
10
5.2945042519685037
20
-2.7486464173228344
11
5.2945274803149607
21
-2.7485441338582675
0
LINE
8
BLACK
6
CONTINUOUS
10
5.2945274803149607
20
-2.7485441338582675
11
5.2945377952755903
21
-2.7484396456692912
0
LINE
8
BLACK
6
CONTINUOUS
10
5.2945377952755903
20
-2.7484396456692912
11
5.2945676377952751
21
-2.7483675196850395
0
LINE
8
BLACK
6
CONTINUOUS
10
5.2945676377952751
20
-2.7483675196850395
11
5.2946325984251965
21
-2.748081968503937
0
LINE
8
BLACK
6
CONTINUOUS
10
5.2946325984251965
20
-2.748081968503937
11
5.2965073622047241
21
-2.7424576771653544
0
LINE
8
BLACK
6
CONTINUOUS
10
5.2965073622047241
20
-2.7424576771653544
11
5.2967433464566929
21
-2.7419291338582679
0
LINE
8
BLACK
6
CONTINUOUS
10
5.2967433464566929
20
-2.7419291338582679
11
5.2968128346456691
21
-2.7418489763779528
0
LINE
8
BLACK
6
CONTINUOUS
10
5.2968128346456691
20
-2.7418489763779528
11
5.2968534645669294
21
-2.7417509448818898
0
LINE
8
BLACK
6
CONTINUOUS
10
5.2968534645669294
20
-2.7417509448818898
11
5.2972206692913382
21
-2.7413035039370079
0
LINE
8
BLACK
6
CONTINUOUS
10
5.2972206692913382
20
-2.7413035039370079
11
5.3009701968503933
21
-2.7375539763779528
0
LINE
8
BLACK
6
CONTINUOUS
10
5.3009701968503933
20
-2.7375539763779528
11
5.3011965748031491
21
-2.7373681102362206
0
LINE
8
BLACK
6
CONTINUOUS
10
5.3011965748031491
20
-2.7373681102362206
11
5.3012477165354328
21
-2.7373092125984253
0
LINE
8
BLACK
6
CONTINUOUS
10
5.3012477165354328
20
-2.7373092125984253
11
5.3013364566929129
21
-2.7372533070866143
0
LINE
8
BLACK
6
CONTINUOUS
10
5.3013364566929129
20
-2.7372533070866143
11
5.3014176377952751
21
-2.7371867322834644
0
LINE
8
BLACK
6
CONTINUOUS
10
5.3014176377952751
20
-2.7371867322834644
11
5.3014897637795277
21
-2.7371568503937009
0
LINE
8
BLACK
6
CONTINUOUS
10
5.3014897637795277
20
-2.7371568503937009
11
5.3017375984251967
21
-2.7370008661417322
0
LINE
8
BLACK
6
CONTINUOUS
10
5.3017375984251967
20
-2.7370008661417322
11
5.3054871259842518
21
-2.7351261023622047
0
LINE
8
BLACK
6
CONTINUOUS
10
5.3054871259842518
20
-2.7351261023622047
11
5.305529212598425
21
-2.7351099606299214
0
LINE
8
BLACK
6
CONTINUOUS
10
5.305529212598425
20
-2.7351099606299214
11
5.3055463779527559
21
-2.735097283464567
0
LINE
8
BLACK
6
CONTINUOUS
10
5.3055463779527559
20
-2.735097283464567
11
5.3057879527559058
21
-2.7350109448818896
0
LINE
8
BLACK
6
CONTINUOUS
10
5.3057879527559058
20
-2.7350109448818896
11
5.306027716535433
21
-2.7349192125984252
0
LINE
8
BLACK
6
CONTINUOUS
10
5.306027716535433
20
-2.7349192125984252
11
5.3060489763779524
21
-2.7349176771653543
0
LINE
8
BLACK
6
CONTINUOUS
10
5.3060489763779524
20
-2.7349176771653543
11
5.3060914960629919
21
-2.7349025196850394
0
LINE
8
BLACK
6
CONTINUOUS
10
5.3060914960629919
20
-2.7349025196850394
11
5.3135905511811021
21
-2.7330277559055118
0
LINE
8
BLACK
6
CONTINUOUS
10
5.3135905511811021
20
-2.7330277559055118
11
5.3136903937007869
21
-2.7330129527559053
0
LINE
8
BLACK
6
CONTINUOUS
10
5.3136903937007869
20
-2.7330129527559053
11
5.3137306299212597
21
-2.732996338582677
0
LINE
8
BLACK
6
CONTINUOUS
10
5.3137306299212597
20
-2.732996338582677
11
5.3139476377952759
21
-2.7329749606299214
0
LINE
8
BLACK
6
CONTINUOUS
10
5.3139476377952759
20
-2.7329749606299214
11
5.3141631496062987
21
-2.7329431102362203
0
LINE
8
BLACK
6
CONTINUOUS
10
5.3141631496062987
20
-2.7329431102362203
11
5.3142061417322832
21
-2.7329494881889764
0
LINE
8
BLACK
6
CONTINUOUS
10
5.3142061417322832
20
-2.7329494881889764
11
5.3143066929133855
21
-2.7329396062992126
0
LINE
8
BLACK
6
CONTINUOUS
10
5.3143066929133855
20
-2.7329396062992126
11
5.3199309842519682
21
-2.7329396062992126
0
LINE
8
BLACK
6
CONTINUOUS
10
5.3199309842519682
20
-2.7329396062992126
11
5.3200314960629917
21
-2.7329494881889764
0
LINE
8
BLACK
6
CONTINUOUS
10
5.3078381889763779
20
-2.7405531102362204
11
5.3048072047244093
21
-2.7420686220472441
0
LINE
8
BLACK
6
CONTINUOUS
10
5.3048072047244093
20
-2.7420686220472441
11
5.3018893700787402
21
-2.7449864173228344
0
LINE
8
BLACK
6
CONTINUOUS
10
5.3018893700787402
20
-2.7449864173228344
11
5.3003865748031496
21
-2.749494842519685
0
LINE
8
BLACK
6
CONTINUOUS
10
5.3003865748031496
20
-2.749494842519685
11
5.3003865748031496
21
-2.7554367716535433
0
LINE
8
BLACK
6
CONTINUOUS
10
5.3003865748031496
20
-2.7554367716535433
11
5.3338511417322829
21
-2.7554367716535433
0
LINE
8
BLACK
6
CONTINUOUS
10
5.3338511417322829
20
-2.7554367716535433
11
5.3338511417322829
21
-2.749494842519685
0
LINE
8
BLACK
6
CONTINUOUS
10
5.3338511417322829
20
-2.749494842519685
11
5.3323483464566932
21
-2.7449864566929132
0
LINE
8
BLACK
6
CONTINUOUS
10
5.3323483464566932
20
-2.7449864566929132
11
5.3294304724409445
21
-2.7420686220472441
0
LINE
8
BLACK
6
CONTINUOUS
10
5.3294304724409445
20
-2.7420686220472441
11
5.3263994881889767
21
-2.7405531102362204
0
LINE
8
BLACK
6
CONTINUOUS
10
5.3263994881889767
20
-2.7405531102362204
11
5.3195674409448817
21
-2.7388451181102362
0
LINE
8
BLACK
6
CONTINUOUS
10
5.3195674409448817
20
-2.7388451181102362
11
5.3146702362204721
21
-2.7388451181102362
0
LINE
8
BLACK
6
CONTINUOUS
10
5.3146702362204721
20
-2.7388451181102362
11
5.3078381889763779
21
-2.7405531102362204
0
LINE
8
BLACK
6
CONTINUOUS
10
5.3089739370078739
20
-2.6954729921259841
11
5.3090516929133855
21
-2.6954674803149605
0
LINE
8
BLACK
6
CONTINUOUS
10
5.3090516929133855
20
-2.6954674803149605
11
5.3091539370078742
21
-2.695490708661417
0
LINE
8
BLACK
6
CONTINUOUS
10
5.3091539370078742
20
-2.695490708661417
11
5.3092584645669287
21
-2.6955010236220471
0
LINE
8
BLACK
6
CONTINUOUS
10
5.3092584645669287
20
-2.6955010236220471
11
5.3093305511811026
21
-2.6955308661417323
0
LINE
8
BLACK
6
CONTINUOUS
10
5.3093305511811026
20
-2.6955308661417323
11
5.3096161417322829
21
-2.6955958267716533
0
LINE
8
BLACK
6
CONTINUOUS
10
5.3096161417322829
20
-2.6955958267716533
11
5.3152404330708656
21
-2.6974705905511809
0
LINE
8
BLACK
6
CONTINUOUS
10
5.3152404330708656
20
-2.6974705905511809
11
5.315768976377953
21
-2.6977065748031497
0
LINE
8
BLACK
6
CONTINUOUS
10
5.315768976377953
20
-2.6977065748031497
11
5.3158490944881889
21
-2.6977760629921259
0
LINE
8
BLACK
6
CONTINUOUS
10
5.3158490944881889
20
-2.6977760629921259
11
5.3159471653543307
21
-2.6978166929133858
0
LINE
8
BLACK
6
CONTINUOUS
10
5.3159471653543307
20
-2.6978166929133858
11
5.3163946062992125
21
-2.6981838976377954
0
LINE
8
BLACK
6
CONTINUOUS
10
5.3163946062992125
20
-2.6981838976377954
11
5.3338511417322829
21
-2.7156403937007871
0
LINE
8
BLACK
6
CONTINUOUS
10
5.3338511417322829
20
-2.7156403937007871
11
5.3338511417322829
21
-2.6983970472440943
0
LINE
8
BLACK
6
CONTINUOUS
10
5.3338511417322829
20
-2.6983970472440943
11
5.3339078740157477
21
-2.6978209842519685
0
LINE
8
BLACK
6
CONTINUOUS
10
5.3339078740157477
20
-2.6978209842519685
11
5.3343487795275593
21
-2.6967565748031497
0
LINE
8
BLACK
6
CONTINUOUS
10
5.3343487795275593
20
-2.6967565748031497
11
5.3351634251968498
21
-2.6959419291338582
0
LINE
8
BLACK
6
CONTINUOUS
10
5.3351634251968498
20
-2.6959419291338582
11
5.3362278346456691
21
-2.6955010236220471
0
LINE
8
BLACK
6
CONTINUOUS
10
5.3362278346456691
20
-2.6955010236220471
11
5.3373799606299208
21
-2.6955010236220471
0
LINE
8
BLACK
6
CONTINUOUS
10
5.3373799606299208
20
-2.6955010236220471
11
5.3384443700787401
21
-2.6959419291338582
0
LINE
8
BLACK
6
CONTINUOUS
10
5.3384443700787401
20
-2.6959419291338582
11
5.3392590157480315
21
-2.6967565748031497
0
LINE
8
BLACK
6
CONTINUOUS
10
5.3392590157480315
20
-2.6967565748031497
11
5.3396999212598422
21
-2.6978209842519685
0
LINE
8
BLACK
6
CONTINUOUS
10
5.3396999212598422
20
-2.6978209842519685
11
5.339756653543307
21
-2.6983970472440943
0
LINE
8
BLACK
6
CONTINUOUS
10
5.339756653543307
20
-2.6983970472440943
11
5.339756653543307
21
-2.7227689763779526
0
LINE
8
BLACK
6
CONTINUOUS
10
5.339756653543307
20
-2.7227689763779526
11
5.3396999212598422
21
-2.7233450393700789
0
LINE
8
BLACK
6
CONTINUOUS
10
5.3396999212598422
20
-2.7233450393700789
11
5.3395707874015743
21
-2.7236567716535434
0
LINE
8
BLACK
6
CONTINUOUS
10
5.3395707874015743
20
-2.7236567716535434
11
5.3392590551181103
21
-2.7244094488188977
0
LINE
8
BLACK
6
CONTINUOUS
10
5.3392590551181103
20
-2.7244094488188977
11
5.3384443700787401
21
-2.7252240944881887
0
LINE
8
BLACK
6
CONTINUOUS
10
5.3384443700787401
20
-2.7252240944881887
11
5.3373799606299208
21
-2.7256649999999998
0
LINE
8
BLACK
6
CONTINUOUS
10
5.3373799606299208
20
-2.7256649999999998
11
5.3362278740157478
21
-2.7256649999999998
0
LINE
8
BLACK
6
CONTINUOUS
10
5.3362278740157478
20
-2.7256649999999998
11
5.3362278346456691
21
-2.7256649999999998
0
LINE
8
BLACK
6
CONTINUOUS
10
5.3362278346456691
20
-2.7256649999999998
11
5.3359160629921263
21
-2.7255358661417324
0
LINE
8
BLACK
6
CONTINUOUS
10
5.3359160629921263
20
-2.7255358661417324
11
5.3351634251968498
21
-2.7252241338582675
0
LINE
8
BLACK
6
CONTINUOUS
10
5.3351634251968498
20
-2.7252241338582675
11
5.334715984251968
21
-2.7248568897637795
0
LINE
8
BLACK
6
CONTINUOUS
10
5.334715984251968
20
-2.7248568897637795
11
5.3127116535433068
21
-2.702852598425197
0
LINE
8
BLACK
6
CONTINUOUS
10
5.3127116535433068
20
-2.702852598425197
11
5.3082032677165349
21
-2.7013498031496064
0
LINE
8
BLACK
6
CONTINUOUS
10
5.3082032677165349
20
-2.7013498031496064
11
5.3056299212598423
21
-2.7013498031496064
0
LINE
8
BLACK
6
CONTINUOUS
10
5.3056299212598423
20
-2.7013498031496064
11
5.3029324409448817
21
-2.7026985433070867
0
LINE
8
BLACK
6
CONTINUOUS
10
5.3029324409448817
20
-2.7026985433070867
11
5.3017353149606299
21
-2.7038956692913385
0
LINE
8
BLACK
6
CONTINUOUS
10
5.3017353149606299
20
-2.7038956692913385
11
5.3003865748031496
21
-2.7065931496062992
0
LINE
8
BLACK
6
CONTINUOUS
10
5.3003865748031496
20
-2.7065931496062992
11
5.3003865748031496
21
-2.7145728740157478
0
LINE
8
BLACK
6
CONTINUOUS
10
5.3003865748031496
20
-2.7145728740157478
11
5.3017353149606299
21
-2.7172703543307084
0
LINE
8
BLACK
6
CONTINUOUS
10
5.3017353149606299
20
-2.7172703543307084
11
5.3032712598425196
21
-2.7188062992125985
0
LINE
8
BLACK
6
CONTINUOUS
10
5.3032712598425196
20
-2.7188062992125985
11
5.3036384645669292
21
-2.7192537401574803
0
LINE
8
BLACK
6
CONTINUOUS
10
5.3036384645669292
20
-2.7192537401574803
11
5.3040793700787399
21
-2.7203181496062991
0
LINE
8
BLACK
6
CONTINUOUS
10
5.3040793700787399
20
-2.7203181496062991
11
5.3040793700787399
21
-2.7214702362204726
0
LINE
8
BLACK
6
CONTINUOUS
10
5.3040793700787399
20
-2.7214702362204726
11
5.3036384645669292
21
-2.7225346456692914
0
LINE
8
BLACK
6
CONTINUOUS
10
5.3036384645669292
20
-2.7225346456692914
11
5.302823779527559
21
-2.7233493307086611
0
LINE
8
BLACK
6
CONTINUOUS
10
5.302823779527559
20
-2.7233493307086611
11
5.3017593700787398
21
-2.7237902362204722
0
LINE
8
BLACK
6
CONTINUOUS
10
5.3017593700787398
20
-2.7237902362204722
11
5.3006072834645668
21
-2.7237902362204722
0
LINE
8
BLACK
6
CONTINUOUS
10
5.3006072834645668
20
-2.7237902362204722
11
5.2995428740157475
21
-2.7233493307086611
0
LINE
8
BLACK
6
CONTINUOUS
10
5.2995428740157475
20
-2.7233493307086611
11
5.2990954330708657
21
-2.7229821259842519
0
LINE
8
BLACK
6
CONTINUOUS
10
5.2990954330708657
20
-2.7229821259842519
11
5.2972206692913382
21
-2.7211073622047244
0
LINE
8
BLACK
6
CONTINUOUS
10
5.2972206692913382
20
-2.7211073622047244
11
5.2970348818897639
21
-2.7208809842519686
0
LINE
8
BLACK
6
CONTINUOUS
10
5.2970348818897639
20
-2.7208809842519686
11
5.2969759055118111
21
-2.7208298425196848
0
LINE
8
BLACK
6
CONTINUOUS
10
5.2969759055118111
20
-2.7208298425196848
11
5.2969199212598426
21
-2.7207408661417323
0
LINE
8
BLACK
6
CONTINUOUS
10
5.2969199212598426
20
-2.7207408661417323
11
5.2968534645669294
21
-2.7206599212598426
0
LINE
8
BLACK
6
CONTINUOUS
10
5.2968534645669294
20
-2.7206599212598426
11
5.2968236220472438
21
-2.7205879527559054
0
LINE
8
BLACK
6
CONTINUOUS
10
5.2968236220472438
20
-2.7205879527559054
11
5.296667559055118
21
-2.720339960629921
0
LINE
8
BLACK
6
CONTINUOUS
10
5.296667559055118
20
-2.720339960629921
11
5.2947927952755904
21
-2.7165904330708659
0
LINE
8
BLACK
6
CONTINUOUS
10
5.2947927952755904
20
-2.7165904330708659
11
5.294585905511811
21
-2.7160498031496063
0
LINE
8
BLACK
6
CONTINUOUS
10
5.294585905511811
20
-2.7160498031496063
11
5.2945783858267719
21
-2.7159439763779525
0
LINE
8
BLACK
6
CONTINUOUS
10
5.2945783858267719
20
-2.7159439763779525
11
5.2945377952755903
21
-2.7158459842519687
0
LINE
8
BLACK
6
CONTINUOUS
10
5.2945377952755903
20
-2.7158459842519687
11
5.2944810629921255
21
-2.7152699212598423
0
LINE
8
BLACK
6
CONTINUOUS
10
5.2944810629921255
20
-2.7152699212598423
11
5.2944810629921255
21
-2.7058961023622046
0
LINE
8
BLACK
6
CONTINUOUS
10
5.2944810629921255
20
-2.7058961023622046
11
5.2945377952755903
21
-2.7053200393700787
0
LINE
8
BLACK
6
CONTINUOUS
10
5.2945377952755903
20
-2.7053200393700787
11
5.2945783858267719
21
-2.7052220078740157
0
LINE
8
BLACK
6
CONTINUOUS
10
5.2945783858267719
20
-2.7052220078740157
11
5.294585905511811
21
-2.705116220472441
0
LINE
8
BLACK
6
CONTINUOUS
10
5.294585905511811
20
-2.705116220472441
11
5.2947927952755904
21
-2.704575590551181
0
LINE
8
BLACK
6
CONTINUOUS
10
5.2947927952755904
20
-2.704575590551181
11
5.296667559055118
21
-2.7008260629921259
0
LINE
8
BLACK
6
CONTINUOUS
10
5.296667559055118
20
-2.7008260629921259
11
5.2968236220472438
21
-2.7005780314960628
0
LINE
8
BLACK
6
CONTINUOUS
10
5.2968236220472438
20
-2.7005780314960628
11
5.2968534645669294
21
-2.7005061023622048
0
LINE
8
BLACK
6
CONTINUOUS
10
5.2968534645669294
20
-2.7005061023622048
11
5.2969199212598426
21
-2.7004251181102363
0
LINE
8
BLACK
6
CONTINUOUS
10
5.2969199212598426
20
-2.7004251181102363
11
5.2969759055118111
21
-2.7003361811023621
0
LINE
8
BLACK
6
CONTINUOUS
10
5.2969759055118111
20
-2.7003361811023621
11
5.2970348818897639
21
-2.700285
0
LINE
8
BLACK
6
CONTINUOUS
10
5.2970348818897639
20
-2.700285
11
5.2972206692913382
21
-2.700058661417323
0
LINE
8
BLACK
6
CONTINUOUS
10
5.2972206692913382
20
-2.700058661417323
11
5.2990954330708657
21
-2.6981838976377954
0
LINE
8
BLACK
6
CONTINUOUS
10
5.2990954330708657
20
-2.6981838976377954
11
5.2993217716535428
21
-2.6979981102362203
0
LINE
8
BLACK
6
CONTINUOUS
10
5.2993217716535428
20
-2.6979981102362203
11
5.2993729527559053
21
-2.6979391338582674
0
LINE
8
BLACK
6
CONTINUOUS
10
5.2993729527559053
20
-2.6979391338582674
11
5.2994618897637791
21
-2.6978831496062989
0
LINE
8
BLACK
6
CONTINUOUS
10
5.2994618897637791
20
-2.6978831496062989
11
5.2995428740157475
21
-2.6978166929133858
0
LINE
8
BLACK
6
CONTINUOUS
10
5.2995428740157475
20
-2.6978166929133858
11
5.2996148031496064
21
-2.6977868503937006
0
LINE
8
BLACK
6
CONTINUOUS
10
5.2996148031496064
20
-2.6977868503937006
11
5.2998628346456691
21
-2.6976307874015748
0
LINE
8
BLACK
6
CONTINUOUS
10
5.2998628346456691
20
-2.6976307874015748
11
5.3036123622047242
21
-2.6957560236220472
0
LINE
8
BLACK
6
CONTINUOUS
10
5.3036123622047242
20
-2.6957560236220472
11
5.3041529527559055
21
-2.6955491338582678
0
LINE
8
BLACK
6
CONTINUOUS
10
5.3041529527559055
20
-2.6955491338582678
11
5.3042588188976376
21
-2.6955415748031495
0
LINE
8
BLACK
6
CONTINUOUS
10
5.3042588188976376
20
-2.6955415748031495
11
5.3043568110236219
21
-2.6955010236220471
0
LINE
8
BLACK
6
CONTINUOUS
10
5.3043568110236219
20
-2.6955010236220471
11
5.3049328740157478
21
-2.6954442913385828
0
LINE
8
BLACK
6
CONTINUOUS
10
5.3049328740157478
20
-2.6954442913385828
11
5.3086824015748029
21
-2.6954442913385828
0
LINE
8
BLACK
6
CONTINUOUS
10
5.3086824015748029
20
-2.6954442913385828
11
5.3089739370078739
21
-2.6954729921259841
0
LINE
8
BLACK
6
CONTINUOUS
10
4.5463531496062988
20
-2.4697346456692912
11
4.546451141732283
21
-2.4697752362204723
0
LINE
8
BLACK
6
CONTINUOUS
10
4.546451141732283
20
-2.4697752362204723
11
4.5465569685039373
21
-2.4697827559055119
0
LINE
8
BLACK
6
CONTINUOUS
10
4.5465569685039373
20
-2.4697827559055119
11
4.5470975984251965
21
-2.4699896456692914
0
LINE
8
BLACK
6
CONTINUOUS
10
4.5470975984251965
20
-2.4699896456692914
11
4.5508471259842516
21
-2.4718644094488189
0
LINE
8
BLACK
6
CONTINUOUS
10
4.5508471259842516
20
-2.4718644094488189
11
4.5510951181102364
21
-2.4720204724409447
0
LINE
8
BLACK
6
CONTINUOUS
10
4.5510951181102364
20
-2.4720204724409447
11
4.5511670866141731
21
-2.4720503149606299
0
LINE
8
BLACK
6
CONTINUOUS
10
4.5511670866141731
20
-2.4720503149606299
11
4.5512480314960628
21
-2.472116771653543
0
LINE
8
BLACK
6
CONTINUOUS
10
4.5512480314960628
20
-2.472116771653543
11
4.5513370078740154
21
-2.4721727559055116
0
LINE
8
BLACK
6
CONTINUOUS
10
4.5513370078740154
20
-2.4721727559055116
11
4.5513881496062991
21
-2.4722317322834644
0
LINE
8
BLACK
6
CONTINUOUS
10
4.5513881496062991
20
-2.4722317322834644
11
4.5516145275590549
21
-2.4724175196850395
0
LINE
8
BLACK
6
CONTINUOUS
10
4.5516145275590549
20
-2.4724175196850395
11
4.5534892913385825
21
-2.4742922834645671
0
LINE
8
BLACK
6
CONTINUOUS
10
4.5534892913385825
20
-2.4742922834645671
11
4.5536750393700789
21
-2.4745186220472442
0
LINE
8
BLACK
6
CONTINUOUS
10
4.5536750393700789
20
-2.4745186220472442
11
4.5537340551181105
21
-2.4745698031496062
0
LINE
8
BLACK
6
CONTINUOUS
10
4.5537340551181105
20
-2.4745698031496062
11
4.5537900000000002
21
-2.4746587401574804
0
LINE
8
BLACK
6
CONTINUOUS
10
4.5537900000000002
20
-2.4746587401574804
11
4.5538564960629921
21
-2.4747397244094489
0
LINE
8
BLACK
6
CONTINUOUS
10
4.5538564960629921
20
-2.4747397244094489
11
4.5538862992125981
21
-2.4748116535433069
0
LINE
8
BLACK
6
CONTINUOUS
10
4.5538862992125981
20
-2.4748116535433069
11
4.5540424015748027
21
-2.47505968503937
0
LINE
8
BLACK
6
CONTINUOUS
10
4.5540424015748027
20
-2.47505968503937
11
4.5559171653543302
21
-2.4788092125984251
0
LINE
8
BLACK
6
CONTINUOUS
10
4.5559171653543302
20
-2.4788092125984251
11
4.5561240551181097
21
-2.4793498031496064
0
LINE
8
BLACK
6
CONTINUOUS
10
4.5561240551181097
20
-2.4793498031496064
11
4.5561315748031497
21
-2.4794556692913385
0
LINE
8
BLACK
6
CONTINUOUS
10
4.5561315748031497
20
-2.4794556692913385
11
4.5561721653543303
21
-2.4795536614173228
0
LINE
8
BLACK
6
CONTINUOUS
10
4.5561721653543303
20
-2.4795536614173228
11
4.5562288976377951
21
-2.4801297244094487
0
LINE
8
BLACK
6
CONTINUOUS
10
4.5562288976377951
20
-2.4801297244094487
11
4.5562288976377951
21
-2.4838792519685038
0
LINE
8
BLACK
6
CONTINUOUS
10
4.5562288976377951
20
-2.4838792519685038
11
4.5562001574803146
21
-2.4841708267716536
0
LINE
8
BLACK
6
CONTINUOUS
10
4.5562001574803146
20
-2.4841708267716536
11
4.5562057086614169
21
-2.4842485826771652
0
LINE
8
BLACK
6
CONTINUOUS
10
4.5562057086614169
20
-2.4842485826771652
11
4.5561824409448821
21
-2.4843508267716534
0
LINE
8
BLACK
6
CONTINUOUS
10
4.5561824409448821
20
-2.4843508267716534
11
4.5561721653543303
21
-2.4844553149606297
0
LINE
8
BLACK
6
CONTINUOUS
10
4.5561721653543303
20
-2.4844553149606297
11
4.5561422834645668
21
-2.4845273622047244
0
LINE
8
BLACK
6
CONTINUOUS
10
4.5561422834645668
20
-2.4845273622047244
11
4.5560773622047241
21
-2.484813031496063
0
LINE
8
BLACK
6
CONTINUOUS
10
4.5560773622047241
20
-2.484813031496063
11
4.5542025984251966
21
-2.4904372834645669
0
LINE
8
BLACK
6
CONTINUOUS
10
4.5542025984251966
20
-2.4904372834645669
11
4.5539666141732287
21
-2.4909658661417322
0
LINE
8
BLACK
6
CONTINUOUS
10
4.5539666141732287
20
-2.4909658661417322
11
4.5538971259842516
21
-2.4910459448818898
0
LINE
8
BLACK
6
CONTINUOUS
10
4.5538971259842516
20
-2.4910459448818898
11
4.5538565354330709
21
-2.4911440157480316
0
LINE
8
BLACK
6
CONTINUOUS
10
4.5538565354330709
20
-2.4911440157480316
11
4.5534892913385825
21
-2.4915914566929134
0
LINE
8
BLACK
6
CONTINUOUS
10
4.5534892913385825
20
-2.4915914566929134
11
4.5360327952755908
21
-2.5090479921259843
0
LINE
8
BLACK
6
CONTINUOUS
10
4.5360327952755908
20
-2.5090479921259843
11
4.5532761417322831
21
-2.5090479921259843
0
LINE
8
BLACK
6
CONTINUOUS
10
4.5532761417322831
20
-2.5090479921259843
11
4.553852204724409
21
-2.5091047244094487
0
LINE
8
BLACK
6
CONTINUOUS
10
4.553852204724409
20
-2.5091047244094487
11
4.5549166141732282
21
-2.5095456299212597
0
LINE
8
BLACK
6
CONTINUOUS
10
4.5549166141732282
20
-2.5095456299212597
11
4.5557312598425197
21
-2.5103602755905512
0
LINE
8
BLACK
6
CONTINUOUS
10
4.5557312598425197
20
-2.5103602755905512
11
4.5561721653543303
21
-2.51142468503937
0
LINE
8
BLACK
6
CONTINUOUS
10
4.5561721653543303
20
-2.51142468503937
11
4.5561721653543303
21
-2.5125768110236222
0
LINE
8
BLACK
6
CONTINUOUS
10
4.5561721653543303
20
-2.5125768110236222
11
4.5557312598425197
21
-2.513641220472441
0
LINE
8
BLACK
6
CONTINUOUS
10
4.5557312598425197
20
-2.513641220472441
11
4.5549166141732282
21
-2.5144558661417324
0
LINE
8
BLACK
6
CONTINUOUS
10
4.5549166141732282
20
-2.5144558661417324
11
4.553852204724409
21
-2.5148967716535431
0
LINE
8
BLACK
6
CONTINUOUS
10
4.553852204724409
20
-2.5148967716535431
11
4.5532761417322831
21
-2.5149535039370079
0
LINE
8
BLACK
6
CONTINUOUS
10
4.5532761417322831
20
-2.5149535039370079
11
4.5289042125984249
21
-2.5149535039370079
0
LINE
8
BLACK
6
CONTINUOUS
10
4.5289042125984249
20
-2.5149535039370079
11
4.528328149606299
21
-2.5148967716535431
0
LINE
8
BLACK
6
CONTINUOUS
10
4.528328149606299
20
-2.5148967716535431
11
4.5272637401574798
21
-2.5144558661417324
0
LINE
8
BLACK
6
CONTINUOUS
10
4.5272637401574798
20
-2.5144558661417324
11
4.5264490944881892
21
-2.513641220472441
0
LINE
8
BLACK
6
CONTINUOUS
10
4.5264490944881892
20
-2.513641220472441
11
4.5260081889763777
21
-2.5125768110236222
0
LINE
8
BLACK
6
CONTINUOUS
10
4.5260081889763777
20
-2.5125768110236222
11
4.5260081889763777
21
-2.51142468503937
0
LINE
8
BLACK
6
CONTINUOUS
10
4.5260081889763777
20
-2.51142468503937
11
4.5264490944881892
21
-2.5103602755905512
0
LINE
8
BLACK
6
CONTINUOUS
10
4.5264490944881892
20
-2.5103602755905512
11
4.526816299212598
21
-2.5099128346456694
0
LINE
8
BLACK
6
CONTINUOUS
10
4.526816299212598
20
-2.5099128346456694
11
4.5488205511811026
21
-2.4879085039370077
0
LINE
8
BLACK
6
CONTINUOUS
10
4.5488205511811026
20
-2.4879085039370077
11
4.550323385826772
21
-2.4834001181102363
0
LINE
8
BLACK
6
CONTINUOUS
10
4.550323385826772
20
-2.4834001181102363
11
4.550323385826772
21
-2.4808267716535433
0
LINE
8
BLACK
6
CONTINUOUS
10
4.550323385826772
20
-2.4808267716535433
11
4.5489746456692917
21
-2.4781292913385826
0
LINE
8
BLACK
6
CONTINUOUS
10
4.5489746456692917
20
-2.4781292913385826
11
4.547777519685039
21
-2.4769321653543308
0
LINE
8
BLACK
6
CONTINUOUS
10
4.547777519685039
20
-2.4769321653543308
11
4.5450800393700783
21
-2.4755834251968505
0
LINE
8
BLACK
6
CONTINUOUS
10
4.5450800393700783
20
-2.4755834251968505
11
4.5371003149606297
21
-2.4755834251968505
0
LINE
8
BLACK
6
CONTINUOUS
10
4.5371003149606297
20
-2.4755834251968505
11
4.5344028346456691
21
-2.4769321653543308
0
LINE
8
BLACK
6
CONTINUOUS
10
4.5344028346456691
20
-2.4769321653543308
11
4.5328668897637794
21
-2.4784681102362205
0
LINE
8
BLACK
6
CONTINUOUS
10
4.5328668897637794
20
-2.4784681102362205
11
4.5324194488188976
21
-2.4788353149606297
0
LINE
8
BLACK
6
CONTINUOUS
10
4.5324194488188976
20
-2.4788353149606297
11
4.5313549999999996
21
-2.4792762204724408
0
LINE
8
BLACK
6
CONTINUOUS
10
4.5313549999999996
20
-2.4792762204724408
11
4.5302029527559053
21
-2.4792762204724408
0
LINE
8
BLACK
6
CONTINUOUS
10
4.5302029527559053
20
-2.4792762204724408
11
4.5291385039370073
21
-2.4788353149606297
0
LINE
8
BLACK
6
CONTINUOUS
10
4.5291385039370073
20
-2.4788353149606297
11
4.5283238582677168
21
-2.4780206692913387
0
LINE
8
BLACK
6
CONTINUOUS
10
4.5283238582677168
20
-2.4780206692913387
11
4.5278829527559052
21
-2.4769562204724407
0
LINE
8
BLACK
6
CONTINUOUS
10
4.5278829527559052
20
-2.4769562204724407
11
4.5278829527559052
21
-2.4758041732283464
0
LINE
8
BLACK
6
CONTINUOUS
10
4.5278829527559052
20
-2.4758041732283464
11
4.5283238582677168
21
-2.4747397244094489
0
LINE
8
BLACK
6
CONTINUOUS
10
4.5283238582677168
20
-2.4747397244094489
11
4.5286910629921255
21
-2.4742922834645671
0
LINE
8
BLACK
6
CONTINUOUS
10
4.5286910629921255
20
-2.4742922834645671
11
4.5305658267716531
21
-2.4724175196850395
0
LINE
8
BLACK
6
CONTINUOUS
10
4.5305658267716531
20
-2.4724175196850395
11
4.530792165354331
21
-2.4722317322834644
0
LINE
8
BLACK
6
CONTINUOUS
10
4.530792165354331
20
-2.4722317322834644
11
4.5308433464566926
21
-2.4721727559055116
0
LINE
8
BLACK
6
CONTINUOUS
10
4.5308433464566926
20
-2.4721727559055116
11
4.5309322834645664
21
-2.472116771653543
0
LINE
8
BLACK
6
CONTINUOUS
10
4.5309322834645664
20
-2.472116771653543
11
4.5310132677165349
21
-2.4720503149606299
0
LINE
8
BLACK
6
CONTINUOUS
10
4.5310132677165349
20
-2.4720503149606299
11
4.5310851968503938
21
-2.4720204724409447
0
LINE
8
BLACK
6
CONTINUOUS
10
4.5310851968503938
20
-2.4720204724409447
11
4.5313332283464565
21
-2.4718644094488189
0
LINE
8
BLACK
6
CONTINUOUS
10
4.5313332283464565
20
-2.4718644094488189
11
4.5350827559055116
21
-2.4699896456692914
0
LINE
8
BLACK
6
CONTINUOUS
10
4.5350827559055116
20
-2.4699896456692914
11
4.5356233464566929
21
-2.4697827559055119
0
LINE
8
BLACK
6
CONTINUOUS
10
4.5356233464566929
20
-2.4697827559055119
11
4.535729212598425
21
-2.4697751968503936
0
LINE
8
BLACK
6
CONTINUOUS
10
4.535729212598425
20
-2.4697751968503936
11
4.5358272047244093
21
-2.4697346456692912
0
LINE
8
BLACK
6
CONTINUOUS
10
4.5358272047244093
20
-2.4697346456692912
11
4.5364032677165351
21
-2.4696779133858269
0
LINE
8
BLACK
6
CONTINUOUS
10
4.5364032677165351
20
-2.4696779133858269
11
4.5457770866141729
21
-2.4696779133858269
0
LINE
8
BLACK
6
CONTINUOUS
10
4.5457770866141729
20
-2.4696779133858269
11
4.5463531496062988
21
-2.4697346456692912
0
LINE
8
BLACK
6
CONTINUOUS
10
4.5088578346456689
20
-2.4697346456692912
11
4.5089558267716532
21
-2.4697752362204723
0
LINE
8
BLACK
6
CONTINUOUS
10
4.5089558267716532
20
-2.4697752362204723
11
4.5090616535433066
21
-2.4697827559055119
0
LINE
8
BLACK
6
CONTINUOUS
10
4.5090616535433066
20
-2.4697827559055119
11
4.5096022834645666
21
-2.4699896456692914
0
LINE
8
BLACK
6
CONTINUOUS
10
4.5096022834645666
20
-2.4699896456692914
11
4.5133518110236217
21
-2.4718644094488189
0
LINE
8
BLACK
6
CONTINUOUS
10
4.5133518110236217
20
-2.4718644094488189
11
4.5135998031496065
21
-2.4720204724409447
0
LINE
8
BLACK
6
CONTINUOUS
10
4.5135998031496065
20
-2.4720204724409447
11
4.5136717716535433
21
-2.4720503149606299
0
LINE
8
BLACK
6
CONTINUOUS
10
4.5136717716535433
20
-2.4720503149606299
11
4.513752716535433
21
-2.472116771653543
0
LINE
8
BLACK
6
CONTINUOUS
10
4.513752716535433
20
-2.472116771653543
11
4.5138416929133856
21
-2.4721727559055116
0
LINE
8
BLACK
6
CONTINUOUS
10
4.5138416929133856
20
-2.4721727559055116
11
4.5138928346456693
21
-2.4722317322834644
0
LINE
8
BLACK
6
CONTINUOUS
10
4.5138928346456693
20
-2.4722317322834644
11
4.5141192125984251
21
-2.4724175196850395
0
LINE
8
BLACK
6
CONTINUOUS
10
4.5141192125984251
20
-2.4724175196850395
11
4.5159939763779526
21
-2.4742922834645671
0
LINE
8
BLACK
6
CONTINUOUS
10
4.5159939763779526
20
-2.4742922834645671
11
4.516179724409449
21
-2.4745186220472442
0
LINE
8
BLACK
6
CONTINUOUS
10
4.516179724409449
20
-2.4745186220472442
11
4.5162387401574806
21
-2.4745698031496062
0
LINE
8
BLACK
6
CONTINUOUS
10
4.5162387401574806
20
-2.4745698031496062
11
4.5162946850393704
21
-2.4746587401574804
0
LINE
8
BLACK
6
CONTINUOUS
10
4.5162946850393704
20
-2.4746587401574804
11
4.5163611811023623
21
-2.4747397244094489
0
LINE
8
BLACK
6
CONTINUOUS
10
4.5163611811023623
20
-2.4747397244094489
11
4.5163909842519683
21
-2.4748116535433069
0
LINE
8
BLACK
6
CONTINUOUS
10
4.5163909842519683
20
-2.4748116535433069
11
4.5165470866141728
21
-2.47505968503937
0
LINE
8
BLACK
6
CONTINUOUS
10
4.5165470866141728
20
-2.47505968503937
11
4.5184218503937004
21
-2.4788092125984251
0
LINE
8
BLACK
6
CONTINUOUS
10
4.5184218503937004
20
-2.4788092125984251
11
4.5186287401574798
21
-2.4793498031496064
0
LINE
8
BLACK
6
CONTINUOUS
10
4.5186287401574798
20
-2.4793498031496064
11
4.5186362598425198
21
-2.4794556692913385
0
LINE
8
BLACK
6
CONTINUOUS
10
4.5186362598425198
20
-2.4794556692913385
11
4.5186768503937005
21
-2.4795536614173228
0
LINE
8
BLACK
6
CONTINUOUS
10
4.5186768503937005
20
-2.4795536614173228
11
4.5187335826771653
21
-2.4801297244094487
0
LINE
8
BLACK
6
CONTINUOUS
10
4.5187335826771653
20
-2.4801297244094487
11
4.5187335826771653
21
-2.4857540157480313
0
LINE
8
BLACK
6
CONTINUOUS
10
4.5187335826771653
20
-2.4857540157480313
11
4.5186768503937005
21
-2.4863300787401572
0
LINE
8
BLACK
6
CONTINUOUS
10
4.5186768503937005
20
-2.4863300787401572
11
4.5186362598425198
21
-2.4864280314960627
0
LINE
8
BLACK
6
CONTINUOUS
10
4.5186362598425198
20
-2.4864280314960627
11
4.5186287401574798
21
-2.4865339370078741
0
LINE
8
BLACK
6
CONTINUOUS
10
4.5186287401574798
20
-2.4865339370078741
11
4.5184218503937004
21
-2.4870745275590549
0
LINE
8
BLACK
6
CONTINUOUS
10
4.5184218503937004
20
-2.4870745275590549
11
4.5165470866141728
21
-2.49082405511811
0
LINE
8
BLACK
6
CONTINUOUS
10
4.5165470866141728
20
-2.49082405511811
11
4.5163909842519683
21
-2.4910720472440944
0
LINE
8
BLACK
6
CONTINUOUS
10
4.5163909842519683
20
-2.4910720472440944
11
4.5163611811023623
21
-2.4911440157480316
0
LINE
8
BLACK
6
CONTINUOUS
10
4.5163611811023623
20
-2.4911440157480316
11
4.5162946850393704
21
-2.4912249606299213
0
LINE
8
BLACK
6
CONTINUOUS
10
4.5162946850393704
20
-2.4912249606299213
11
4.5162387401574806
21
-2.4913139370078738
0
LINE
8
BLACK
6
CONTINUOUS
10
4.5162387401574806
20
-2.4913139370078738
11
4.516179724409449
21
-2.4913650787401576
0
LINE
8
BLACK
6
CONTINUOUS
10
4.516179724409449
20
-2.4913650787401576
11
4.5159939763779526
21
-2.4915914566929134
0
LINE
8
BLACK
6
CONTINUOUS
10
4.5159939763779526
20
-2.4915914566929134
11
4.5141192125984251
21
-2.4934662204724409
0
LINE
8
BLACK
6
CONTINUOUS
10
4.5141192125984251
20
-2.4934662204724409
11
4.5138928346456693
21
-2.4936519685039369
0
LINE
8
BLACK
6
CONTINUOUS
10
4.5138928346456693
20
-2.4936519685039369
11
4.5138416929133856
21
-2.4937109842519685
0
LINE
8
BLACK
6
CONTINUOUS
10
4.5138416929133856
20
-2.4937109842519685
11
4.513752716535433
21
-2.4937669291338582
0
LINE
8
BLACK
6
CONTINUOUS
10
4.513752716535433
20
-2.4937669291338582
11
4.5136717716535433
21
-2.4938334251968501
0
LINE
8
BLACK
6
CONTINUOUS
10
4.5136717716535433
20
-2.4938334251968501
11
4.5135998031496065
21
-2.4938632283464566
0
LINE
8
BLACK
6
CONTINUOUS
10
4.5135998031496065
20
-2.4938632283464566
11
4.5133518110236217
21
-2.4940193307086616
0
LINE
8
BLACK
6
CONTINUOUS
10
4.5133518110236217
20
-2.4940193307086616
11
4.5096022834645666
21
-2.4958940944881891
0
LINE
8
BLACK
6
CONTINUOUS
10
4.5096022834645666
20
-2.4958940944881891
11
4.5090616535433066
21
-2.4961009842519686
0
LINE
8
BLACK
6
CONTINUOUS
10
4.5090616535433066
20
-2.4961009842519686
11
4.5089558267716532
21
-2.4961084645669289
0
LINE
8
BLACK
6
CONTINUOUS
10
4.5089558267716532
20
-2.4961084645669289
11
4.5088578346456689
21
-2.4961490944881888
0
LINE
8
BLACK
6
CONTINUOUS
10
4.5088578346456689
20
-2.4961490944881888
11
4.508325669291338
21
-2.4962014960629921
0
LINE
8
BLACK
6
CONTINUOUS
10
4.508325669291338
20
-2.4962014960629921
11
4.5181998425196852
21
-2.5103074803149608
0
LINE
8
BLACK
6
CONTINUOUS
10
4.5181998425196852
20
-2.5103074803149608
11
4.5184837007874012
21
-2.5108119291338582
0
LINE
8
BLACK
6
CONTINUOUS
10
4.5184837007874012
20
-2.5108119291338582
11
4.5187328740157477
21
-2.5119367716535432
0
LINE
8
BLACK
6
CONTINUOUS
10
4.5187328740157477
20
-2.5119367716535432
11
4.5185326771653544
21
-2.5130713385826771
0
LINE
8
BLACK
6
CONTINUOUS
10
4.5185326771653544
20
-2.5130713385826771
11
4.5179135039370077
21
-2.5140429133858269
0
LINE
8
BLACK
6
CONTINUOUS
10
4.5179135039370077
20
-2.5140429133858269
11
4.5169696456692909
21
-2.5147036220472438
0
LINE
8
BLACK
6
CONTINUOUS
10
4.5169696456692909
20
-2.5147036220472438
11
4.5158448031496059
21
-2.5149528346456691
0
LINE
8
BLACK
6
CONTINUOUS
10
4.5158448031496059
20
-2.5149528346456691
11
4.5147102755905513
21
-2.5147525984251966
0
LINE
8
BLACK
6
CONTINUOUS
10
4.5147102755905513
20
-2.5147525984251966
11
4.5137386614173227
21
-2.5141334251968503
0
LINE
8
BLACK
6
CONTINUOUS
10
4.5137386614173227
20
-2.5141334251968503
11
4.513361850393701
21
-2.5136940551181102
0
LINE
8
BLACK
6
CONTINUOUS
10
4.513361850393701
20
-2.5136940551181102
11
4.5011201181102365
21
-2.4962058267716536
0
LINE
8
BLACK
6
CONTINUOUS
10
4.5011201181102365
20
-2.4962058267716536
11
4.4962364173228346
21
-2.4962058267716536
0
LINE
8
BLACK
6
CONTINUOUS
10
4.4962364173228346
20
-2.4962058267716536
11
4.4962364173228346
21
-2.5120007480314959
0
LINE
8
BLACK
6
CONTINUOUS
10
4.4962364173228346
20
-2.5120007480314959
11
4.4961796850393698
21
-2.5125768110236222
0
LINE
8
BLACK
6
CONTINUOUS
10
4.4961796850393698
20
-2.5125768110236222
11
4.4957387795275592
21
-2.513641220472441
0
LINE
8
BLACK
6
CONTINUOUS
10
4.4957387795275592
20
-2.513641220472441
11
4.4949241338582677
21
-2.5144558661417324
0
LINE
8
BLACK
6
CONTINUOUS
10
4.4949241338582677
20
-2.5144558661417324
11
4.4938597244094485
21
-2.5148967716535431
0
LINE
8
BLACK
6
CONTINUOUS
10
4.4938597244094485
20
-2.5148967716535431
11
4.4927075984251967
21
-2.5148967716535431
0
LINE
8
BLACK
6
CONTINUOUS
10
4.4927075984251967
20
-2.5148967716535431
11
4.4916431889763775
21
-2.5144558661417324
0
LINE
8
BLACK
6
CONTINUOUS
10
4.4916431889763775
20
-2.5144558661417324
11
4.4908285433070869
21
-2.513641220472441
0
LINE
8
BLACK
6
CONTINUOUS
10
4.4908285433070869
20
-2.513641220472441
11
4.4903876377952754
21
-2.5125768110236222
0
LINE
8
BLACK
6
CONTINUOUS
10
4.4903876377952754
20
-2.5125768110236222
11
4.4903309055118106
21
-2.5120007480314959
0
LINE
8
BLACK
6
CONTINUOUS
10
4.4903309055118106
20
-2.5120007480314959
11
4.4903309055118106
21
-2.4726306692913385
0
LINE
8
BLACK
6
CONTINUOUS
10
4.4903309055118106
20
-2.4726306692913385
11
4.4903876377952754
21
-2.4720546062992126
0
LINE
8
BLACK
6
CONTINUOUS
10
4.4903876377952754
20
-2.4720546062992126
11
4.4908285433070869
21
-2.4709901968503938
0
LINE
8
BLACK
6
CONTINUOUS
10
4.4908285433070869
20
-2.4709901968503938
11
4.4916431889763775
21
-2.4701755511811023
0
LINE
8
BLACK
6
CONTINUOUS
10
4.4916431889763775
20
-2.4701755511811023
11
4.4927075984251967
21
-2.4697346456692912
0
LINE
8
BLACK
6
CONTINUOUS
10
4.4927075984251967
20
-2.4697346456692912
11
4.4932836614173226
21
-2.4696779133858269
0
LINE
8
BLACK
6
CONTINUOUS
10
4.4932836614173226
20
-2.4696779133858269
11
4.508281771653543
21
-2.4696779133858269
0
LINE
8
BLACK
6
CONTINUOUS
10
4.508281771653543
20
-2.4696779133858269
11
4.5088578346456689
21
-2.4697346456692912
0
LINE
8
BLACK
6
CONTINUOUS
10
4.4962364173228346
20
-2.49030031496063
11
4.5075847244094485
21
-2.49030031496063
0
LINE
8
BLACK
6
CONTINUOUS
10
4.5075847244094485
20
-2.49030031496063
11
4.5102822047244091
21
-2.4889515748031497
0
LINE
8
BLACK
6
CONTINUOUS
10
4.5102822047244091
20
-2.4889515748031497
11
4.5114793307086609
21
-2.4877544488188974
0
LINE
8
BLACK
6
CONTINUOUS
10
4.5114793307086609
20
-2.4877544488188974
11
4.5128280708661412
21
-2.4850569685039368
0
LINE
8
BLACK
6
CONTINUOUS
10
4.5128280708661412
20
-2.4850569685039368
11
4.5128280708661412
21
-2.4808267716535433
0
LINE
8
BLACK
6
CONTINUOUS
10
4.5128280708661412
20
-2.4808267716535433
11
4.5114793307086609
21
-2.4781292913385826
0
LINE
8
BLACK
6
CONTINUOUS
10
4.5114793307086609
20
-2.4781292913385826
11
4.5102822047244091
21
-2.4769321653543308
0
LINE
8
BLACK
6
CONTINUOUS
10
4.5102822047244091
20
-2.4769321653543308
11
4.5075847244094485
21
-2.4755834251968505
0
LINE
8
BLACK
6
CONTINUOUS
10
4.5075847244094485
20
-2.4755834251968505
11
4.4962364173228346
21
-2.4755834251968505
0
LINE
8
BLACK
6
CONTINUOUS
10
4.4962364173228346
20
-2.4755834251968505
11
4.4962364173228346
21
-2.49030031496063
0
LINE
8
BLACK
6
CONTINUOUS
10
4.6611595275590547
20
-2.4677394094488188
11
4.661237007874016
21
-2.4677342519685039
0
LINE
8
BLACK
6
CONTINUOUS
10
4.661237007874016
20
-2.4677342519685039
11
4.6612903543307089
21
-2.4677522834645669
0
LINE
8
BLACK
6
CONTINUOUS
10
4.6612903543307089
20
-2.4677522834645669
11
4.6614309448818894
21
-2.4677661417322834
0
LINE
8
BLACK
6
CONTINUOUS
10
4.6614309448818894
20
-2.4677661417322834
11
4.6618741338582677
21
-2.4679497244094488
0
LINE
8
BLACK
6
CONTINUOUS
10
4.6618741338582677
20
-2.4679497244094488
11
4.6623283858267719
21
-2.4681033464566928
0
LINE
8
BLACK
6
CONTINUOUS
10
4.6623283858267719
20
-2.4681033464566928
11
4.662403346456693
21
-2.4681688976377951
0
LINE
8
BLACK
6
CONTINUOUS
10
4.662403346456693
20
-2.4681688976377951
11
4.6624953543307086
21
-2.4682070472440945
0
LINE
8
BLACK
6
CONTINUOUS
10
4.6624953543307086
20
-2.4682070472440945
11
4.6628343307086615
21
-2.4685460236220473
0
LINE
8
BLACK
6
CONTINUOUS
10
4.6628343307086615
20
-2.4685460236220473
11
4.663195472440945
21
-2.4688620078740158
0
LINE
8
BLACK
6
CONTINUOUS
10
4.663195472440945
20
-2.4688620078740158
11
4.6632396456692913
21
-2.4689513385826771
0
LINE
8
BLACK
6
CONTINUOUS
10
4.6632396456692913
20
-2.4689513385826771
11
4.6633100000000001
21
-2.4690216929133859
0
LINE
8
BLACK
6
CONTINUOUS
10
4.6633100000000001
20
-2.4690216929133859
11
4.6634934645669288
21
-2.4694646062992125
0
LINE
8
BLACK
6
CONTINUOUS
10
4.6634934645669288
20
-2.4694646062992125
11
4.6637061811023619
21
-2.4698947637795277
0
LINE
8
BLACK
6
CONTINUOUS
10
4.6637061811023619
20
-2.4698947637795277
11
4.6637127952755906
21
-2.4699940944881891
0
LINE
8
BLACK
6
CONTINUOUS
10
4.6637127952755906
20
-2.4699940944881891
11
4.6637509055118107
21
-2.4700861023622047
0
LINE
8
BLACK
6
CONTINUOUS
10
4.6637509055118107
20
-2.4700861023622047
11
4.6637509055118107
21
-2.4705657874015747
0
LINE
8
BLACK
6
CONTINUOUS
10
4.6637509055118107
20
-2.4705657874015747
11
4.6637827952755906
21
-2.4710442913385826
0
LINE
8
BLACK
6
CONTINUOUS
10
4.6637827952755906
20
-2.4710442913385826
11
4.6637509055118107
21
-2.4711385826771655
0
LINE
8
BLACK
6
CONTINUOUS
10
4.6637509055118107
20
-2.4711385826771655
11
4.6637509055118107
21
-2.4712382283464565
0
LINE
8
BLACK
6
CONTINUOUS
10
4.6637509055118107
20
-2.4712382283464565
11
4.6635672834645669
21
-2.4716814173228348
0
LINE
8
BLACK
6
CONTINUOUS
10
4.6635672834645669
20
-2.4716814173228348
11
4.6634137007874017
21
-2.4721356692913385
0
LINE
8
BLACK
6
CONTINUOUS
10
4.6634137007874017
20
-2.4721356692913385
11
4.6633315748031494
21
-2.4722505118110236
0
LINE
8
BLACK
6
CONTINUOUS
10
4.6633315748031494
20
-2.4722505118110236
11
4.6633100000000001
21
-2.4723026377952757
0
LINE
8
BLACK
6
CONTINUOUS
10
4.6633100000000001
20
-2.4723026377952757
11
4.6632550393700782
21
-2.4723575590551179
0
LINE
8
BLACK
6
CONTINUOUS
10
4.6632550393700782
20
-2.4723575590551179
11
4.6630770472440943
21
-2.4726065748031494
0
LINE
8
BLACK
6
CONTINUOUS
10
4.6630770472440943
20
-2.4726065748031494
11
4.6541441338582672
21
-2.4828155905511808
0
LINE
8
BLACK
6
CONTINUOUS
10
4.6541441338582672
20
-2.4828155905511808
11
4.6546763385826768
21
-2.4830192519685039
0
LINE
8
BLACK
6
CONTINUOUS
10
4.6546763385826768
20
-2.4830192519685039
11
4.6584258661417319
21
-2.4848940157480315
0
LINE
8
BLACK
6
CONTINUOUS
10
4.6584258661417319
20
-2.4848940157480315
11
4.6586738582677167
21
-2.4850500787401573
0
LINE
8
BLACK
6
CONTINUOUS
10
4.6586738582677167
20
-2.4850500787401573
11
4.6587458267716535
21
-2.4850799212598425
0
LINE
8
BLACK
6
CONTINUOUS
10
4.6587458267716535
20
-2.4850799212598425
11
4.6588267716535432
21
-2.4851463779527561
0
LINE
8
BLACK
6
CONTINUOUS
10
4.6588267716535432
20
-2.4851463779527561
11
4.6589157480314958
21
-2.4852023622047246
0
LINE
8
BLACK
6
CONTINUOUS
10
4.6589157480314958
20
-2.4852023622047246
11
4.6589668897637795
21
-2.4852613385826769
0
LINE
8
BLACK
6
CONTINUOUS
10
4.6589668897637795
20
-2.4852613385826769
11
4.6591932677165353
21
-2.4854471259842521
0
LINE
8
BLACK
6
CONTINUOUS
10
4.6591932677165353
20
-2.4854471259842521
11
4.6610680314960629
21
-2.4873218897637797
0
LINE
8
BLACK
6
CONTINUOUS
10
4.6610680314960629
20
-2.4873218897637797
11
4.6612537795275593
21
-2.4875482283464567
0
LINE
8
BLACK
6
CONTINUOUS
10
4.6612537795275593
20
-2.4875482283464567
11
4.6613127952755908
21
-2.4875994094488187
0
LINE
8
BLACK
6
CONTINUOUS
10
4.6613127952755908
20
-2.4875994094488187
11
4.6613687401574806
21
-2.487688346456693
0
LINE
8
BLACK
6
CONTINUOUS
10
4.6613687401574806
20
-2.487688346456693
11
4.6614352362204725
21
-2.4877693307086615
0
LINE
8
BLACK
6
CONTINUOUS
10
4.6614352362204725
20
-2.4877693307086615
11
4.6614650393700785
21
-2.4878412598425195
0
LINE
8
BLACK
6
CONTINUOUS
10
4.6614650393700785
20
-2.4878412598425195
11
4.661621141732283
21
-2.4880892913385826
0
LINE
8
BLACK
6
CONTINUOUS
10
4.661621141732283
20
-2.4880892913385826
11
4.6634959055118106
21
-2.4918388188976377
0
LINE
8
BLACK
6
CONTINUOUS
10
4.6634959055118106
20
-2.4918388188976377
11
4.6637027952755901
21
-2.492379409448819
0
LINE
8
BLACK
6
CONTINUOUS
10
4.6637027952755901
20
-2.492379409448819
11
4.66371031496063
21
-2.4924852755905511
0
LINE
8
BLACK
6
CONTINUOUS
10
4.66371031496063
20
-2.4924852755905511
11
4.6637509055118107
21
-2.4925832677165354
0
LINE
8
BLACK
6
CONTINUOUS
10
4.6637509055118107
20
-2.4925832677165354
11
4.6638076377952755
21
-2.4931593307086612
0
LINE
8
BLACK
6
CONTINUOUS
10
4.6638076377952755
20
-2.4931593307086612
11
4.6638076377952755
21
-2.502533149606299
0
LINE
8
BLACK
6
CONTINUOUS
10
4.6638076377952755
20
-2.502533149606299
11
4.6637509055118107
21
-2.5031092125984253
0
LINE
8
BLACK
6
CONTINUOUS
10
4.6637509055118107
20
-2.5031092125984253
11
4.66371031496063
21
-2.5032071653543309
0
LINE
8
BLACK
6
CONTINUOUS
10
4.66371031496063
20
-2.5032071653543309
11
4.6637027952755901
21
-2.5033130708661417
0
LINE
8
BLACK
6
CONTINUOUS
10
4.6637027952755901
20
-2.5033130708661417
11
4.6634959055118106
21
-2.5038536614173226
0
LINE
8
BLACK
6
CONTINUOUS
10
4.6634959055118106
20
-2.5038536614173226
11
4.661621141732283
21
-2.5076031889763777
0
LINE
8
BLACK
6
CONTINUOUS
10
4.661621141732283
20
-2.5076031889763777
11
4.6614650787401573
21
-2.5078510629921258
0
LINE
8
BLACK
6
CONTINUOUS
10
4.6614650787401573
20
-2.5078510629921258
11
4.6614352755905513
21
-2.5079231102362205
0
LINE
8
BLACK
6
CONTINUOUS
10
4.6614352755905513
20
-2.5079231102362205
11
4.6613687401574806
21
-2.5080041338582677
0
LINE
8
BLACK
6
CONTINUOUS
10
4.6613687401574806
20
-2.5080041338582677
11
4.6613127952755908
21
-2.5080930708661415
0
LINE
8
BLACK
6
CONTINUOUS
10
4.6613127952755908
20
-2.5080930708661415
11
4.6612537795275593
21
-2.5081442125984252
0
LINE
8
BLACK
6
CONTINUOUS
10
4.6612537795275593
20
-2.5081442125984252
11
4.6610680314960629
21
-2.5083705905511811
0
LINE
8
BLACK
6
CONTINUOUS
10
4.6610680314960629
20
-2.5083705905511811
11
4.6591933070866141
21
-2.5102453543307086
0
LINE
8
BLACK
6
CONTINUOUS
10
4.6591933070866141
20
-2.5102453543307086
11
4.6589669291338582
21
-2.5104311023622046
0
LINE
8
BLACK
6
CONTINUOUS
10
4.6589669291338582
20
-2.5104311023622046
11
4.6589157480314958
21
-2.5104901574803149
0
LINE
8
BLACK
6
CONTINUOUS
10
4.6589157480314958
20
-2.5104901574803149
11
4.6588267716535432
21
-2.5105461417322834
0
LINE
8
BLACK
6
CONTINUOUS
10
4.6588267716535432
20
-2.5105461417322834
11
4.6587458267716535
21
-2.5106125984251966
0
LINE
8
BLACK
6
CONTINUOUS
10
4.6587458267716535
20
-2.5106125984251966
11
4.6586738582677167
21
-2.510642401574803
0
LINE
8
BLACK
6
CONTINUOUS
10
4.6586738582677167
20
-2.510642401574803
11
4.6584258661417319
21
-2.510798503937008
0
LINE
8
BLACK
6
CONTINUOUS
10
4.6584258661417319
20
-2.510798503937008
11
4.6546763385826768
21
-2.5126732677165355
0
LINE
8
BLACK
6
CONTINUOUS
10
4.6546763385826768
20
-2.5126732677165355
11
4.6541357086614168
21
-2.512880157480315
0
LINE
8
BLACK
6
CONTINUOUS
10
4.6541357086614168
20
-2.512880157480315
11
4.6540298818897634
21
-2.5128876377952754
0
LINE
8
BLACK
6
CONTINUOUS
10
4.6540298818897634
20
-2.5128876377952754
11
4.6539318897637791
21
-2.5129282677165352
0
LINE
8
BLACK
6
CONTINUOUS
10
4.6539318897637791
20
-2.5129282677165352
11
4.6533558267716533
21
-2.512985
0
LINE
8
BLACK
6
CONTINUOUS
10
4.6533558267716533
20
-2.512985
11
4.6421072440944879
21
-2.512985
0
LINE
8
BLACK
6
CONTINUOUS
10
4.6421072440944879
20
-2.512985
11
4.6415311811023621
21
-2.5129282677165352
0
LINE
8
BLACK
6
CONTINUOUS
10
4.6415311811023621
20
-2.5129282677165352
11
4.6414331889763778
21
-2.5128876771653541
0
LINE
8
BLACK
6
CONTINUOUS
10
4.6414331889763778
20
-2.5128876771653541
11
4.6413273228346457
21
-2.512880157480315
0
LINE
8
BLACK
6
CONTINUOUS
10
4.6413273228346457
20
-2.512880157480315
11
4.6407867322834644
21
-2.5126732677165355
0
LINE
8
BLACK
6
CONTINUOUS
10
4.6407867322834644
20
-2.5126732677165355
11
4.6370372047244093
21
-2.510798503937008
0
LINE
8
BLACK
6
CONTINUOUS
10
4.6370372047244093
20
-2.510798503937008
11
4.6367891732283466
21
-2.510642401574803
0
LINE
8
BLACK
6
CONTINUOUS
10
4.6367891732283466
20
-2.510642401574803
11
4.6367172440944877
21
-2.5106125984251966
0
LINE
8
BLACK
6
CONTINUOUS
10
4.6367172440944877
20
-2.5106125984251966
11
4.6366362598425193
21
-2.5105461417322834
0
LINE
8
BLACK
6
CONTINUOUS
10
4.6366362598425193
20
-2.5105461417322834
11
4.6365473228346454
21
-2.5104901574803149
0
LINE
8
BLACK
6
CONTINUOUS
10
4.6365473228346454
20
-2.5104901574803149
11
4.6364961023622042
21
-2.5104311023622046
0
LINE
8
BLACK
6
CONTINUOUS
10
4.6364961023622042
20
-2.5104311023622046
11
4.6362697637795272
21
-2.5102453543307086
0
LINE
8
BLACK
6
CONTINUOUS
10
4.6362697637795272
20
-2.5102453543307086
11
4.6343949999999996
21
-2.5083705511811023
0
LINE
8
BLACK
6
CONTINUOUS
10
4.6343949999999996
20
-2.5083705511811023
11
4.6340277952755908
21
-2.5079231102362205
0
LINE
8
BLACK
6
CONTINUOUS
10
4.6340277952755908
20
-2.5079231102362205
11
4.6335869291338581
21
-2.5068587007874017
0
LINE
8
BLACK
6
CONTINUOUS
10
4.6335869291338581
20
-2.5068587007874017
11
4.6335869291338581
21
-2.5057066141732283
0
LINE
8
BLACK
6
CONTINUOUS
10
4.6335869291338581
20
-2.5057066141732283
11
4.6340278346456696
21
-2.5046422047244095
0
LINE
8
BLACK
6
CONTINUOUS
10
4.6340278346456696
20
-2.5046422047244095
11
4.6348425196850389
21
-2.5038275196850392
0
LINE
8
BLACK
6
CONTINUOUS
10
4.6348425196850389
20
-2.5038275196850392
11
4.6359069291338582
21
-2.5033866535433069
0
LINE
8
BLACK
6
CONTINUOUS
10
4.6359069291338582
20
-2.5033866535433069
11
4.6370590157480311
21
-2.5033866535433069
0
LINE
8
BLACK
6
CONTINUOUS
10
4.6370590157480311
20
-2.5033866535433069
11
4.6381234251968504
21
-2.503827559055118
0
LINE
8
BLACK
6
CONTINUOUS
10
4.6381234251968504
20
-2.503827559055118
11
4.6385709055118109
21
-2.5041948031496064
0
LINE
8
BLACK
6
CONTINUOUS
10
4.6385709055118109
20
-2.5041948031496064
11
4.6401068110236219
21
-2.5057307480314961
0
LINE
8
BLACK
6
CONTINUOUS
10
4.6401068110236219
20
-2.5057307480314961
11
4.6428042913385825
21
-2.5070794881889764
0
LINE
8
BLACK
6
CONTINUOUS
10
4.6428042913385825
20
-2.5070794881889764
11
4.6526587795275587
21
-2.5070794881889764
0
LINE
8
BLACK
6
CONTINUOUS
10
4.6526587795275587
20
-2.5070794881889764
11
4.6553562204724406
21
-2.5057307480314961
0
LINE
8
BLACK
6
CONTINUOUS
10
4.6553562204724406
20
-2.5057307480314961
11
4.6565533464566924
21
-2.5045335826771651
0
LINE
8
BLACK
6
CONTINUOUS
10
4.6565533464566924
20
-2.5045335826771651
11
4.6579021259842515
21
-2.5018361023622049
0
LINE
8
BLACK
6
CONTINUOUS
10
4.6579021259842515
20
-2.5018361023622049
11
4.6579021259842515
21
-2.4938563779527558
0
LINE
8
BLACK
6
CONTINUOUS
10
4.6579021259842515
20
-2.4938563779527558
11
4.6565533858267711
21
-2.4911588976377952
0
LINE
8
BLACK
6
CONTINUOUS
10
4.6565533858267711
20
-2.4911588976377952
11
4.6553562598425193
21
-2.4899617716535434
0
LINE
8
BLACK
6
CONTINUOUS
10
4.6553562598425193
20
-2.4899617716535434
11
4.6526587795275587
21
-2.4886130314960631
0
LINE
8
BLACK
6
CONTINUOUS
10
4.6526587795275587
20
-2.4886130314960631
11
4.6477315354330706
21
-2.4886130314960631
0
LINE
8
BLACK
6
CONTINUOUS
10
4.6477315354330706
20
-2.4886130314960631
11
4.6474268503937006
21
-2.4885829921259841
0
LINE
8
BLACK
6
CONTINUOUS
10
4.6474268503937006
20
-2.4885829921259841
11
4.647349409448819
21
-2.4885881889763777
0
LINE
8
BLACK
6
CONTINUOUS
10
4.647349409448819
20
-2.4885881889763777
11
4.6472960236220473
21
-2.488570118110236
0
LINE
8
BLACK
6
CONTINUOUS
10
4.6472960236220473
20
-2.488570118110236
11
4.6471554724409447
21
-2.4885562992125982
0
LINE
8
BLACK
6
CONTINUOUS
10
4.6471554724409447
20
-2.4885562992125982
11
4.6467122440944877
21
-2.4883726771653545
0
LINE
8
BLACK
6
CONTINUOUS
10
4.6467122440944877
20
-2.4883726771653545
11
4.6462580314960631
21
-2.4882190944881888
0
LINE
8
BLACK
6
CONTINUOUS
10
4.6462580314960631
20
-2.4882190944881888
11
4.6461830314960633
21
-2.4881535039370077
0
LINE
8
BLACK
6
CONTINUOUS
10
4.6461830314960633
20
-2.4881535039370077
11
4.6460910629921255
21
-2.4881153937007872
0
LINE
8
BLACK
6
CONTINUOUS
10
4.6460910629921255
20
-2.4881153937007872
11
4.6457520472440947
21
-2.487776377952756
0
LINE
8
BLACK
6
CONTINUOUS
10
4.6457520472440947
20
-2.487776377952756
11
4.64539094488189
21
-2.4874604330708663
0
LINE
8
BLACK
6
CONTINUOUS
10
4.64539094488189
20
-2.4874604330708663
11
4.6453467322834641
21
-2.4873710629921257
0
LINE
8
BLACK
6
CONTINUOUS
10
4.6453467322834641
20
-2.4873710629921257
11
4.6452764173228349
21
-2.4873007480314961
0
LINE
8
BLACK
6
CONTINUOUS
10
4.6452764173228349
20
-2.4873007480314961
11
4.6450929133858265
21
-2.4868577952755904
0
LINE
8
BLACK
6
CONTINUOUS
10
4.6450929133858265
20
-2.4868577952755904
11
4.6448802362204722
21
-2.4864276771653544
0
LINE
8
BLACK
6
CONTINUOUS
10
4.6448802362204722
20
-2.4864276771653544
11
4.6448735826771657
21
-2.4863283070866142
0
LINE
8
BLACK
6
CONTINUOUS
10
4.6448735826771657
20
-2.4863283070866142
11
4.6448355118110234
21
-2.4862363385826769
0
LINE
8
BLACK
6
CONTINUOUS
10
4.6448355118110234
20
-2.4862363385826769
11
4.6448355118110234
21
-2.4857566141732281
0
LINE
8
BLACK
6
CONTINUOUS
10
4.6448355118110234
20
-2.4857566141732281
11
4.6448036220472444
21
-2.485278149606299
0
LINE
8
BLACK
6
CONTINUOUS
10
4.6448036220472444
20
-2.485278149606299
11
4.6448355118110234
21
-2.4851838188976378
0
LINE
8
BLACK
6
CONTINUOUS
10
4.6448355118110234
20
-2.4851838188976378
11
4.6448355118110234
21
-2.4850842125984252
0
LINE
8
BLACK
6
CONTINUOUS
10
4.6448355118110234
20
-2.4850842125984252
11
4.6450190944881893
21
-2.4846409842519686
0
LINE
8
BLACK
6
CONTINUOUS
10
4.6450190944881893
20
-2.4846409842519686
11
4.6451727165354333
21
-2.4841867716535431
0
LINE
8
BLACK
6
CONTINUOUS
10
4.6451727165354333
20
-2.4841867716535431
11
4.6452548031496059
21
-2.4840718897637797
0
LINE
8
BLACK
6
CONTINUOUS
10
4.6452548031496059
20
-2.4840718897637797
11
4.6452764173228349
21
-2.4840198031496064
0
LINE
8
BLACK
6
CONTINUOUS
10
4.6452764173228349
20
-2.4840198031496064
11
4.6453313385826771
21
-2.483964842519685
0
LINE
8
BLACK
6
CONTINUOUS
10
4.6453313385826771
20
-2.483964842519685
11
4.6455093700787398
21
-2.4837158661417322
0
LINE
8
BLACK
6
CONTINUOUS
10
4.6455093700787398
20
-2.4837158661417322
11
4.6543477165354332
21
-2.4736149212598426
0
LINE
8
BLACK
6
CONTINUOUS
10
4.6543477165354332
20
-2.4736149212598426
11
4.6364829527559053
21
-2.4736149212598426
0
LINE
8
BLACK
6
CONTINUOUS
10
4.6364829527559053
20
-2.4736149212598426
11
4.6359068897637794
21
-2.4735581889763778
0
LINE
8
BLACK
6
CONTINUOUS
10
4.6359068897637794
20
-2.4735581889763778
11
4.6348424803149602
21
-2.4731172834645667
0
LINE
8
BLACK
6
CONTINUOUS
10
4.6348424803149602
20
-2.4731172834645667
11
4.6340278346456696
21
-2.4723026377952757
0
LINE
8
BLACK
6
CONTINUOUS
10
4.6340278346456696
20
-2.4723026377952757
11
4.6335869291338581
21
-2.4712382283464565
0
LINE
8
BLACK
6
CONTINUOUS
10
4.6335869291338581
20
-2.4712382283464565
11
4.6335869291338581
21
-2.4700861023622047
0
LINE
8
BLACK
6
CONTINUOUS
10
4.6335869291338581
20
-2.4700861023622047
11
4.6340278346456696
21
-2.4690216929133859
0
LINE
8
BLACK
6
CONTINUOUS
10
4.6340278346456696
20
-2.4690216929133859
11
4.6348424803149602
21
-2.4682070472440945
0
LINE
8
BLACK
6
CONTINUOUS
10
4.6348424803149602
20
-2.4682070472440945
11
4.6359068897637794
21
-2.4677661417322834
0
LINE
8
BLACK
6
CONTINUOUS
10
4.6359068897637794
20
-2.4677661417322834
11
4.6364829527559053
21
-2.467709409448819
0
LINE
8
BLACK
6
CONTINUOUS
10
4.6364829527559053
20
-2.467709409448819
11
4.6608548818897635
21
-2.467709409448819
0
LINE
8
BLACK
6
CONTINUOUS
10
4.6608548818897635
20
-2.467709409448819
11
4.6611595275590547
21
-2.4677394094488188
0
LINE
8
BLACK
6
CONTINUOUS
10
4.6164365748031493
20
-2.4677661417322834
11
4.6165345669291336
21
-2.4678067322834645
0
LINE
8
BLACK
6
CONTINUOUS
10
4.6165345669291336
20
-2.4678067322834645
11
4.6166403937007869
21
-2.467814251968504
0
LINE
8
BLACK
6
CONTINUOUS
10
4.6166403937007869
20
-2.467814251968504
11
4.617181023622047
21
-2.4680211417322835
0
LINE
8
BLACK
6
CONTINUOUS
10
4.617181023622047
20
-2.4680211417322835
11
4.6209305511811021
21
-2.469895905511811
0
LINE
8
BLACK
6
CONTINUOUS
10
4.6209305511811021
20
-2.469895905511811
11
4.6211785433070869
21
-2.4700519685039368
0
LINE
8
BLACK
6
CONTINUOUS
10
4.6211785433070869
20
-2.4700519685039368
11
4.6212505118110236
21
-2.470081811023622
0
LINE
8
BLACK
6
CONTINUOUS
10
4.6212505118110236
20
-2.470081811023622
11
4.6213314566929133
21
-2.4701482677165352
0
LINE
8
BLACK
6
CONTINUOUS
10
4.6213314566929133
20
-2.4701482677165352
11
4.6214204330708659
21
-2.4702042519685037
0
LINE
8
BLACK
6
CONTINUOUS
10
4.6214204330708659
20
-2.4702042519685037
11
4.6214715748031496
21
-2.4702632283464565
0
LINE
8
BLACK
6
CONTINUOUS
10
4.6214715748031496
20
-2.4702632283464565
11
4.6216979527559054
21
-2.4704490157480312
0
LINE
8
BLACK
6
CONTINUOUS
10
4.6216979527559054
20
-2.4704490157480312
11
4.623572716535433
21
-2.4723237795275592
0
LINE
8
BLACK
6
CONTINUOUS
10
4.623572716535433
20
-2.4723237795275592
11
4.6237584645669294
21
-2.4725501181102363
0
LINE
8
BLACK
6
CONTINUOUS
10
4.6237584645669294
20
-2.4725501181102363
11
4.6238174803149601
21
-2.4726012992125983
0
LINE
8
BLACK
6
CONTINUOUS
10
4.6238174803149601
20
-2.4726012992125983
11
4.6238734251968499
21
-2.4726902362204726
0
LINE
8
BLACK
6
CONTINUOUS
10
4.6238734251968499
20
-2.4726902362204726
11
4.6239399212598427
21
-2.472771220472441
0
LINE
8
BLACK
6
CONTINUOUS
10
4.6239399212598427
20
-2.472771220472441
11
4.6239697244094486
21
-2.472843149606299
0
LINE
8
BLACK
6
CONTINUOUS
10
4.6239697244094486
20
-2.472843149606299
11
4.6241258267716532
21
-2.4730911811023621
0
LINE
8
BLACK
6
CONTINUOUS
10
4.6241258267716532
20
-2.4730911811023621
11
4.6260005905511807
21
-2.4768407086614173
0
LINE
8
BLACK
6
CONTINUOUS
10
4.6260005905511807
20
-2.4768407086614173
11
4.6262074803149602
21
-2.4773812992125985
0
LINE
8
BLACK
6
CONTINUOUS
10
4.6262074803149602
20
-2.4773812992125985
11
4.6262150000000002
21
-2.4774871653543307
0
LINE
8
BLACK
6
CONTINUOUS
10
4.6262150000000002
20
-2.4774871653543307
11
4.6262555905511809
21
-2.4775851574803149
0
LINE
8
BLACK
6
CONTINUOUS
10
4.6262555905511809
20
-2.4775851574803149
11
4.6263123228346457
21
-2.4781612204724408
0
LINE
8
BLACK
6
CONTINUOUS
10
4.6263123228346457
20
-2.4781612204724408
11
4.6263123228346457
21
-2.4837855118110235
0
LINE
8
BLACK
6
CONTINUOUS
10
4.6263123228346457
20
-2.4837855118110235
11
4.6262555905511809
21
-2.4843615748031493
0
LINE
8
BLACK
6
CONTINUOUS
10
4.6262555905511809
20
-2.4843615748031493
11
4.6262150000000002
21
-2.4844595275590549
0
LINE
8
BLACK
6
CONTINUOUS
10
4.6262150000000002
20
-2.4844595275590549
11
4.6262074803149602
21
-2.4845654330708662
0
LINE
8
BLACK
6
CONTINUOUS
10
4.6262074803149602
20
-2.4845654330708662
11
4.6260005905511807
21
-2.485106023622047
0
LINE
8
BLACK
6
CONTINUOUS
10
4.6260005905511807
20
-2.485106023622047
11
4.6241258267716532
21
-2.4888555511811021
0
LINE
8
BLACK
6
CONTINUOUS
10
4.6241258267716532
20
-2.4888555511811021
11
4.6239697244094486
21
-2.4891035433070865
0
LINE
8
BLACK
6
CONTINUOUS
10
4.6239697244094486
20
-2.4891035433070865
11
4.6239399212598427
21
-2.4891755118110237
0
LINE
8
BLACK
6
CONTINUOUS
10
4.6239399212598427
20
-2.4891755118110237
11
4.6238734251968499
21
-2.4892564566929134
0
LINE
8
BLACK
6
CONTINUOUS
10
4.6238734251968499
20
-2.4892564566929134
11
4.6238174803149601
21
-2.489345433070866
0
LINE
8
BLACK
6
CONTINUOUS
10
4.6238174803149601
20
-2.489345433070866
11
4.6237584645669294
21
-2.4893965748031497
0
LINE
8
BLACK
6
CONTINUOUS
10
4.6237584645669294
20
-2.4893965748031497
11
4.623572716535433
21
-2.4896229527559055
0
LINE
8
BLACK
6
CONTINUOUS
10
4.623572716535433
20
-2.4896229527559055
11
4.6216979527559054
21
-2.4914977165354331
0
LINE
8
BLACK
6
CONTINUOUS
10
4.6216979527559054
20
-2.4914977165354331
11
4.6214715748031496
21
-2.491683464566929
0
LINE
8
BLACK
6
CONTINUOUS
10
4.6214715748031496
20
-2.491683464566929
11
4.6214204330708659
21
-2.4917424803149606
0
LINE
8
BLACK
6
CONTINUOUS
10
4.6214204330708659
20
-2.4917424803149606
11
4.6213314566929133
21
-2.4917984251968504
0
LINE
8
BLACK
6
CONTINUOUS
10
4.6213314566929133
20
-2.4917984251968504
11
4.6212505118110236
21
-2.4918649212598423
0
LINE
8
BLACK
6
CONTINUOUS
10
4.6212505118110236
20
-2.4918649212598423
11
4.6211785433070869
21
-2.4918947244094487
0
LINE
8
BLACK
6
CONTINUOUS
10
4.6211785433070869
20
-2.4918947244094487
11
4.6209305511811021
21
-2.4920508267716537
0
LINE
8
BLACK
6
CONTINUOUS
10
4.6209305511811021
20
-2.4920508267716537
11
4.617181023622047
21
-2.4939255905511812
0
LINE
8
BLACK
6
CONTINUOUS
10
4.617181023622047
20
-2.4939255905511812
11
4.6166403937007869
21
-2.4941324803149607
0
LINE
8
BLACK
6
CONTINUOUS
10
4.6166403937007869
20
-2.4941324803149607
11
4.6165345669291336
21
-2.494139960629921
0
LINE
8
BLACK
6
CONTINUOUS
10
4.6165345669291336
20
-2.494139960629921
11
4.6164365748031493
21
-2.4941805905511809
0
LINE
8
BLACK
6
CONTINUOUS
10
4.6164365748031493
20
-2.4941805905511809
11
4.6159044094488184
21
-2.4942329921259843
0
LINE
8
BLACK
6
CONTINUOUS
10
4.6159044094488184
20
-2.4942329921259843
11
4.6257785826771656
21
-2.5083389763779529
0
LINE
8
BLACK
6
CONTINUOUS
10
4.6257785826771656
20
-2.5083389763779529
11
4.6260624409448816
21
-2.5088434251968503
0
LINE
8
BLACK
6
CONTINUOUS
10
4.6260624409448816
20
-2.5088434251968503
11
4.6263116141732281
21
-2.5099682677165354
0
LINE
8
BLACK
6
CONTINUOUS
10
4.6263116141732281
20
-2.5099682677165354
11
4.6261114173228348
21
-2.5111028346456692
0
LINE
8
BLACK
6
CONTINUOUS
10
4.6261114173228348
20
-2.5111028346456692
11
4.6254922440944881
21
-2.512074409448819
0
LINE
8
BLACK
6
CONTINUOUS
10
4.6254922440944881
20
-2.512074409448819
11
4.6245483858267713
21
-2.512735118110236
0
LINE
8
BLACK
6
CONTINUOUS
10
4.6245483858267713
20
-2.512735118110236
11
4.6234235433070863
21
-2.5129843307086612
0
LINE
8
BLACK
6
CONTINUOUS
10
4.6234235433070863
20
-2.5129843307086612
11
4.6222890157480316
21
-2.5127840944881887
0
LINE
8
BLACK
6
CONTINUOUS
10
4.6222890157480316
20
-2.5127840944881887
11
4.6213174015748031
21
-2.5121649212598425
0
LINE
8
BLACK
6
CONTINUOUS
10
4.6213174015748031
20
-2.5121649212598425
11
4.6209405905511813
21
-2.5117255511811023
0
LINE
8
BLACK
6
CONTINUOUS
10
4.6209405905511813
20
-2.5117255511811023
11
4.6086988582677169
21
-2.4942373228346457
0
LINE
8
BLACK
6
CONTINUOUS
10
4.6086988582677169
20
-2.4942373228346457
11
4.603815157480315
21
-2.4942373228346457
0
LINE
8
BLACK
6
CONTINUOUS
10
4.603815157480315
20
-2.4942373228346457
11
4.603815157480315
21
-2.510032244094488
0
LINE
8
BLACK
6
CONTINUOUS
10
4.603815157480315
20
-2.510032244094488
11
4.6037584251968502
21
-2.5106083070866143
0
LINE
8
BLACK
6
CONTINUOUS
10
4.6037584251968502
20
-2.5106083070866143
11
4.6033175196850395
21
-2.5116727165354331
0
LINE
8
BLACK
6
CONTINUOUS
10
4.6033175196850395
20
-2.5116727165354331
11
4.6025028740157481
21
-2.5124873622047246
0
LINE
8
BLACK
6
CONTINUOUS
10
4.6025028740157481
20
-2.5124873622047246
11
4.6014384645669288
21
-2.5129282677165352
0
LINE
8
BLACK
6
CONTINUOUS
10
4.6014384645669288
20
-2.5129282677165352
11
4.6002863385826771
21
-2.5129282677165352
0
LINE
8
BLACK
6
CONTINUOUS
10
4.6002863385826771
20
-2.5129282677165352
11
4.5992219291338579
21
-2.5124873622047246
0
LINE
8
BLACK
6
CONTINUOUS
10
4.5992219291338579
20
-2.5124873622047246
11
4.5984072834645664
21
-2.5116727165354331
0
LINE
8
BLACK
6
CONTINUOUS
10
4.5984072834645664
20
-2.5116727165354331
11
4.5979663779527558
21
-2.5106083070866143
0
LINE
8
BLACK
6
CONTINUOUS
10
4.5979663779527558
20
-2.5106083070866143
11
4.5979096456692909
21
-2.510032244094488
0
LINE
8
BLACK
6
CONTINUOUS
10
4.5979096456692909
20
-2.510032244094488
11
4.5979096456692909
21
-2.4706621653543306
0
LINE
8
BLACK
6
CONTINUOUS
10
4.5979096456692909
20
-2.4706621653543306
11
4.5979663779527558
21
-2.4700861023622047
0
LINE
8
BLACK
6
CONTINUOUS
10
4.5979663779527558
20
-2.4700861023622047
11
4.5984072834645664
21
-2.4690216929133859
0
LINE
8
BLACK
6
CONTINUOUS
10
4.5984072834645664
20
-2.4690216929133859
11
4.5992219291338579
21
-2.4682070472440945
0
LINE
8
BLACK
6
CONTINUOUS
10
4.5992219291338579
20
-2.4682070472440945
11
4.6002863385826771
21
-2.4677661417322834
0
LINE
8
BLACK
6
CONTINUOUS
10
4.6002863385826771
20
-2.4677661417322834
11
4.600862401574803
21
-2.467709409448819
0
LINE
8
BLACK
6
CONTINUOUS
10
4.600862401574803
20
-2.467709409448819
11
4.6158605118110234
21
-2.467709409448819
0
LINE
8
BLACK
6
CONTINUOUS
10
4.6158605118110234
20
-2.467709409448819
11
4.6164365748031493
21
-2.4677661417322834
0
LINE
8
BLACK
6
CONTINUOUS
10
4.603815157480315
20
-2.4883318110236221
11
4.6151634645669288
21
-2.4883318110236221
0
LINE
8
BLACK
6
CONTINUOUS
10
4.6151634645669288
20
-2.4883318110236221
11
4.6178609448818895
21
-2.4869830708661418
0
LINE
8
BLACK
6
CONTINUOUS
10
4.6178609448818895
20
-2.4869830708661418
11
4.6190580708661413
21
-2.4857859448818895
0
LINE
8
BLACK
6
CONTINUOUS
10
4.6190580708661413
20
-2.4857859448818895
11
4.6204068110236216
21
-2.4830884645669289
0
LINE
8
BLACK
6
CONTINUOUS
10
4.6204068110236216
20
-2.4830884645669289
11
4.6204068110236216
21
-2.4788582677165354
0
LINE
8
BLACK
6
CONTINUOUS
10
4.6204068110236216
20
-2.4788582677165354
11
4.6190580708661413
21
-2.4761607874015747
0
LINE
8
BLACK
6
CONTINUOUS
10
4.6190580708661413
20
-2.4761607874015747
11
4.6178609448818895
21
-2.4749636614173229
0
LINE
8
BLACK
6
CONTINUOUS
10
4.6178609448818895
20
-2.4749636614173229
11
4.6151634645669288
21
-2.4736149212598426
0
LINE
8
BLACK
6
CONTINUOUS
10
4.6151634645669288
20
-2.4736149212598426
11
4.603815157480315
21
-2.4736149212598426
0
LINE
8
BLACK
6
CONTINUOUS
10
4.603815157480315
20
-2.4736149212598426
11
4.603815157480315
21
-2.4883318110236221
0
LINE
8
BLACK
6
CONTINUOUS
10
5.6609580314960626
20
-2.456789724409449
11
5.661772677165354
21
-2.45760437007874
0
LINE
8
BLACK
6
CONTINUOUS
10
5.661772677165354
20
-2.45760437007874
11
5.6622135826771656
21
-2.4586687795275588
0
LINE
8
BLACK
6
CONTINUOUS
10
5.6622135826771656
20
-2.4586687795275588
11
5.6622703149606295
21
-2.4592448425196851
0
LINE
8
BLACK
6
CONTINUOUS
10
5.6622703149606295
20
-2.4592448425196851
11
5.6622703149606295
21
-2.4873662992125984
0
LINE
8
BLACK
6
CONTINUOUS
10
5.6622703149606295
20
-2.4873662992125984
11
5.6622415748031498
21
-2.4876578740157478
0
LINE
8
BLACK
6
CONTINUOUS
10
5.6622415748031498
20
-2.4876578740157478
11
5.6622471259842522
21
-2.4877356299212599
0
LINE
8
BLACK
6
CONTINUOUS
10
5.6622471259842522
20
-2.4877356299212599
11
5.6622238582677165
21
-2.4878378740157481
0
LINE
8
BLACK
6
CONTINUOUS
10
5.6622238582677165
20
-2.4878378740157481
11
5.6622135826771656
21
-2.4879423622047243
0
LINE
8
BLACK
6
CONTINUOUS
10
5.6622135826771656
20
-2.4879423622047243
11
5.6621837007874012
21
-2.488014409448819
0
LINE
8
BLACK
6
CONTINUOUS
10
5.6621837007874012
20
-2.488014409448819
11
5.6621187795275585
21
-2.4883000787401572
0
LINE
8
BLACK
6
CONTINUOUS
10
5.6621187795275585
20
-2.4883000787401572
11
5.6602440157480309
21
-2.4939243307086612
0
LINE
8
BLACK
6
CONTINUOUS
10
5.6602440157480309
20
-2.4939243307086612
11
5.660008031496063
21
-2.4944529133858269
0
LINE
8
BLACK
6
CONTINUOUS
10
5.660008031496063
20
-2.4944529133858269
11
5.659938503937008
21
-2.4945330314960628
0
LINE
8
BLACK
6
CONTINUOUS
10
5.659938503937008
20
-2.4945330314960628
11
5.6598979527559052
21
-2.494631023622047
0
LINE
8
BLACK
6
CONTINUOUS
10
5.6598979527559052
20
-2.494631023622047
11
5.6595307480314956
21
-2.4950784645669293
0
LINE
8
BLACK
6
CONTINUOUS
10
5.6595307480314956
20
-2.4950784645669293
11
5.6557811811023617
21
-2.4988280708661419
0
LINE
8
BLACK
6
CONTINUOUS
10
5.6557811811023617
20
-2.4988280708661419
11
5.6553337401574799
21
-2.4991952755905511
0
LINE
8
BLACK
6
CONTINUOUS
10
5.6553337401574799
20
-2.4991952755905511
11
5.6552356692913381
21
-2.4992358661417322
0
LINE
8
BLACK
6
CONTINUOUS
10
5.6552356692913381
20
-2.4992358661417322
11
5.6551555511811022
21
-2.4993053937007872
0
LINE
8
BLACK
6
CONTINUOUS
10
5.6551555511811022
20
-2.4993053937007872
11
5.6546270078740157
21
-2.499541377952756
0
LINE
8
BLACK
6
CONTINUOUS
10
5.6546270078740157
20
-2.499541377952756
11
5.6490027165354331
21
-2.5014161417322835
0
LINE
8
BLACK
6
CONTINUOUS
10
5.6490027165354331
20
-2.5014161417322835
11
5.6487171259842519
21
-2.5014810629921258
0
LINE
8
BLACK
6
CONTINUOUS
10
5.6487171259842519
20
-2.5014810629921258
11
5.6486450393700789
21
-2.5015109448818897
0
LINE
8
BLACK
6
CONTINUOUS
10
5.6486450393700789
20
-2.5015109448818897
11
5.6485405118110235
21
-2.5015212204724411
0
LINE
8
BLACK
6
CONTINUOUS
10
5.6485405118110235
20
-2.5015212204724411
11
5.6484382677165357
21
-2.5015444881889763
0
LINE
8
BLACK
6
CONTINUOUS
10
5.6484382677165357
20
-2.5015444881889763
11
5.6483605118110232
21
-2.501538937007874
0
LINE
8
BLACK
6
CONTINUOUS
10
5.6483605118110232
20
-2.501538937007874
11
5.648068976377953
21
-2.5015676771653541
0
LINE
8
BLACK
6
CONTINUOUS
10
5.648068976377953
20
-2.5015676771653541
11
5.6443194488188979
21
-2.5015676771653541
0
LINE
8
BLACK
6
CONTINUOUS
10
5.6443194488188979
20
-2.5015676771653541
11
5.6437433858267712
21
-2.5015109448818897
0
LINE
8
BLACK
6
CONTINUOUS
10
5.6437433858267712
20
-2.5015109448818897
11
5.6426789763779528
21
-2.5010700393700787
0
LINE
8
BLACK
6
CONTINUOUS
10
5.6426789763779528
20
-2.5010700393700787
11
5.6418643307086613
21
-2.5002553937007872
0
LINE
8
BLACK
6
CONTINUOUS
10
5.6418643307086613
20
-2.5002553937007872
11
5.6414234251968507
21
-2.4991909842519684
0
LINE
8
BLACK
6
CONTINUOUS
10
5.6414234251968507
20
-2.4991909842519684
11
5.6414234251968507
21
-2.4980388582677167
0
LINE
8
BLACK
6
CONTINUOUS
10
5.6414234251968507
20
-2.4980388582677167
11
5.6418643307086613
21
-2.4969744488188974
0
LINE
8
BLACK
6
CONTINUOUS
10
5.6418643307086613
20
-2.4969744488188974
11
5.6426789763779528
21
-2.4961598031496064
0
LINE
8
BLACK
6
CONTINUOUS
10
5.6426789763779528
20
-2.4961598031496064
11
5.6437433858267712
21
-2.4957188976377953
0
LINE
8
BLACK
6
CONTINUOUS
10
5.6437433858267712
20
-2.4957188976377953
11
5.6443194488188979
21
-2.4956621653543305
0
LINE
8
BLACK
6
CONTINUOUS
10
5.6443194488188979
20
-2.4956621653543305
11
5.6475898425196851
21
-2.4956621653543305
0
LINE
8
BLACK
6
CONTINUOUS
10
5.6475898425196851
20
-2.4956621653543305
11
5.6520982283464569
21
-2.4941593307086616
0
LINE
8
BLACK
6
CONTINUOUS
10
5.6520982283464569
20
-2.4941593307086616
11
5.654861968503937
21
-2.4913955511811023
0
LINE
8
BLACK
6
CONTINUOUS
10
5.654861968503937
20
-2.4913955511811023
11
5.6563648031496063
21
-2.4868871653543305
0
LINE
8
BLACK
6
CONTINUOUS
10
5.6563648031496063
20
-2.4868871653543305
11
5.6563648031496063
21
-2.4592448425196851
0
LINE
8
BLACK
6
CONTINUOUS
10
5.6563648031496063
20
-2.4592448425196851
11
5.6564215354330711
21
-2.4586687795275588
0
LINE
8
BLACK
6
CONTINUOUS
10
5.6564215354330711
20
-2.4586687795275588
11
5.6568624409448818
21
-2.45760437007874
0
LINE
8
BLACK
6
CONTINUOUS
10
5.6568624409448818
20
-2.45760437007874
11
5.6576770866141732
21
-2.456789724409449
0
LINE
8
BLACK
6
CONTINUOUS
10
5.6576770866141732
20
-2.456789724409449
11
5.6587414960629916
21
-2.4563488188976379
0
LINE
8
BLACK
6
CONTINUOUS
10
5.6587414960629916
20
-2.4563488188976379
11
5.6598936220472442
21
-2.4563488188976379
0
LINE
8
BLACK
6
CONTINUOUS
10
5.6598936220472442
20
-2.4563488188976379
11
5.6609580314960626
21
-2.456789724409449
0
LINE
8
BLACK
6
CONTINUOUS
10
5.6870265748031494
20
-2.4548048425196849
11
5.6878969685039369
21
-2.4555597244094489
0
LINE
8
BLACK
6
CONTINUOUS
10
5.6878969685039369
20
-2.4555597244094489
11
5.6884121653543307
21
-2.4565901968503936
0
LINE
8
BLACK
6
CONTINUOUS
10
5.6884121653543307
20
-2.4565901968503936
11
5.6884938582677167
21
-2.457739409448819
0
LINE
8
BLACK
6
CONTINUOUS
10
5.6884938582677167
20
-2.457739409448819
11
5.6883655118110239
21
-2.4583038582677164
0
LINE
8
BLACK
6
CONTINUOUS
10
5.6883655118110239
20
-2.4583038582677164
11
5.6802872047244097
21
-2.4825387795275589
0
LINE
8
BLACK
6
CONTINUOUS
10
5.6802872047244097
20
-2.4825387795275589
11
5.6919853543307086
21
-2.4825387795275589
0
LINE
8
BLACK
6
CONTINUOUS
10
5.6919853543307086
20
-2.4825387795275589
11
5.6919853543307086
21
-2.472368188976378
0
LINE
8
BLACK
6
CONTINUOUS
10
5.6919853543307086
20
-2.472368188976378
11
5.6920420866141734
21
-2.4717921259842521
0
LINE
8
BLACK
6
CONTINUOUS
10
5.6920420866141734
20
-2.4717921259842521
11
5.6924829921259841
21
-2.4707277165354329
0
LINE
8
BLACK
6
CONTINUOUS
10
5.6924829921259841
20
-2.4707277165354329
11
5.6932976377952755
21
-2.4699130708661419
0
LINE
8
BLACK
6
CONTINUOUS
10
5.6932976377952755
20
-2.4699130708661419
11
5.6943620472440948
21
-2.4694721653543308
0
LINE
8
BLACK
6
CONTINUOUS
10
5.6943620472440948
20
-2.4694721653543308
11
5.6955141732283465
21
-2.4694721653543308
0
LINE
8
BLACK
6
CONTINUOUS
10
5.6955141732283465
20
-2.4694721653543308
11
5.6965785826771649
21
-2.4699130708661419
0
LINE
8
BLACK
6
CONTINUOUS
10
5.6965785826771649
20
-2.4699130708661419
11
5.6973932283464563
21
-2.4707277165354329
0
LINE
8
BLACK
6
CONTINUOUS
10
5.6973932283464563
20
-2.4707277165354329
11
5.6978341338582679
21
-2.4717921259842521
0
LINE
8
BLACK
6
CONTINUOUS
10
5.6978341338582679
20
-2.4717921259842521
11
5.6978908661417318
21
-2.472368188976378
0
LINE
8
BLACK
6
CONTINUOUS
10
5.6978908661417318
20
-2.472368188976378
11
5.6978908661417318
21
-2.4825387795275589
0
LINE
8
BLACK
6
CONTINUOUS
10
5.6978908661417318
20
-2.4825387795275589
11
5.7005624015748033
21
-2.4825387795275589
0
LINE
8
BLACK
6
CONTINUOUS
10
5.7005624015748033
20
-2.4825387795275589
11
5.7011384645669292
21
-2.4825955118110237
0
LINE
8
BLACK
6
CONTINUOUS
10
5.7011384645669292
20
-2.4825955118110237
11
5.7022028740157475
21
-2.4830364173228348
0
LINE
8
BLACK
6
CONTINUOUS
10
5.7022028740157475
20
-2.4830364173228348
11
5.703017519685039
21
-2.4838510629921258
0
LINE
8
BLACK
6
CONTINUOUS
10
5.703017519685039
20
-2.4838510629921258
11
5.7034584251968505
21
-2.484915472440945
0
LINE
8
BLACK
6
CONTINUOUS
10
5.7034584251968505
20
-2.484915472440945
11
5.7034584251968505
21
-2.4860675984251968
0
LINE
8
BLACK
6
CONTINUOUS
10
5.7034584251968505
20
-2.4860675984251968
11
5.703017519685039
21
-2.4871320078740156
0
LINE
8
BLACK
6
CONTINUOUS
10
5.703017519685039
20
-2.4871320078740156
11
5.7022028740157475
21
-2.487946653543307
0
LINE
8
BLACK
6
CONTINUOUS
10
5.7022028740157475
20
-2.487946653543307
11
5.7011384645669292
21
-2.4883875590551181
0
LINE
8
BLACK
6
CONTINUOUS
10
5.7011384645669292
20
-2.4883875590551181
11
5.7005624015748033
21
-2.4884442913385825
0
LINE
8
BLACK
6
CONTINUOUS
10
5.7005624015748033
20
-2.4884442913385825
11
5.6978908661417318
21
-2.4884442913385825
0
LINE
8
BLACK
6
CONTINUOUS
10
5.6978908661417318
20
-2.4884442913385825
11
5.6978908661417318
21
-2.4986149212598425
0
LINE
8
BLACK
6
CONTINUOUS
10
5.6978908661417318
20
-2.4986149212598425
11
5.6978341338582679
21
-2.4991909842519684
0
LINE
8
BLACK
6
CONTINUOUS
10
5.6978341338582679
20
-2.4991909842519684
11
5.6973932283464563
21
-2.5002553937007872
0
LINE
8
BLACK
6
CONTINUOUS
10
5.6973932283464563
20
-2.5002553937007872
11
5.6965785826771649
21
-2.5010700393700787
0
LINE
8
BLACK
6
CONTINUOUS
10
5.6965785826771649
20
-2.5010700393700787
11
5.6955141732283465
21
-2.5015109448818897
0
LINE
8
BLACK
6
CONTINUOUS
10
5.6955141732283465
20
-2.5015109448818897
11
5.6943620472440948
21
-2.5015109448818897
0
LINE
8
BLACK
6
CONTINUOUS
10
5.6943620472440948
20
-2.5015109448818897
11
5.6932976377952755
21
-2.5010700393700787
0
LINE
8
BLACK
6
CONTINUOUS
10
5.6932976377952755
20
-2.5010700393700787
11
5.6924829921259841
21
-2.5002553937007872
0
LINE
8
BLACK
6
CONTINUOUS
10
5.6924829921259841
20
-2.5002553937007872
11
5.6920420866141734
21
-2.4991909842519684
0
LINE
8
BLACK
6
CONTINUOUS
10
5.6920420866141734
20
-2.4991909842519684
11
5.6919853543307086
21
-2.4986149212598425
0
LINE
8
BLACK
6
CONTINUOUS
10
5.6919853543307086
20
-2.4986149212598425
11
5.6919853543307086
21
-2.4884442913385825
0
LINE
8
BLACK
6
CONTINUOUS
10
5.6919853543307086
20
-2.4884442913385825
11
5.6761904724409451
21
-2.4884442913385825
0
LINE
8
BLACK
6
CONTINUOUS
10
5.6761904724409451
20
-2.4884442913385825
11
5.6758988976377953
21
-2.4884155511811024
0
LINE
8
BLACK
6
CONTINUOUS
10
5.6758988976377953
20
-2.4884155511811024
11
5.6758211811023624
21
-2.4884211023622047
0
LINE
8
BLACK
6
CONTINUOUS
10
5.6758211811023624
20
-2.4884211023622047
11
5.6757650393700789
21
-2.4884023622047242
0
LINE
8
BLACK
6
CONTINUOUS
10
5.6757650393700789
20
-2.4884023622047242
11
5.6756144094488183
21
-2.4883875590551181
0
LINE
8
BLACK
6
CONTINUOUS
10
5.6756144094488183
20
-2.4883875590551181
11
5.6751770866141733
21
-2.4882064173228344
0
LINE
8
BLACK
6
CONTINUOUS
10
5.6751770866141733
20
-2.4882064173228344
11
5.6747281496062989
21
-2.4880567716535431
0
LINE
8
BLACK
6
CONTINUOUS
10
5.6747281496062989
20
-2.4880567716535431
11
5.6746479527559055
21
-2.4879872047244094
0
LINE
8
BLACK
6
CONTINUOUS
10
5.6746479527559055
20
-2.4879872047244094
11
5.67455
21
-2.487946653543307
0
LINE
8
BLACK
6
CONTINUOUS
10
5.67455
20
-2.487946653543307
11
5.6742153543307081
21
-2.4876120078740156
0
LINE
8
BLACK
6
CONTINUOUS
10
5.6742153543307081
20
-2.4876120078740156
11
5.6738577952755902
21
-2.4873018897637795
0
LINE
8
BLACK
6
CONTINUOUS
10
5.6738577952755902
20
-2.4873018897637795
11
5.6738103543307083
21
-2.4872070078740158
0
LINE
8
BLACK
6
CONTINUOUS
10
5.6738103543307083
20
-2.4872070078740158
11
5.6737353543307085
21
-2.4871320078740156
0
LINE
8
BLACK
6
CONTINUOUS
10
5.6737353543307085
20
-2.4871320078740156
11
5.6735541732283465
21
-2.4866946456692913
0
LINE
8
BLACK
6
CONTINUOUS
10
5.6735541732283465
20
-2.4866946456692913
11
5.6733425984251964
21
-2.4862714566929132
0
LINE
8
BLACK
6
CONTINUOUS
10
5.6733425984251964
20
-2.4862714566929132
11
5.6733350787401573
21
-2.4861656692913385
0
LINE
8
BLACK
6
CONTINUOUS
10
5.6733350787401573
20
-2.4861656692913385
11
5.6732944488188979
21
-2.4860675984251968
0
LINE
8
BLACK
6
CONTINUOUS
10
5.6732944488188979
20
-2.4860675984251968
11
5.6732944488188979
21
-2.4855940944881891
0
LINE
8
BLACK
6
CONTINUOUS
10
5.6732944488188979
20
-2.4855940944881891
11
5.6732609055118113
21
-2.4851222440944882
0
LINE
8
BLACK
6
CONTINUOUS
10
5.6732609055118113
20
-2.4851222440944882
11
5.6732944488188979
21
-2.4849747244094487
0
LINE
8
BLACK
6
CONTINUOUS
10
5.6732944488188979
20
-2.4849747244094487
11
5.6732944488188979
21
-2.484915472440945
0
LINE
8
BLACK
6
CONTINUOUS
10
5.6732944488188979
20
-2.484915472440945
11
5.6733242913385826
21
-2.4848433464566928
0
LINE
8
BLACK
6
CONTINUOUS
10
5.6733242913385826
20
-2.4848433464566928
11
5.6733892519685041
21
-2.4845577952755904
0
LINE
8
BLACK
6
CONTINUOUS
10
5.6733892519685041
20
-2.4845577952755904
11
5.6827630708661419
21
-2.4564363385826771
0
LINE
8
BLACK
6
CONTINUOUS
10
5.6827630708661419
20
-2.4564363385826771
11
5.6829990551181098
21
-2.4559077952755906
0
LINE
8
BLACK
6
CONTINUOUS
10
5.6829990551181098
20
-2.4559077952755906
11
5.6837539370078742
21
-2.4550374409448819
0
LINE
8
BLACK
6
CONTINUOUS
10
5.6837539370078742
20
-2.4550374409448819
11
5.6847843700787397
21
-2.4545222047244093
0
LINE
8
BLACK
6
CONTINUOUS
10
5.6847843700787397
20
-2.4545222047244093
11
5.6859335826771655
21
-2.4544405118110237
0
LINE
8
BLACK
6
CONTINUOUS
10
5.6859335826771655
20
-2.4544405118110237
11
5.6870265748031494
21
-2.4548048425196849
0
LINE
8
BLACK
6
CONTINUOUS
10
5.4584816141732286
20
-2.3707495669291339
11
5.4586614173228343
21
-2.3716535433070867
0
LINE
8
BLACK
6
CONTINUOUS
10
5.4586614173228343
20
-2.3716535433070867
11
5.4586614173228343
21
-2.4216535433070865
0
LINE
8
BLACK
6
CONTINUOUS
10
5.4586614173228343
20
-2.4216535433070865
11
5.5
21
-2.4216535433070865
0
LINE
8
BLACK
6
CONTINUOUS
10
5.5
20
-2.4216535433070865
11
5.5009039763779528
21
-2.421833346456693
0
LINE
8
BLACK
6
CONTINUOUS
10
5.5009039763779528
20
-2.421833346456693
11
5.5021824015748031
21
-2.4231117716535433
0
LINE
8
BLACK
6
CONTINUOUS
10
5.5021824015748031
20
-2.4231117716535433
11
5.5021824015748031
21
-2.4249197244094489
0
LINE
8
BLACK
6
CONTINUOUS
10
5.5021824015748031
20
-2.4249197244094489
11
5.5009039763779528
21
-2.4261981496062992
0
LINE
8
BLACK
6
CONTINUOUS
10
5.5009039763779528
20
-2.4261981496062992
11
5.5
21
-2.4263779527559053
0
LINE
8
BLACK
6
CONTINUOUS
10
5.5
20
-2.4263779527559053
11
5.4562992125984247
21
-2.4263779527559053
0
LINE
8
BLACK
6
CONTINUOUS
10
5.4562992125984247
20
-2.4263779527559053
11
5.4553952362204727
21
-2.4261981496062992
0
LINE
8
BLACK
6
CONTINUOUS
10
5.4553952362204727
20
-2.4261981496062992
11
5.4541168110236216
21
-2.4249197244094489
0
LINE
8
BLACK
6
CONTINUOUS
10
5.4541168110236216
20
-2.4249197244094489
11
5.4539370078740159
21
-2.4240157480314961
0
LINE
8
BLACK
6
CONTINUOUS
10
5.4539370078740159
20
-2.4240157480314961
11
5.4539370078740159
21
-2.3716535433070867
0
LINE
8
BLACK
6
CONTINUOUS
10
5.4539370078740159
20
-2.3716535433070867
11
5.4541168110236216
21
-2.3707495669291339
0
LINE
8
BLACK
6
CONTINUOUS
10
5.4541168110236216
20
-2.3707495669291339
11
5.4553952362204727
21
-2.3694711417322836
0
LINE
8
BLACK
6
CONTINUOUS
10
5.4553952362204727
20
-2.3694711417322836
11
5.4572031889763775
21
-2.3694711417322836
0
LINE
8
BLACK
6
CONTINUOUS
10
5.4572031889763775
20
-2.3694711417322836
11
5.4584816141732286
21
-2.3707495669291339
0
LINE
8
BLACK
6
CONTINUOUS
10
5.8981480708661413
20
-2.217108937007874
11
5.8994264960629916
21
-2.2183873622047243
0
LINE
8
BLACK
6
CONTINUOUS
10
5.8994264960629916
20
-2.2183873622047243
11
5.8996062992125982
21
-2.2192913385826771
0
LINE
8
BLACK
6
CONTINUOUS
10
5.8996062992125982
20
-2.2192913385826771
11
5.8996062992125982
21
-2.4240157480314961
0
LINE
8
BLACK
6
CONTINUOUS
10
5.8996062992125982
20
-2.4240157480314961
11
5.8994264960629916
21
-2.4249197244094489
0
LINE
8
BLACK
6
CONTINUOUS
10
5.8994264960629916
20
-2.4249197244094489
11
5.8981480708661413
21
-2.4261981496062992
0
LINE
8
BLACK
6
CONTINUOUS
10
5.8981480708661413
20
-2.4261981496062992
11
5.8972440944881885
21
-2.4263779527559053
0
LINE
8
BLACK
6
CONTINUOUS
10
5.8972440944881885
20
-2.4263779527559053
11
5.55748031496063
21
-2.4263779527559053
0
LINE
8
BLACK
6
CONTINUOUS
10
5.55748031496063
20
-2.4263779527559053
11
5.5565763385826772
21
-2.4261981496062992
0
LINE
8
BLACK
6
CONTINUOUS
10
5.5565763385826772
20
-2.4261981496062992
11
5.5552979133858269
21
-2.4249197244094489
0
LINE
8
BLACK
6
CONTINUOUS
10
5.5552979133858269
20
-2.4249197244094489
11
5.5551181102362204
21
-2.4240157480314961
0
LINE
8
BLACK
6
CONTINUOUS
10
5.5551181102362204
20
-2.4240157480314961
11
5.5551181102362204
21
-2.3881889763779527
0
LINE
8
BLACK
6
CONTINUOUS
10
5.5551181102362204
20
-2.3881889763779527
11
5.5437007874015745
21
-2.3881889763779527
0
LINE
8
BLACK
6
CONTINUOUS
10
5.5437007874015745
20
-2.3881889763779527
11
5.5427968110236217
21
-2.3880091732283466
0
LINE
8
BLACK
6
CONTINUOUS
10
5.5427968110236217
20
-2.3880091732283466
11
5.5415183858267714
21
-2.3867307480314959
0
LINE
8
BLACK
6
CONTINUOUS
10
5.5415183858267714
20
-2.3867307480314959
11
5.5415183858267714
21
-2.3849227952755907
0
LINE
8
BLACK
6
CONTINUOUS
10
5.5415183858267714
20
-2.3849227952755907
11
5.5427968110236217
21
-2.38364437007874
0
LINE
8
BLACK
6
CONTINUOUS
10
5.5427968110236217
20
-2.38364437007874
11
5.5437007874015745
21
-2.3834645669291339
0
LINE
8
BLACK
6
CONTINUOUS
10
5.5437007874015745
20
-2.3834645669291339
11
5.5551181102362204
21
-2.3834645669291339
0
LINE
8
BLACK
6
CONTINUOUS
10
5.5551181102362204
20
-2.3834645669291339
11
5.5551181102362204
21
-2.3598425196850394
0
LINE
8
BLACK
6
CONTINUOUS
10
5.5551181102362204
20
-2.3598425196850394
11
5.5437007874015745
21
-2.3598425196850394
0
LINE
8
BLACK
6
CONTINUOUS
10
5.5437007874015745
20
-2.3598425196850394
11
5.5427968110236217
21
-2.3596627165354329
0
LINE
8
BLACK
6
CONTINUOUS
10
5.5427968110236217
20
-2.3596627165354329
11
5.5415183858267714
21
-2.3583842913385826
0
LINE
8
BLACK
6
CONTINUOUS
10
5.5415183858267714
20
-2.3583842913385826
11
5.5415183858267714
21
-2.356576338582677
0
LINE
8
BLACK
6
CONTINUOUS
10
5.5415183858267714
20
-2.356576338582677
11
5.5427968110236217
21
-2.3552979133858267
0
LINE
8
BLACK
6
CONTINUOUS
10
5.5427968110236217
20
-2.3552979133858267
11
5.5437007874015745
21
-2.3551181102362202
0
LINE
8
BLACK
6
CONTINUOUS
10
5.5437007874015745
20
-2.3551181102362202
11
5.5551181102362204
21
-2.3551181102362202
0
LINE
8
BLACK
6
CONTINUOUS
10
5.5551181102362204
20
-2.3551181102362202
11
5.5551181102362204
21
-2.2881889763779526
0
LINE
8
BLACK
6
CONTINUOUS
10
5.5551181102362204
20
-2.2881889763779526
11
5.5413385826771648
21
-2.2881889763779526
0
LINE
8
BLACK
6
CONTINUOUS
10
5.5413385826771648
20
-2.2881889763779526
11
5.5404346062992129
21
-2.2880091732283465
0
LINE
8
BLACK
6
CONTINUOUS
10
5.5404346062992129
20
-2.2880091732283465
11
5.5391561811023617
21
-2.2867307480314962
0
LINE
8
BLACK
6
CONTINUOUS
10
5.5391561811023617
20
-2.2867307480314962
11
5.5391561811023617
21
-2.2849227952755906
0
LINE
8
BLACK
6
CONTINUOUS
10
5.5391561811023617
20
-2.2849227952755906
11
5.5404346062992129
21
-2.2836443700787403
0
LINE
8
BLACK
6
CONTINUOUS
10
5.5404346062992129
20
-2.2836443700787403
11
5.5413385826771648
21
-2.2834645669291338
0
LINE
8
BLACK
6
CONTINUOUS
10
5.5413385826771648
20
-2.2834645669291338
11
5.5551181102362204
21
-2.2834645669291338
0
LINE
8
BLACK
6
CONTINUOUS
10
5.5551181102362204
20
-2.2834645669291338
11
5.5551181102362204
21
-2.2598425196850394
0
LINE
8
BLACK
6
CONTINUOUS
10
5.5551181102362204
20
-2.2598425196850394
11
5.5413385826771648
21
-2.2598425196850394
0
LINE
8
BLACK
6
CONTINUOUS
10
5.5413385826771648
20
-2.2598425196850394
11
5.5404346062992129
21
-2.2596627165354328
0
LINE
8
BLACK
6
CONTINUOUS
10
5.5404346062992129
20
-2.2596627165354328
11
5.5391561811023617
21
-2.2583842913385825
0
LINE
8
BLACK
6
CONTINUOUS
10
5.5391561811023617
20
-2.2583842913385825
11
5.5391561811023617
21
-2.2565763385826769
0
LINE
8
BLACK
6
CONTINUOUS
10
5.5391561811023617
20
-2.2565763385826769
11
5.5404346062992129
21
-2.2552979133858266
0
LINE
8
BLACK
6
CONTINUOUS
10
5.5404346062992129
20
-2.2552979133858266
11
5.5413385826771648
21
-2.2551181102362206
0
LINE
8
BLACK
6
CONTINUOUS
10
5.5413385826771648
20
-2.2551181102362206
11
5.5551181102362204
21
-2.2551181102362206
0
LINE
8
BLACK
6
CONTINUOUS
10
5.5551181102362204
20
-2.2551181102362206
11
5.5551181102362204
21
-2.2192913385826771
0
LINE
8
BLACK
6
CONTINUOUS
10
5.5551181102362204
20
-2.2192913385826771
11
5.5552979133858269
21
-2.2183873622047243
0
LINE
8
BLACK
6
CONTINUOUS
10
5.5552979133858269
20
-2.2183873622047243
11
5.5565763385826772
21
-2.217108937007874
0
LINE
8
BLACK
6
CONTINUOUS
10
5.5565763385826772
20
-2.217108937007874
11
5.55748031496063
21
-2.2169291338582675
0
LINE
8
BLACK
6
CONTINUOUS
10
5.55748031496063
20
-2.2169291338582675
11
5.8972440944881885
21
-2.2169291338582675
0
LINE
8
BLACK
6
CONTINUOUS
10
5.8972440944881885
20
-2.2169291338582675
11
5.8981480708661413
21
-2.217108937007874
0
LINE
8
BLACK
6
CONTINUOUS
10
5.5598425196850396
20
-2.2216535433070868
11
5.5598425196850396
21
-2.3192913385826772
0
LINE
8
BLACK
6
CONTINUOUS
10
5.5598425196850396
20
-2.3192913385826772
11
5.8948818897637798
21
-2.3192913385826772
0
LINE
8
BLACK
6
CONTINUOUS
10
5.8948818897637798
20
-2.3192913385826772
11
5.8948818897637798
21
-2.2216535433070868
0
LINE
8
BLACK
6
CONTINUOUS
10
5.8948818897637798
20
-2.2216535433070868
11
5.5598425196850396
21
-2.2216535433070868
0
LINE
8
BLACK
6
CONTINUOUS
10
4.4309225590551184
20
-2.3685842125984253
11
4.4311023622047241
21
-2.3694881889763777
0
LINE
8
BLACK
6
CONTINUOUS
10
4.4311023622047241
20
-2.3694881889763777
11
4.4311023622047241
21
-2.4171259842519683
0
LINE
8
BLACK
6
CONTINUOUS
10
4.4311023622047241
20
-2.4171259842519683
11
4.4787401574803152
21
-2.4171259842519683
0
LINE
8
BLACK
6
CONTINUOUS
10
4.4787401574803152
20
-2.4171259842519683
11
4.479644133858268
21
-2.4173057874015749
0
LINE
8
BLACK
6
CONTINUOUS
10
4.479644133858268
20
-2.4173057874015749
11
4.4809225590551183
21
-2.4185842125984252
0
LINE
8
BLACK
6
CONTINUOUS
10
4.4809225590551183
20
-2.4185842125984252
11
4.4809225590551183
21
-2.4203921653543308
0
LINE
8
BLACK
6
CONTINUOUS
10
4.4809225590551183
20
-2.4203921653543308
11
4.479644133858268
21
-2.4216705905511811
0
LINE
8
BLACK
6
CONTINUOUS
10
4.479644133858268
20
-2.4216705905511811
11
4.4787401574803152
21
-2.4218503937007871
0
LINE
8
BLACK
6
CONTINUOUS
10
4.4787401574803152
20
-2.4218503937007871
11
4.4287401574803145
21
-2.4218503937007871
0
LINE
8
BLACK
6
CONTINUOUS
10
4.4287401574803145
20
-2.4218503937007871
11
4.4278361811023625
21
-2.4216705905511811
0
LINE
8
BLACK
6
CONTINUOUS
10
4.4278361811023625
20
-2.4216705905511811
11
4.4265577559055114
21
-2.4203921653543308
0
LINE
8
BLACK
6
CONTINUOUS
10
4.4265577559055114
20
-2.4203921653543308
11
4.4263779527559057
21
-2.419488188976378
0
LINE
8
BLACK
6
CONTINUOUS
10
4.4263779527559057
20
-2.419488188976378
11
4.4263779527559057
21
-2.3694881889763777
0
LINE
8
BLACK
6
CONTINUOUS
10
4.4263779527559057
20
-2.3694881889763777
11
4.4265577559055114
21
-2.3685842125984253
0
LINE
8
BLACK
6
CONTINUOUS
10
4.4265577559055114
20
-2.3685842125984253
11
4.4278361811023625
21
-2.3673057874015746
0
LINE
8
BLACK
6
CONTINUOUS
10
4.4278361811023625
20
-2.3673057874015746
11
4.4296441338582673
21
-2.3673057874015746
0
LINE
8
BLACK
6
CONTINUOUS
10
4.4296441338582673
20
-2.3673057874015746
11
4.4309225590551184
21
-2.3685842125984253
0
LINE
8
BLACK
6
CONTINUOUS
10
4.4965732677165358
20
-1.9676994881889764
11
4.497851692913386
21
-1.9689779133858267
0
LINE
8
BLACK
6
CONTINUOUS
10
4.497851692913386
20
-1.9689779133858267
11
4.4980314960629917
21
-1.9698818897637795
0
LINE
8
BLACK
6
CONTINUOUS
10
4.4980314960629917
20
-1.9698818897637795
11
4.4980314960629917
21
-2.2037401574803148
0
LINE
8
BLACK
6
CONTINUOUS
10
4.4980314960629917
20
-2.2037401574803148
11
4.5594488188976374
21
-2.2037401574803148
0
LINE
8
BLACK
6
CONTINUOUS
10
4.5594488188976374
20
-2.2037401574803148
11
4.5594488188976374
21
-1.9698818897637795
0
LINE
8
BLACK
6
CONTINUOUS
10
4.5594488188976374
20
-1.9698818897637795
11
4.559628622047244
21
-1.9689779133858267
0
LINE
8
BLACK
6
CONTINUOUS
10
4.559628622047244
20
-1.9689779133858267
11
4.5609070472440942
21
-1.9676994881889764
0
LINE
8
BLACK
6
CONTINUOUS
10
4.5609070472440942
20
-1.9676994881889764
11
4.561811023622047
21
-1.9675196850393701
0
LINE
8
BLACK
6
CONTINUOUS
10
4.561811023622047
20
-1.9675196850393701
11
4.5956692913385826
21
-1.9675196850393701
0
LINE
8
BLACK
6
CONTINUOUS
10
4.5956692913385826
20
-1.9675196850393701
11
4.5965732677165354
21
-1.9676994881889764
0
LINE
8
BLACK
6
CONTINUOUS
10
4.5965732677165354
20
-1.9676994881889764
11
4.5978516929133857
21
-1.9689779133858267
0
LINE
8
BLACK
6
CONTINUOUS
10
4.5978516929133857
20
-1.9689779133858267
11
4.5980314960629922
21
-1.9698818897637795
0
LINE
8
BLACK
6
CONTINUOUS
10
4.5980314960629922
20
-1.9698818897637795
11
4.5980314960629922
21
-2.2037401574803148
0
LINE
8
BLACK
6
CONTINUOUS
10
4.5980314960629922
20
-2.2037401574803148
11
4.659448818897638
21
-2.2037401574803148
0
LINE
8
BLACK
6
CONTINUOUS
10
4.659448818897638
20
-2.2037401574803148
11
4.659448818897638
21
-1.9698818897637795
0
LINE
8
BLACK
6
CONTINUOUS
10
4.659448818897638
20
-1.9698818897637795
11
4.6596286220472436
21
-1.9689779133858267
0
LINE
8
BLACK
6
CONTINUOUS
10
4.6596286220472436
20
-1.9689779133858267
11
4.6609070472440948
21
-1.9676994881889764
0
LINE
8
BLACK
6
CONTINUOUS
10
4.6609070472440948
20
-1.9676994881889764
11
4.6618110236220476
21
-1.9675196850393701
0
LINE
8
BLACK
6
CONTINUOUS
10
4.6618110236220476
20
-1.9675196850393701
11
4.6956692913385822
21
-1.9675196850393701
0
LINE
8
BLACK
6
CONTINUOUS
10
4.6956692913385822
20
-1.9675196850393701
11
4.696573267716535
21
-1.9676994881889764
0
LINE
8
BLACK
6
CONTINUOUS
10
4.696573267716535
20
-1.9676994881889764
11
4.6978516929133853
21
-1.9689779133858267
0
LINE
8
BLACK
6
CONTINUOUS
10
4.6978516929133853
20
-1.9689779133858267
11
4.6980314960629919
21
-1.9698818897637795
0
LINE
8
BLACK
6
CONTINUOUS
10
4.6980314960629919
20
-1.9698818897637795
11
4.6980314960629919
21
-2.2037401574803148
0
LINE
8
BLACK
6
CONTINUOUS
10
4.6980314960629919
20
-2.2037401574803148
11
4.7330708661417322
21
-2.2037401574803148
0
LINE
8
BLACK
6
CONTINUOUS
10
4.7330708661417322
20
-2.2037401574803148
11
4.733974842519685
21
-2.2039199606299213
0
LINE
8
BLACK
6
CONTINUOUS
10
4.733974842519685
20
-2.2039199606299213
11
4.7352532677165353
21
-2.2051983858267716
0
LINE
8
BLACK
6
CONTINUOUS
10
4.7352532677165353
20
-2.2051983858267716
11
4.7354330708661418
21
-2.2061023622047244
0
LINE
8
BLACK
6
CONTINUOUS
10
4.7354330708661418
20
-2.2061023622047244
11
4.7354330708661418
21
-2.3147637795275591
0
LINE
8
BLACK
6
CONTINUOUS
10
4.7354330708661418
20
-2.3147637795275591
11
4.7352532677165353
21
-2.3156677559055119
0
LINE
8
BLACK
6
CONTINUOUS
10
4.7352532677165353
20
-2.3156677559055119
11
4.733974842519685
21
-2.3169461811023622
0
LINE
8
BLACK
6
CONTINUOUS
10
4.733974842519685
20
-2.3169461811023622
11
4.7330708661417322
21
-2.3171259842519683
0
LINE
8
BLACK
6
CONTINUOUS
10
4.7330708661417322
20
-2.3171259842519683
11
4.6980314960629919
21
-2.3171259842519683
0
LINE
8
BLACK
6
CONTINUOUS
10
4.6980314960629919
20
-2.3171259842519683
11
4.6980314960629919
21
-2.3270725196850393
0
LINE
8
BLACK
6
CONTINUOUS
10
4.6980314960629919
20
-2.3270725196850393
11
4.6978516929133853
21
-2.3279764960629921
0
LINE
8
BLACK
6
CONTINUOUS
10
4.6978516929133853
20
-2.3279764960629921
11
4.696573267716535
21
-2.3292549212598423
0
LINE
8
BLACK
6
CONTINUOUS
10
4.696573267716535
20
-2.3292549212598423
11
4.6947653149606294
21
-2.3292549212598423
0
LINE
8
BLACK
6
CONTINUOUS
10
4.6947653149606294
20
-2.3292549212598423
11
4.6934868897637791
21
-2.3279764960629921
0
LINE
8
BLACK
6
CONTINUOUS
10
4.6934868897637791
20
-2.3279764960629921
11
4.6933070866141735
21
-2.3270725196850393
0
LINE
8
BLACK
6
CONTINUOUS
10
4.6933070866141735
20
-2.3270725196850393
11
4.6933070866141735
21
-2.3171259842519683
0
LINE
8
BLACK
6
CONTINUOUS
10
4.6933070866141735
20
-2.3171259842519683
11
4.6641732283464563
21
-2.3171259842519683
0
LINE
8
BLACK
6
CONTINUOUS
10
4.6641732283464563
20
-2.3171259842519683
11
4.6641732283464563
21
-2.3270725196850393
0
LINE
8
BLACK
6
CONTINUOUS
10
4.6641732283464563
20
-2.3270725196850393
11
4.6639934251968507
21
-2.3279764960629921
0
LINE
8
BLACK
6
CONTINUOUS
10
4.6639934251968507
20
-2.3279764960629921
11
4.6627149999999995
21
-2.3292549212598423
0
LINE
8
BLACK
6
CONTINUOUS
10
4.6627149999999995
20
-2.3292549212598423
11
4.6609070472440948
21
-2.3292549212598423
0
LINE
8
BLACK
6
CONTINUOUS
10
4.6609070472440948
20
-2.3292549212598423
11
4.6596286220472436
21
-2.3279764960629921
0
LINE
8
BLACK
6
CONTINUOUS
10
4.6596286220472436
20
-2.3279764960629921
11
4.659448818897638
21
-2.3270725196850393
0
LINE
8
BLACK
6
CONTINUOUS
10
4.659448818897638
20
-2.3270725196850393
11
4.659448818897638
21
-2.3171259842519683
0
LINE
8
BLACK
6
CONTINUOUS
10
4.659448818897638
20
-2.3171259842519683
11
4.5980314960629922
21
-2.3171259842519683
0
LINE
8
BLACK
6
CONTINUOUS
10
4.5980314960629922
20
-2.3171259842519683
11
4.5980314960629922
21
-2.3270725196850393
0
LINE
8
BLACK
6
CONTINUOUS
10
4.5980314960629922
20
-2.3270725196850393
11
4.5978516929133857
21
-2.3279764960629921
0
LINE
8
BLACK
6
CONTINUOUS
10
4.5978516929133857
20
-2.3279764960629921
11
4.5965732677165354
21
-2.3292549212598423
0
LINE
8
BLACK
6
CONTINUOUS
10
4.5965732677165354
20
-2.3292549212598423
11
4.5947653149606298
21
-2.3292549212598423
0
LINE
8
BLACK
6
CONTINUOUS
10
4.5947653149606298
20
-2.3292549212598423
11
4.5934868897637795
21
-2.3279764960629921
0
LINE
8
BLACK
6
CONTINUOUS
10
4.5934868897637795
20
-2.3279764960629921
11
4.593307086614173
21
-2.3270725196850393
0
LINE
8
BLACK
6
CONTINUOUS
10
4.593307086614173
20
-2.3270725196850393
11
4.593307086614173
21
-2.3171259842519683
0
LINE
8
BLACK
6
CONTINUOUS
10
4.593307086614173
20
-2.3171259842519683
11
4.5641732283464567
21
-2.3171259842519683
0
LINE
8
BLACK
6
CONTINUOUS
10
4.5641732283464567
20
-2.3171259842519683
11
4.5641732283464567
21
-2.3270725196850393
0
LINE
8
BLACK
6
CONTINUOUS
10
4.5641732283464567
20
-2.3270725196850393
11
4.5639934251968501
21
-2.3279764960629921
0
LINE
8
BLACK
6
CONTINUOUS
10
4.5639934251968501
20
-2.3279764960629921
11
4.5627149999999999
21
-2.3292549212598423
0
LINE
8
BLACK
6
CONTINUOUS
10
4.5627149999999999
20
-2.3292549212598423
11
4.5609070472440942
21
-2.3292549212598423
0
LINE
8
BLACK
6
CONTINUOUS
10
4.5609070472440942
20
-2.3292549212598423
11
4.559628622047244
21
-2.3279764960629921
0
LINE
8
BLACK
6
CONTINUOUS
10
4.559628622047244
20
-2.3279764960629921
11
4.5594488188976374
21
-2.3270725196850393
0
LINE
8
BLACK
6
CONTINUOUS
10
4.5594488188976374
20
-2.3270725196850393
11
4.5594488188976374
21
-2.3171259842519683
0
LINE
8
BLACK
6
CONTINUOUS
10
4.5594488188976374
20
-2.3171259842519683
11
4.4980314960629917
21
-2.3171259842519683
0
LINE
8
BLACK
6
CONTINUOUS
10
4.4980314960629917
20
-2.3171259842519683
11
4.4980314960629917
21
-2.3238188976377954
0
LINE
8
BLACK
6
CONTINUOUS
10
4.4980314960629917
20
-2.3238188976377954
11
4.497851692913386
21
-2.3247228740157482
0
LINE
8
BLACK
6
CONTINUOUS
10
4.497851692913386
20
-2.3247228740157482
11
4.4965732677165358
21
-2.3260012992125985
0
LINE
8
BLACK
6
CONTINUOUS
10
4.4965732677165358
20
-2.3260012992125985
11
4.4947653149606301
21
-2.3260012992125985
0
LINE
8
BLACK
6
CONTINUOUS
10
4.4947653149606301
20
-2.3260012992125985
11
4.4934868897637799
21
-2.3247228740157482
0
LINE
8
BLACK
6
CONTINUOUS
10
4.4934868897637799
20
-2.3247228740157482
11
4.4933070866141733
21
-2.3238188976377954
0
LINE
8
BLACK
6
CONTINUOUS
10
4.4933070866141733
20
-2.3238188976377954
11
4.4933070866141733
21
-2.3171259842519683
0
LINE
8
BLACK
6
CONTINUOUS
10
4.4933070866141733
20
-2.3171259842519683
11
4.464173228346457
21
-2.3171259842519683
0
LINE
8
BLACK
6
CONTINUOUS
10
4.464173228346457
20
-2.3171259842519683
11
4.464173228346457
21
-2.3238188976377954
0
LINE
8
BLACK
6
CONTINUOUS
10
4.464173228346457
20
-2.3238188976377954
11
4.4639934251968505
21
-2.3247228740157482
0
LINE
8
BLACK
6
CONTINUOUS
10
4.4639934251968505
20
-2.3247228740157482
11
4.4627150000000002
21
-2.3260012992125985
0
LINE
8
BLACK
6
CONTINUOUS
10
4.4627150000000002
20
-2.3260012992125985
11
4.4609070472440946
21
-2.3260012992125985
0
LINE
8
BLACK
6
CONTINUOUS
10
4.4609070472440946
20
-2.3260012992125985
11
4.4596286220472443
21
-2.3247228740157482
0
LINE
8
BLACK
6
CONTINUOUS
10
4.4596286220472443
20
-2.3247228740157482
11
4.4594488188976378
21
-2.3238188976377954
0
LINE
8
BLACK
6
CONTINUOUS
10
4.4594488188976378
20
-2.3238188976377954
11
4.4594488188976378
21
-2.3171259842519683
0
LINE
8
BLACK
6
CONTINUOUS
10
4.4594488188976378
20
-2.3171259842519683
11
4.4244094488188974
21
-2.3171259842519683
0
LINE
8
BLACK
6
CONTINUOUS
10
4.4244094488188974
20
-2.3171259842519683
11
4.4235054724409446
21
-2.3169461811023622
0
LINE
8
BLACK
6
CONTINUOUS
10
4.4235054724409446
20
-2.3169461811023622
11
4.4222270472440943
21
-2.3156677559055119
0
LINE
8
BLACK
6
CONTINUOUS
10
4.4222270472440943
20
-2.3156677559055119
11
4.4220472440944878
21
-2.3147637795275591
0
LINE
8
BLACK
6
CONTINUOUS
10
4.4220472440944878
20
-2.3147637795275591
11
4.4220472440944878
21
-2.2061023622047244
0
LINE
8
BLACK
6
CONTINUOUS
10
4.4220472440944878
20
-2.2061023622047244
11
4.4222270472440943
21
-2.2051983858267716
0
LINE
8
BLACK
6
CONTINUOUS
10
4.4222270472440943
20
-2.2051983858267716
11
4.4235054724409446
21
-2.2039199606299213
0
LINE
8
BLACK
6
CONTINUOUS
10
4.4235054724409446
20
-2.2039199606299213
11
4.4244094488188974
21
-2.2037401574803148
0
LINE
8
BLACK
6
CONTINUOUS
10
4.4244094488188974
20
-2.2037401574803148
11
4.4594488188976378
21
-2.2037401574803148
0
LINE
8
BLACK
6
CONTINUOUS
10
4.4594488188976378
20
-2.2037401574803148
11
4.4594488188976378
21
-1.9698818897637795
0
LINE
8
BLACK
6
CONTINUOUS
10
4.4594488188976378
20
-1.9698818897637795
11
4.4596286220472443
21
-1.9689779133858267
0
LINE
8
BLACK
6
CONTINUOUS
10
4.4596286220472443
20
-1.9689779133858267
11
4.4609070472440946
21
-1.9676994881889764
0
LINE
8
BLACK
6
CONTINUOUS
10
4.4609070472440946
20
-1.9676994881889764
11
4.4618110236220474
21
-1.9675196850393701
0
LINE
8
BLACK
6
CONTINUOUS
10
4.4618110236220474
20
-1.9675196850393701
11
4.495669291338583
21
-1.9675196850393701
0
LINE
8
BLACK
6
CONTINUOUS
10
4.495669291338583
20
-1.9675196850393701
11
4.4965732677165358
21
-1.9676994881889764
0
LINE
8
BLACK
6
CONTINUOUS
10
4.495669291338583
20
-2.2084645669291336
11
4.4618110236220474
21
-2.2084645669291336
0
LINE
8
BLACK
6
CONTINUOUS
10
4.4618110236220474
20
-2.2084645669291336
11
4.426771653543307
21
-2.2084645669291336
0
LINE
8
BLACK
6
CONTINUOUS
10
4.426771653543307
20
-2.2084645669291336
11
4.426771653543307
21
-2.3124015748031495
0
LINE
8
BLACK
6
CONTINUOUS
10
4.426771653543307
20
-2.3124015748031495
11
4.5263779527559054
21
-2.3124015748031495
0
LINE
8
BLACK
6
CONTINUOUS
10
4.5263779527559054
20
-2.3124015748031495
11
4.5263779527559054
21
-2.2084645669291336
0
LINE
8
BLACK
6
CONTINUOUS
10
4.5263779527559054
20
-2.2084645669291336
11
4.495669291338583
21
-2.2084645669291336
0
LINE
8
BLACK
6
CONTINUOUS
10
4.5311023622047246
20
-2.2084645669291336
11
4.5311023622047246
21
-2.3124015748031495
0
LINE
8
BLACK
6
CONTINUOUS
10
4.5311023622047246
20
-2.3124015748031495
11
4.626377952755905
21
-2.3124015748031495
0
LINE
8
BLACK
6
CONTINUOUS
10
4.626377952755905
20
-2.3124015748031495
11
4.626377952755905
21
-2.2084645669291336
0
LINE
8
BLACK
6
CONTINUOUS
10
4.626377952755905
20
-2.2084645669291336
11
4.5311023622047246
21
-2.2084645669291336
0
LINE
8
BLACK
6
CONTINUOUS
10
4.6311023622047243
20
-2.2084645669291336
11
4.6311023622047243
21
-2.3124015748031495
0
LINE
8
BLACK
6
CONTINUOUS
10
4.6311023622047243
20
-2.3124015748031495
11
4.7307086614173226
21
-2.3124015748031495
0
LINE
8
BLACK
6
CONTINUOUS
10
4.7307086614173226
20
-2.3124015748031495
11
4.7307086614173226
21
-2.2084645669291336
0
LINE
8
BLACK
6
CONTINUOUS
10
4.7307086614173226
20
-2.2084645669291336
11
4.6311023622047243
21
-2.2084645669291336
0
LINE
8
BLACK
6
CONTINUOUS
10
4.5641732283464567
20
-1.9722440944881889
11
4.5641732283464567
21
-2.2037401574803148
0
LINE
8
BLACK
6
CONTINUOUS
10
4.5641732283464567
20
-2.2037401574803148
11
4.593307086614173
21
-2.2037401574803148
0
LINE
8
BLACK
6
CONTINUOUS
10
4.593307086614173
20
-2.2037401574803148
11
4.593307086614173
21
-1.9722440944881889
0
LINE
8
BLACK
6
CONTINUOUS
10
4.593307086614173
20
-1.9722440944881889
11
4.5641732283464567
21
-1.9722440944881889
0
LINE
8
BLACK
6
CONTINUOUS
10
4.6641732283464563
20
-1.9722440944881889
11
4.6641732283464563
21
-2.2037401574803148
0
LINE
8
BLACK
6
CONTINUOUS
10
4.6641732283464563
20
-2.2037401574803148
11
4.6933070866141735
21
-2.2037401574803148
0
LINE
8
BLACK
6
CONTINUOUS
10
4.6933070866141735
20
-2.2037401574803148
11
4.6933070866141735
21
-1.9722440944881889
0
LINE
8
BLACK
6
CONTINUOUS
10
4.6933070866141735
20
-1.9722440944881889
11
4.6641732283464563
21
-1.9722440944881889
0
LINE
8
BLACK
6
CONTINUOUS
10
4.3963192519685039
20
-2.2070496850393702
11
4.3963970078740156
21
-2.2070441732283466
0
LINE
8
BLACK
6
CONTINUOUS
10
4.3963970078740156
20
-2.2070441732283466
11
4.3964992519685042
21
-2.2070674015748031
0
LINE
8
BLACK
6
CONTINUOUS
10
4.3964992519685042
20
-2.2070674015748031
11
4.3966037795275588
21
-2.2070777165354332
0
LINE
8
BLACK
6
CONTINUOUS
10
4.3966037795275588
20
-2.2070777165354332
11
4.3966758661417318
21
-2.2071075590551179
0
LINE
8
BLACK
6
CONTINUOUS
10
4.3966758661417318
20
-2.2071075590551179
11
4.3969614566929129
21
-2.2071725196850394
0
LINE
8
BLACK
6
CONTINUOUS
10
4.3969614566929129
20
-2.2071725196850394
11
4.4025857480314956
21
-2.2090472834645669
0
LINE
8
BLACK
6
CONTINUOUS
10
4.4025857480314956
20
-2.2090472834645669
11
4.403114291338583
21
-2.2092832677165353
0
LINE
8
BLACK
6
CONTINUOUS
10
4.403114291338583
20
-2.2092832677165353
11
4.4031943700787401
21
-2.2093527165354332
0
LINE
8
BLACK
6
CONTINUOUS
10
4.4031943700787401
20
-2.2093527165354332
11
4.4032924409448819
21
-2.2093933464566931
0
LINE
8
BLACK
6
CONTINUOUS
10
4.4032924409448819
20
-2.2093933464566931
11
4.4037399212598425
21
-2.209760590551181
0
LINE
8
BLACK
6
CONTINUOUS
10
4.4037399212598425
20
-2.209760590551181
11
4.4074894881889763
21
-2.2135101181102361
0
LINE
8
BLACK
6
CONTINUOUS
10
4.4074894881889763
20
-2.2135101181102361
11
4.4078567322834648
21
-2.2139575590551179
0
LINE
8
BLACK
6
CONTINUOUS
10
4.4078567322834648
20
-2.2139575590551179
11
4.4078973228346454
21
-2.214055590551181
0
LINE
8
BLACK
6
CONTINUOUS
10
4.4078973228346454
20
-2.214055590551181
11
4.4079668110236216
21
-2.2141357086614173
0
LINE
8
BLACK
6
CONTINUOUS
10
4.4079668110236216
20
-2.2141357086614173
11
4.4082027952755904
21
-2.2146642913385826
0
LINE
8
BLACK
6
CONTINUOUS
10
4.4082027952755904
20
-2.2146642913385826
11
4.410077559055118
21
-2.2202885433070865
0
LINE
8
BLACK
6
CONTINUOUS
10
4.410077559055118
20
-2.2202885433070865
11
4.4101424803149607
21
-2.2205741732283464
0
LINE
8
BLACK
6
CONTINUOUS
10
4.4101424803149607
20
-2.2205741732283464
11
4.4101723622047242
21
-2.2206462598425198
0
LINE
8
BLACK
6
CONTINUOUS
10
4.4101723622047242
20
-2.2206462598425198
11
4.4101826377952751
21
-2.2207507086614173
0
LINE
8
BLACK
6
CONTINUOUS
10
4.4101826377952751
20
-2.2207507086614173
11
4.4102059055118108
21
-2.2208529921259843
0
LINE
8
BLACK
6
CONTINUOUS
10
4.4102059055118108
20
-2.2208529921259843
11
4.4102003543307084
21
-2.2209307086614172
0
LINE
8
BLACK
6
CONTINUOUS
10
4.4102003543307084
20
-2.2209307086614172
11
4.410229094488189
21
-2.2212223228346457
0
LINE
8
BLACK
6
CONTINUOUS
10
4.410229094488189
20
-2.2212223228346457
11
4.410229094488189
21
-2.2249718503937008
0
LINE
8
BLACK
6
CONTINUOUS
10
4.410229094488189
20
-2.2249718503937008
11
4.4101723622047242
21
-2.2255479133858267
0
LINE
8
BLACK
6
CONTINUOUS
10
4.4101723622047242
20
-2.2255479133858267
11
4.4097314566929136
21
-2.2266123228346455
0
LINE
8
BLACK
6
CONTINUOUS
10
4.4097314566929136
20
-2.2266123228346455
11
4.4089168110236221
21
-2.227426968503937
0
LINE
8
BLACK
6
CONTINUOUS
10
4.4089168110236221
20
-2.227426968503937
11
4.4078524015748028
21
-2.227867874015748
0
LINE
8
BLACK
6
CONTINUOUS
10
4.4078524015748028
20
-2.227867874015748
11
4.4067002755905511
21
-2.227867874015748
0
LINE
8
BLACK
6
CONTINUOUS
10
4.4067002755905511
20
-2.227867874015748
11
4.4056358661417319
21
-2.227426968503937
0
LINE
8
BLACK
6
CONTINUOUS
10
4.4056358661417319
20
-2.227426968503937
11
4.4048212204724404
21
-2.2266123228346455
0
LINE
8
BLACK
6
CONTINUOUS
10
4.4048212204724404
20
-2.2266123228346455
11
4.4043803149606298
21
-2.2255479133858267
0
LINE
8
BLACK
6
CONTINUOUS
10
4.4043803149606298
20
-2.2255479133858267
11
4.4043235826771649
21
-2.2249718503937008
0
LINE
8
BLACK
6
CONTINUOUS
10
4.4043235826771649
20
-2.2249718503937008
11
4.4043235826771649
21
-2.2217014566929132
0
LINE
8
BLACK
6
CONTINUOUS
10
4.4043235826771649
20
-2.2217014566929132
11
4.4028207874015743
21
-2.2171930708661418
0
LINE
8
BLACK
6
CONTINUOUS
10
4.4028207874015743
20
-2.2171930708661418
11
4.4000569685039368
21
-2.2144292913385826
0
LINE
8
BLACK
6
CONTINUOUS
10
4.4000569685039368
20
-2.2144292913385826
11
4.395548582677165
21
-2.212926496062992
0
LINE
8
BLACK
6
CONTINUOUS
10
4.395548582677165
20
-2.212926496062992
11
4.3679062598425196
21
-2.212926496062992
0
LINE
8
BLACK
6
CONTINUOUS
10
4.3679062598425196
20
-2.212926496062992
11
4.3673301968503937
21
-2.2128697637795276
0
LINE
8
BLACK
6
CONTINUOUS
10
4.3673301968503937
20
-2.2128697637795276
11
4.3662657874015744
21
-2.2124288582677165
0
LINE
8
BLACK
6
CONTINUOUS
10
4.3662657874015744
20
-2.2124288582677165
11
4.365451141732283
21
-2.2116142125984251
0
LINE
8
BLACK
6
CONTINUOUS
10
4.365451141732283
20
-2.2116142125984251
11
4.3650102362204724
21
-2.2105498031496063
0
LINE
8
BLACK
6
CONTINUOUS
10
4.3650102362204724
20
-2.2105498031496063
11
4.3650102362204724
21
-2.2093976771653541
0
LINE
8
BLACK
6
CONTINUOUS
10
4.3650102362204724
20
-2.2093976771653541
11
4.365451141732283
21
-2.2083332677165353
0
LINE
8
BLACK
6
CONTINUOUS
10
4.365451141732283
20
-2.2083332677165353
11
4.3662657874015744
21
-2.2075186220472442
0
LINE
8
BLACK
6
CONTINUOUS
10
4.3662657874015744
20
-2.2075186220472442
11
4.3673301968503937
21
-2.2070777165354332
0
LINE
8
BLACK
6
CONTINUOUS
10
4.3673301968503937
20
-2.2070777165354332
11
4.3679062598425196
21
-2.2070209842519684
0
LINE
8
BLACK
6
CONTINUOUS
10
4.3679062598425196
20
-2.2070209842519684
11
4.3960277165354329
21
-2.2070209842519684
0
LINE
8
BLACK
6
CONTINUOUS
10
4.3960277165354329
20
-2.2070209842519684
11
4.3963192519685039
21
-2.2070496850393702
0
LINE
8
BLACK
6
CONTINUOUS
10
5.1304275590551178
20
-2.1668616141732282
11
5.1305774015748034
21
-2.1676149212598426
0
LINE
8
BLACK
6
CONTINUOUS
10
5.1305774015748034
20
-2.1676149212598426
11
5.1305774015748034
21
-2.1957363779527559
0
LINE
8
BLACK
6
CONTINUOUS
10
5.1305774015748034
20
-2.1957363779527559
11
5.1305158267716537
21
-2.1960458661417324
0
LINE
8
BLACK
6
CONTINUOUS
10
5.1305158267716537
20
-2.1960458661417324
11
5.130476377952756
21
-2.1963588976377952
0
LINE
8
BLACK
6
CONTINUOUS
10
5.130476377952756
20
-2.1963588976377952
11
5.1286016141732285
21
-2.2019831496062992
0
LINE
8
BLACK
6
CONTINUOUS
10
5.1286016141732285
20
-2.2019831496062992
11
5.1285527952755903
21
-2.2020687795275591
0
LINE
8
BLACK
6
CONTINUOUS
10
5.1285527952755903
20
-2.2020687795275591
11
5.1285527952755903
21
-2.2021139763779529
0
LINE
8
BLACK
6
CONTINUOUS
10
5.1285527952755903
20
-2.2021139763779529
11
5.1283774409448819
21
-2.2023763779527559
0
LINE
8
BLACK
6
CONTINUOUS
10
5.1283774409448819
20
-2.2023763779527559
11
5.1282212598425199
21
-2.2026504330708661
0
LINE
8
BLACK
6
CONTINUOUS
10
5.1282212598425199
20
-2.2026504330708661
11
5.1281808661417321
21
-2.2026705905511812
0
LINE
8
BLACK
6
CONTINUOUS
10
5.1281808661417321
20
-2.2026705905511812
11
5.1281261023622049
21
-2.2027525984251968
0
LINE
8
BLACK
6
CONTINUOUS
10
5.1281261023622049
20
-2.2027525984251968
11
5.1243765748031498
21
-2.2065021653543306
0
LINE
8
BLACK
6
CONTINUOUS
10
5.1243765748031498
20
-2.2065021653543306
11
5.1242944881889763
21
-2.206556968503937
0
LINE
8
BLACK
6
CONTINUOUS
10
5.1242944881889763
20
-2.206556968503937
11
5.1242743307086611
21
-2.2065973622047244
0
LINE
8
BLACK
6
CONTINUOUS
10
5.1242743307086611
20
-2.2065973622047244
11
5.1240005511811022
21
-2.2067533858267714
0
LINE
8
BLACK
6
CONTINUOUS
10
5.1240005511811022
20
-2.2067533858267714
11
5.1237379527559055
21
-2.2069288976377952
0
LINE
8
BLACK
6
CONTINUOUS
10
5.1237379527559055
20
-2.2069288976377952
11
5.1236927165354329
21
-2.2069288976377952
0
LINE
8
BLACK
6
CONTINUOUS
10
5.1236927165354329
20
-2.2069288976377952
11
5.1236070866141734
21
-2.206977716535433
0
LINE
8
BLACK
6
CONTINUOUS
10
5.1236070866141734
20
-2.206977716535433
11
5.1179827952755907
21
-2.2088524803149605
0
LINE
8
BLACK
6
CONTINUOUS
10
5.1179827952755907
20
-2.2088524803149605
11
5.1176698425196845
21
-2.2088919291338582
0
LINE
8
BLACK
6
CONTINUOUS
10
5.1176698425196845
20
-2.2088919291338582
11
5.1173603149606297
21
-2.2089535039370078
0
LINE
8
BLACK
6
CONTINUOUS
10
5.1173603149606297
20
-2.2089535039370078
11
5.1136107874015746
21
-2.2089535039370078
0
LINE
8
BLACK
6
CONTINUOUS
10
5.1136107874015746
20
-2.2089535039370078
11
5.1128574803149602
21
-2.2088036614173228
0
LINE
8
BLACK
6
CONTINUOUS
10
5.1128574803149602
20
-2.2088036614173228
11
5.1117921259842518
21
-2.2077383070866143
0
LINE
8
BLACK
6
CONTINUOUS
10
5.1117921259842518
20
-2.2077383070866143
11
5.1117921259842518
21
-2.2062316929133856
0
LINE
8
BLACK
6
CONTINUOUS
10
5.1117921259842518
20
-2.2062316929133856
11
5.1128574803149602
21
-2.2051663385826772
0
LINE
8
BLACK
6
CONTINUOUS
10
5.1128574803149602
20
-2.2051663385826772
11
5.1136107874015746
21
-2.2050164960629921
0
LINE
8
BLACK
6
CONTINUOUS
10
5.1136107874015746
20
-2.2050164960629921
11
5.1170409055118107
21
-2.2050164960629921
0
LINE
8
BLACK
6
CONTINUOUS
10
5.1170409055118107
20
-2.2050164960629921
11
5.1219212204724407
21
-2.2033896850393702
0
LINE
8
BLACK
6
CONTINUOUS
10
5.1219212204724407
20
-2.2033896850393702
11
5.1250135826771652
21
-2.2002973228346456
0
LINE
8
BLACK
6
CONTINUOUS
10
5.1250135826771652
20
-2.2002973228346456
11
5.1266403937007876
21
-2.1954169685039369
0
LINE
8
BLACK
6
CONTINUOUS
10
5.1266403937007876
20
-2.1954169685039369
11
5.1266403937007876
21
-2.1676149212598426
0
LINE
8
BLACK
6
CONTINUOUS
10
5.1266403937007876
20
-2.1676149212598426
11
5.1267902362204723
21
-2.1668616141732282
0
LINE
8
BLACK
6
CONTINUOUS
10
5.1267902362204723
20
-2.1668616141732282
11
5.1278555905511807
21
-2.1657962598425198
0
LINE
8
BLACK
6
CONTINUOUS
10
5.1278555905511807
20
-2.1657962598425198
11
5.1293622047244094
21
-2.1657962598425198
0
LINE
8
BLACK
6
CONTINUOUS
10
5.1293622047244094
20
-2.1657962598425198
11
5.1304275590551178
21
-2.1668616141732282
0
LINE
8
BLACK
6
CONTINUOUS
10
5.1685280314960629
20
-2.1657556299212599
11
5.1686096456692914
21
-2.1657501968503938
0
LINE
8
BLACK
6
CONTINUOUS
10
5.1686096456692914
20
-2.1657501968503938
11
5.1686416929133854
21
-2.1657782283464568
0
LINE
8
BLACK
6
CONTINUOUS
10
5.1686416929133854
20
-2.1657782283464568
11
5.1687322834645668
21
-2.1657962598425198
0
LINE
8
BLACK
6
CONTINUOUS
10
5.1687322834645668
20
-2.1657962598425198
11
5.1692220472440944
21
-2.1662860236220474
0
LINE
8
BLACK
6
CONTINUOUS
10
5.1692220472440944
20
-2.1662860236220474
11
5.1697435039370081
21
-2.1667422834645671
0
LINE
8
BLACK
6
CONTINUOUS
10
5.1697435039370081
20
-2.1667422834645671
11
5.1697481496062991
21
-2.1668121259842521
0
LINE
8
BLACK
6
CONTINUOUS
10
5.1697481496062991
20
-2.1668121259842521
11
5.1697976377952752
21
-2.1668616141732282
0
LINE
8
BLACK
6
CONTINUOUS
10
5.1697976377952752
20
-2.1668616141732282
11
5.1697976377952752
21
-2.1675544488188976
0
LINE
8
BLACK
6
CONTINUOUS
10
5.1697976377952752
20
-2.1675544488188976
11
5.1698437007874016
21
-2.168245590551181
0
LINE
8
BLACK
6
CONTINUOUS
10
5.1698437007874016
20
-2.168245590551181
11
5.1697976377952752
21
-2.1683255511811024
0
LINE
8
BLACK
6
CONTINUOUS
10
5.1697976377952752
20
-2.1683255511811024
11
5.1697976377952752
21
-2.1683682283464565
0
LINE
8
BLACK
6
CONTINUOUS
10
5.1697976377952752
20
-2.1683682283464565
11
5.1697397244094487
21
-2.1684261023622047
0
LINE
8
BLACK
6
CONTINUOUS
10
5.1697397244094487
20
-2.1684261023622047
11
5.1694604330708662
21
-2.168911181102362
0
LINE
8
BLACK
6
CONTINUOUS
10
5.1694604330708662
20
-2.168911181102362
11
5.1591937401574803
21
-2.1806445275590551
0
LINE
8
BLACK
6
CONTINUOUS
10
5.1591937401574803
20
-2.1806445275590551
11
5.1604799212598422
21
-2.1806445275590551
0
LINE
8
BLACK
6
CONTINUOUS
10
5.1604799212598422
20
-2.1806445275590551
11
5.1605766141732285
21
-2.1806637401574802
0
LINE
8
BLACK
6
CONTINUOUS
10
5.1605766141732285
20
-2.1806637401574802
11
5.160619488188976
21
-2.1806494881889762
0
LINE
8
BLACK
6
CONTINUOUS
10
5.160619488188976
20
-2.1806494881889762
11
5.1609237007874018
21
-2.1807327952755906
0
LINE
8
BLACK
6
CONTINUOUS
10
5.1609237007874018
20
-2.1807327952755906
11
5.1612332283464566
21
-2.1807943700787402
0
LINE
8
BLACK
6
CONTINUOUS
10
5.1612332283464566
20
-2.1807943700787402
11
5.1612651574803152
21
-2.1808262992125984
0
LINE
8
BLACK
6
CONTINUOUS
10
5.1612651574803152
20
-2.1808262992125984
11
5.1613602755905514
21
-2.1808523622047242
0
LINE
8
BLACK
6
CONTINUOUS
10
5.1613602755905514
20
-2.1808523622047242
11
5.1651097637795278
21
-2.182727086614173
0
LINE
8
BLACK
6
CONTINUOUS
10
5.1651097637795278
20
-2.182727086614173
11
5.1653590944881884
21
-2.182920590551181
0
LINE
8
BLACK
6
CONTINUOUS
10
5.1653590944881884
20
-2.182920590551181
11
5.165621377952756
21
-2.1830958661417323
0
LINE
8
BLACK
6
CONTINUOUS
10
5.165621377952756
20
-2.1830958661417323
11
5.1674961417322836
21
-2.1849705905511811
0
LINE
8
BLACK
6
CONTINUOUS
10
5.1674961417322836
20
-2.1849705905511811
11
5.1676714960629919
21
-2.1852330314960628
0
LINE
8
BLACK
6
CONTINUOUS
10
5.1676714960629919
20
-2.1852330314960628
11
5.1678648818897637
21
-2.1854822047244093
0
LINE
8
BLACK
6
CONTINUOUS
10
5.1678648818897637
20
-2.1854822047244093
11
5.1697396456692912
21
-2.1892317322834645
0
LINE
8
BLACK
6
CONTINUOUS
10
5.1697396456692912
20
-2.1892317322834645
11
5.1697656692913387
21
-2.1893268110236219
0
LINE
8
BLACK
6
CONTINUOUS
10
5.1697656692913387
20
-2.1893268110236219
11
5.1697976377952752
21
-2.1893587795275589
0
LINE
8
BLACK
6
CONTINUOUS
10
5.1697976377952752
20
-2.1893587795275589
11
5.1698591732283461
21
-2.1896682677165353
0
LINE
8
BLACK
6
CONTINUOUS
10
5.1698591732283461
20
-2.1896682677165353
11
5.1699425196850388
21
-2.1899725196850395
0
LINE
8
BLACK
6
CONTINUOUS
10
5.1699425196850388
20
-2.1899725196850395
11
5.1699282283464569
21
-2.1900153543307086
0
LINE
8
BLACK
6
CONTINUOUS
10
5.1699282283464569
20
-2.1900153543307086
11
5.1699474803149608
21
-2.1901120866141732
0
LINE
8
BLACK
6
CONTINUOUS
10
5.1699474803149608
20
-2.1901120866141732
11
5.1699474803149608
21
-2.199485905511811
0
LINE
8
BLACK
6
CONTINUOUS
10
5.1699474803149608
20
-2.199485905511811
11
5.1699282283464569
21
-2.1995825984251969
0
LINE
8
BLACK
6
CONTINUOUS
10
5.1699282283464569
20
-2.1995825984251969
11
5.1699425196850388
21
-2.1996254724409448
0
LINE
8
BLACK
6
CONTINUOUS
10
5.1699425196850388
20
-2.1996254724409448
11
5.1698591732283461
21
-2.1999296850393701
0
LINE
8
BLACK
6
CONTINUOUS
10
5.1698591732283461
20
-2.1999296850393701
11
5.1697976377952752
21
-2.2002392125984254
0
LINE
8
BLACK
6
CONTINUOUS
10
5.1697976377952752
20
-2.2002392125984254
11
5.1697656692913387
21
-2.2002711417322836
0
LINE
8
BLACK
6
CONTINUOUS
10
5.1697656692913387
20
-2.2002711417322836
11
5.1697396456692912
21
-2.2003662598425198
0
LINE
8
BLACK
6
CONTINUOUS
10
5.1697396456692912
20
-2.2003662598425198
11
5.1678648818897637
21
-2.2041157874015749
0
LINE
8
BLACK
6
CONTINUOUS
10
5.1678648818897637
20
-2.2041157874015749
11
5.1676714960629919
21
-2.2043649212598426
0
LINE
8
BLACK
6
CONTINUOUS
10
5.1676714960629919
20
-2.2043649212598426
11
5.1674961811023623
21
-2.2046273622047243
0
LINE
8
BLACK
6
CONTINUOUS
10
5.1674961811023623
20
-2.2046273622047243
11
5.1656214173228348
21
-2.2065021653543306
0
LINE
8
BLACK
6
CONTINUOUS
10
5.1656214173228348
20
-2.2065021653543306
11
5.1653588582677168
21
-2.206677598425197
0
LINE
8
BLACK
6
CONTINUOUS
10
5.1653588582677168
20
-2.206677598425197
11
5.1651097637795278
21
-2.2068709448818895
0
LINE
8
BLACK
6
CONTINUOUS
10
5.1651097637795278
20
-2.2068709448818895
11
5.1613602755905514
21
-2.2087456692913388
0
LINE
8
BLACK
6
CONTINUOUS
10
5.1613602755905514
20
-2.2087456692913388
11
5.1612651574803152
21
-2.2087716929133858
0
LINE
8
BLACK
6
CONTINUOUS
10
5.1612651574803152
20
-2.2087716929133858
11
5.1612332283464566
21
-2.2088036614173228
0
LINE
8
BLACK
6
CONTINUOUS
10
5.1612332283464566
20
-2.2088036614173228
11
5.1609237007874018
21
-2.2088651968503936
0
LINE
8
BLACK
6
CONTINUOUS
10
5.1609237007874018
20
-2.2088651968503936
11
5.160619488188976
21
-2.2089485433070863
0
LINE
8
BLACK
6
CONTINUOUS
10
5.160619488188976
20
-2.2089485433070863
11
5.1605766141732285
21
-2.208934251968504
0
LINE
8
BLACK
6
CONTINUOUS
10
5.1605766141732285
20
-2.208934251968504
11
5.1604799212598422
21
-2.2089535039370078
0
LINE
8
BLACK
6
CONTINUOUS
10
5.1604799212598422
20
-2.2089535039370078
11
5.1492313385826769
21
-2.2089535039370078
0
LINE
8
BLACK
6
CONTINUOUS
10
5.1492313385826769
20
-2.2089535039370078
11
5.1491346062992127
21
-2.208934251968504
0
LINE
8
BLACK
6
CONTINUOUS
10
5.1491346062992127
20
-2.208934251968504
11
5.1490917716535431
21
-2.2089485433070863
0
LINE
8
BLACK
6
CONTINUOUS
10
5.1490917716535431
20
-2.2089485433070863
11
5.1487875196850394
21
-2.2088651968503936
0
LINE
8
BLACK
6
CONTINUOUS
10
5.1487875196850394
20
-2.2088651968503936
11
5.1484780314960625
21
-2.2088036614173228
0
LINE
8
BLACK
6
CONTINUOUS
10
5.1484780314960625
20
-2.2088036614173228
11
5.148446062992126
21
-2.2087716929133858
0
LINE
8
BLACK
6
CONTINUOUS
10
5.148446062992126
20
-2.2087716929133858
11
5.1483509842519686
21
-2.2087456692913388
0
LINE
8
BLACK
6
CONTINUOUS
10
5.1483509842519686
20
-2.2087456692913388
11
5.1446014566929135
21
-2.2068709055118108
0
LINE
8
BLACK
6
CONTINUOUS
10
5.1446014566929135
20
-2.2068709055118108
11
5.144352283464567
21
-2.2066775196850394
0
LINE
8
BLACK
6
CONTINUOUS
10
5.144352283464567
20
-2.2066775196850394
11
5.1440898425196853
21
-2.2065021653543306
0
LINE
8
BLACK
6
CONTINUOUS
10
5.1440898425196853
20
-2.2065021653543306
11
5.1422150787401577
21
-2.2046273622047243
0
LINE
8
BLACK
6
CONTINUOUS
10
5.1422150787401577
20
-2.2046273622047243
11
5.1417883858267714
21
-2.2039887401574805
0
LINE
8
BLACK
6
CONTINUOUS
10
5.1417883858267714
20
-2.2039887401574805
11
5.1417883858267714
21
-2.202482086614173
0
LINE
8
BLACK
6
CONTINUOUS
10
5.1417883858267714
20
-2.202482086614173
11
5.1428537401574799
21
-2.2014167716535433
0
LINE
8
BLACK
6
CONTINUOUS
10
5.1428537401574799
20
-2.2014167716535433
11
5.1443603937007873
21
-2.2014167716535433
0
LINE
8
BLACK
6
CONTINUOUS
10
5.1443603937007873
20
-2.2014167716535433
11
5.1449990157480316
21
-2.2018435039370079
0
LINE
8
BLACK
6
CONTINUOUS
10
5.1449990157480316
20
-2.2018435039370079
11
5.1466479133858263
21
-2.2034924409448817
0
LINE
8
BLACK
6
CONTINUOUS
10
5.1466479133858263
20
-2.2034924409448817
11
5.1496960629921258
21
-2.2050164960629921
0
LINE
8
BLACK
6
CONTINUOUS
10
5.1496960629921258
20
-2.2050164960629921
11
5.1600152362204721
21
-2.2050164960629921
0
LINE
8
BLACK
6
CONTINUOUS
10
5.1600152362204721
20
-2.2050164960629921
11
5.1630633070866141
21
-2.2034924409448817
0
LINE
8
BLACK
6
CONTINUOUS
10
5.1630633070866141
20
-2.2034924409448817
11
5.1644863779527554
21
-2.2020693307086612
0
LINE
8
BLACK
6
CONTINUOUS
10
5.1644863779527554
20
-2.2020693307086612
11
5.166010472440945
21
-2.1990211811023621
0
LINE
8
BLACK
6
CONTINUOUS
10
5.166010472440945
20
-2.1990211811023621
11
5.166010472440945
21
-2.1905767716535434
0
LINE
8
BLACK
6
CONTINUOUS
10
5.166010472440945
20
-2.1905767716535434
11
5.1644863779527554
21
-2.1875286220472439
0
LINE
8
BLACK
6
CONTINUOUS
10
5.1644863779527554
20
-2.1875286220472439
11
5.1630633858267716
21
-2.1861055905511813
0
LINE
8
BLACK
6
CONTINUOUS
10
5.1630633858267716
20
-2.1861055905511813
11
5.1600152362204721
21
-2.1845815354330709
0
LINE
8
BLACK
6
CONTINUOUS
10
5.1600152362204721
20
-2.1845815354330709
11
5.1548556299212596
21
-2.1845815354330709
0
LINE
8
BLACK
6
CONTINUOUS
10
5.1548556299212596
20
-2.1845815354330709
11
5.1543065354330704
21
-2.1844722834645669
0
LINE
8
BLACK
6
CONTINUOUS
10
5.1543065354330704
20
-2.1844722834645669
11
5.1542249606299215
21
-2.1844777559055117
0
LINE
8
BLACK
6
CONTINUOUS
10
5.1542249606299215
20
-2.1844777559055117
11
5.1541928740157479
21
-2.18444968503937
0
LINE
8
BLACK
6
CONTINUOUS
10
5.1541928740157479
20
-2.18444968503937
11
5.1541023228346452
21
-2.1844316929133858
0
LINE
8
BLACK
6
CONTINUOUS
10
5.1541023228346452
20
-2.1844316929133858
11
5.1536125196850389
21
-2.1839418897637795
0
LINE
8
BLACK
6
CONTINUOUS
10
5.1536125196850389
20
-2.1839418897637795
11
5.1530911023622048
21
-2.1834856692913385
0
LINE
8
BLACK
6
CONTINUOUS
10
5.1530911023622048
20
-2.1834856692913385
11
5.1530864173228341
21
-2.1834157874015747
0
LINE
8
BLACK
6
CONTINUOUS
10
5.1530864173228341
20
-2.1834157874015747
11
5.1530369685039368
21
-2.1833663385826769
0
LINE
8
BLACK
6
CONTINUOUS
10
5.1530369685039368
20
-2.1833663385826769
11
5.1530369685039368
21
-2.1826734645669292
0
LINE
8
BLACK
6
CONTINUOUS
10
5.1530369685039368
20
-2.1826734645669292
11
5.1529909055118113
21
-2.1819823622047245
0
LINE
8
BLACK
6
CONTINUOUS
10
5.1529909055118113
20
-2.1819823622047245
11
5.1530369685039368
21
-2.1819023622047244
0
LINE
8
BLACK
6
CONTINUOUS
10
5.1530369685039368
20
-2.1819023622047244
11
5.1530369685039368
21
-2.1818597244094486
0
LINE
8
BLACK
6
CONTINUOUS
10
5.1530369685039368
20
-2.1818597244094486
11
5.1530948425196845
21
-2.1818018110236221
0
LINE
8
BLACK
6
CONTINUOUS
10
5.1530948425196845
20
-2.1818018110236221
11
5.1533741732283467
21
-2.1813167716535431
0
LINE
8
BLACK
6
CONTINUOUS
10
5.1533741732283467
20
-2.1813167716535431
11
5.1636408661417326
21
-2.1695834251968504
0
LINE
8
BLACK
6
CONTINUOUS
10
5.1636408661417326
20
-2.1695834251968504
11
5.1436070472440942
21
-2.1695834251968504
0
LINE
8
BLACK
6
CONTINUOUS
10
5.1436070472440942
20
-2.1695834251968504
11
5.1428537401574799
21
-2.1694335826771654
0
LINE
8
BLACK
6
CONTINUOUS
10
5.1428537401574799
20
-2.1694335826771654
11
5.1417883858267714
21
-2.1683682283464565
0
LINE
8
BLACK
6
CONTINUOUS
10
5.1417883858267714
20
-2.1683682283464565
11
5.1417883858267714
21
-2.1668616141732282
0
LINE
8
BLACK
6
CONTINUOUS
10
5.1417883858267714
20
-2.1668616141732282
11
5.1428537401574799
21
-2.1657962598425198
0
LINE
8
BLACK
6
CONTINUOUS
10
5.1428537401574799
20
-2.1657962598425198
11
5.1436070472440942
21
-2.1656464173228347
0
LINE
8
BLACK
6
CONTINUOUS
10
5.1436070472440942
20
-2.1656464173228347
11
5.1679789763779524
21
-2.1656464173228347
0
LINE
8
BLACK
6
CONTINUOUS
10
5.1679789763779524
20
-2.1656464173228347
11
5.1685280314960629
21
-2.1657556299212599
0
LINE
8
BLACK
6
CONTINUOUS
10
4.3794463779527559
20
-2.1676796062992127
11
4.3795241338582676
21
-2.1676740944881887
0
LINE
8
BLACK
6
CONTINUOUS
10
4.3795241338582676
20
-2.1676740944881887
11
4.3796263779527562
21
-2.1676973228346457
0
LINE
8
BLACK
6
CONTINUOUS
10
4.3796263779527562
20
-2.1676973228346457
11
4.3797309055118108
21
-2.1677076377952758
0
LINE
8
BLACK
6
CONTINUOUS
10
4.3797309055118108
20
-2.1677076377952758
11
4.3798029921259838
21
-2.1677374803149605
0
LINE
8
BLACK
6
CONTINUOUS
10
4.3798029921259838
20
-2.1677374803149605
11
4.3800885826771649
21
-2.1678024409448819
0
LINE
8
BLACK
6
CONTINUOUS
10
4.3800885826771649
20
-2.1678024409448819
11
4.3857128740157476
21
-2.1696772047244095
0
LINE
8
BLACK
6
CONTINUOUS
10
4.3857128740157476
20
-2.1696772047244095
11
4.3862414173228341
21
-2.1699131889763779
0
LINE
8
BLACK
6
CONTINUOUS
10
4.3862414173228341
20
-2.1699131889763779
11
4.3863215354330709
21
-2.1699826771653541
0
LINE
8
BLACK
6
CONTINUOUS
10
4.3863215354330709
20
-2.1699826771653541
11
4.3864196062992127
21
-2.170023307086614
0
LINE
8
BLACK
6
CONTINUOUS
10
4.3864196062992127
20
-2.170023307086614
11
4.3868670472440945
21
-2.1703905118110236
0
LINE
8
BLACK
6
CONTINUOUS
10
4.3868670472440945
20
-2.1703905118110236
11
4.4043235826771649
21
-2.1878470078740158
0
LINE
8
BLACK
6
CONTINUOUS
10
4.4043235826771649
20
-2.1878470078740158
11
4.4043235826771649
21
-2.170603661417323
0
LINE
8
BLACK
6
CONTINUOUS
10
4.4043235826771649
20
-2.170603661417323
11
4.4043803149606298
21
-2.1700275984251967
0
LINE
8
BLACK
6
CONTINUOUS
10
4.4043803149606298
20
-2.1700275984251967
11
4.4048212204724404
21
-2.1689631889763779
0
LINE
8
BLACK
6
CONTINUOUS
10
4.4048212204724404
20
-2.1689631889763779
11
4.4056358661417319
21
-2.1681485433070864
0
LINE
8
BLACK
6
CONTINUOUS
10
4.4056358661417319
20
-2.1681485433070864
11
4.4067002755905511
21
-2.1677076377952758
0
LINE
8
BLACK
6
CONTINUOUS
10
4.4067002755905511
20
-2.1677076377952758
11
4.4078524015748028
21
-2.1677076377952758
0
LINE
8
BLACK
6
CONTINUOUS
10
4.4078524015748028
20
-2.1677076377952758
11
4.4089168110236221
21
-2.1681485433070864
0
LINE
8
BLACK
6
CONTINUOUS
10
4.4089168110236221
20
-2.1681485433070864
11
4.4097314566929136
21
-2.1689631889763779
0
LINE
8
BLACK
6
CONTINUOUS
10
4.4097314566929136
20
-2.1689631889763779
11
4.4101723622047242
21
-2.1700275984251967
0
LINE
8
BLACK
6
CONTINUOUS
10
4.4101723622047242
20
-2.1700275984251967
11
4.410229094488189
21
-2.170603661417323
0
LINE
8
BLACK
6
CONTINUOUS
10
4.410229094488189
20
-2.170603661417323
11
4.410229094488189
21
-2.1949755905511812
0
LINE
8
BLACK
6
CONTINUOUS
10
4.410229094488189
20
-2.1949755905511812
11
4.4101723622047242
21
-2.1955516535433071
0
LINE
8
BLACK
6
CONTINUOUS
10
4.4101723622047242
20
-2.1955516535433071
11
4.4100432283464563
21
-2.1958633858267715
0
LINE
8
BLACK
6
CONTINUOUS
10
4.4100432283464563
20
-2.1958633858267715
11
4.4097314960629923
21
-2.1966160629921259
0
LINE
8
BLACK
6
CONTINUOUS
10
4.4097314960629923
20
-2.1966160629921259
11
4.4089168110236221
21
-2.1974307086614173
0
LINE
8
BLACK
6
CONTINUOUS
10
4.4089168110236221
20
-2.1974307086614173
11
4.4078524015748028
21
-2.1978716141732284
0
LINE
8
BLACK
6
CONTINUOUS
10
4.4078524015748028
20
-2.1978716141732284
11
4.4067003149606299
21
-2.1978716141732284
0
LINE
8
BLACK
6
CONTINUOUS
10
4.4067003149606299
20
-2.1978716141732284
11
4.4067002755905511
21
-2.1978716141732284
0
LINE
8
BLACK
6
CONTINUOUS
10
4.4067002755905511
20
-2.1978716141732284
11
4.4063885039370074
21
-2.1977424803149606
0
LINE
8
BLACK
6
CONTINUOUS
10
4.4063885039370074
20
-2.1977424803149606
11
4.4056358661417319
21
-2.1974307480314961
0
LINE
8
BLACK
6
CONTINUOUS
10
4.4056358661417319
20
-2.1974307480314961
11
4.4051884251968501
21
-2.1970635039370077
0
LINE
8
BLACK
6
CONTINUOUS
10
4.4051884251968501
20
-2.1970635039370077
11
4.3831840944881888
21
-2.1750592125984252
0
LINE
8
BLACK
6
CONTINUOUS
10
4.3831840944881888
20
-2.1750592125984252
11
4.378675708661417
21
-2.1735564173228346
0
LINE
8
BLACK
6
CONTINUOUS
10
4.378675708661417
20
-2.1735564173228346
11
4.3761023622047244
21
-2.1735564173228346
0
LINE
8
BLACK
6
CONTINUOUS
10
4.3761023622047244
20
-2.1735564173228346
11
4.3734048818897637
21
-2.1749051574803149
0
LINE
8
BLACK
6
CONTINUOUS
10
4.3734048818897637
20
-2.1749051574803149
11
4.3722077559055119
21
-2.1761022834645667
0
LINE
8
BLACK
6
CONTINUOUS
10
4.3722077559055119
20
-2.1761022834645667
11
4.3708590157480316
21
-2.1787997637795273
0
LINE
8
BLACK
6
CONTINUOUS
10
4.3708590157480316
20
-2.1787997637795273
11
4.3708590157480316
21
-2.1867794881889764
0
LINE
8
BLACK
6
CONTINUOUS
10
4.3708590157480316
20
-2.1867794881889764
11
4.3722077559055119
21
-2.189476968503937
0
LINE
8
BLACK
6
CONTINUOUS
10
4.3722077559055119
20
-2.189476968503937
11
4.3737437007874016
21
-2.1910129133858267
0
LINE
8
BLACK
6
CONTINUOUS
10
4.3737437007874016
20
-2.1910129133858267
11
4.3741109055118113
21
-2.1914603543307085
0
LINE
8
BLACK
6
CONTINUOUS
10
4.3741109055118113
20
-2.1914603543307085
11
4.3745518110236219
21
-2.1925247637795273
0
LINE
8
BLACK
6
CONTINUOUS
10
4.3745518110236219
20
-2.1925247637795273
11
4.3745518110236219
21
-2.1936768503937008
0
LINE
8
BLACK
6
CONTINUOUS
10
4.3745518110236219
20
-2.1936768503937008
11
4.3741109055118113
21
-2.1947412598425196
0
LINE
8
BLACK
6
CONTINUOUS
10
4.3741109055118113
20
-2.1947412598425196
11
4.373296220472441
21
-2.1955559448818898
0
LINE
8
BLACK
6
CONTINUOUS
10
4.373296220472441
20
-2.1955559448818898
11
4.3722318110236218
21
-2.1959968503937008
0
LINE
8
BLACK
6
CONTINUOUS
10
4.3722318110236218
20
-2.1959968503937008
11
4.3710797244094488
21
-2.1959968503937008
0
LINE
8
BLACK
6
CONTINUOUS
10
4.3710797244094488
20
-2.1959968503937008
11
4.3700153149606296
21
-2.1955559448818898
0
LINE
8
BLACK
6
CONTINUOUS
10
4.3700153149606296
20
-2.1955559448818898
11
4.3695678740157478
21
-2.1951887401574801
0
LINE
8
BLACK
6
CONTINUOUS
10
4.3695678740157478
20
-2.1951887401574801
11
4.3676931102362202
21
-2.1933139763779526
0
LINE
8
BLACK
6
CONTINUOUS
10
4.3676931102362202
20
-2.1933139763779526
11
4.3675073228346459
21
-2.1930875984251967
0
LINE
8
BLACK
6
CONTINUOUS
10
4.3675073228346459
20
-2.1930875984251967
11
4.3674483464566931
21
-2.1930364566929135
0
LINE
8
BLACK
6
CONTINUOUS
10
4.3674483464566931
20
-2.1930364566929135
11
4.3673923622047246
21
-2.1929474803149605
0
LINE
8
BLACK
6
CONTINUOUS
10
4.3673923622047246
20
-2.1929474803149605
11
4.3673259055118105
21
-2.1928665354330708
0
LINE
8
BLACK
6
CONTINUOUS
10
4.3673259055118105
20
-2.1928665354330708
11
4.3672960629921258
21
-2.192794566929134
0
LINE
8
BLACK
6
CONTINUOUS
10
4.3672960629921258
20
-2.192794566929134
11
4.36714
21
-2.1925465748031496
0
LINE
8
BLACK
6
CONTINUOUS
10
4.36714
20
-2.1925465748031496
11
4.3652652362204725
21
-2.1887970472440945
0
LINE
8
BLACK
6
CONTINUOUS
10
4.3652652362204725
20
-2.1887970472440945
11
4.365058346456693
21
-2.1882564173228345
0
LINE
8
BLACK
6
CONTINUOUS
10
4.365058346456693
20
-2.1882564173228345
11
4.365050826771653
21
-2.1881505905511811
0
LINE
8
BLACK
6
CONTINUOUS
10
4.365050826771653
20
-2.1881505905511811
11
4.3650102362204724
21
-2.1880525984251968
0
LINE
8
BLACK
6
CONTINUOUS
10
4.3650102362204724
20
-2.1880525984251968
11
4.3649535039370075
21
-2.187476535433071
0
LINE
8
BLACK
6
CONTINUOUS
10
4.3649535039370075
20
-2.187476535433071
11
4.3649535039370075
21
-2.1781027165354332
0
LINE
8
BLACK
6
CONTINUOUS
10
4.3649535039370075
20
-2.1781027165354332
11
4.3650102362204724
21
-2.1775266535433069
0
LINE
8
BLACK
6
CONTINUOUS
10
4.3650102362204724
20
-2.1775266535433069
11
4.365050826771653
21
-2.1774286220472439
0
LINE
8
BLACK
6
CONTINUOUS
10
4.365050826771653
20
-2.1774286220472439
11
4.365058346456693
21
-2.1773228346456692
0
LINE
8
BLACK
6
CONTINUOUS
10
4.365058346456693
20
-2.1773228346456692
11
4.3652652362204725
21
-2.1767822047244092
0
LINE
8
BLACK
6
CONTINUOUS
10
4.3652652362204725
20
-2.1767822047244092
11
4.36714
21
-2.1730326771653541
0
LINE
8
BLACK
6
CONTINUOUS
10
4.36714
20
-2.1730326771653541
11
4.3672960629921258
21
-2.1727846456692914
0
LINE
8
BLACK
6
CONTINUOUS
10
4.3672960629921258
20
-2.1727846456692914
11
4.3673259055118105
21
-2.172712716535433
0
LINE
8
BLACK
6
CONTINUOUS
10
4.3673259055118105
20
-2.172712716535433
11
4.3673923622047246
21
-2.1726317322834645
0
LINE
8
BLACK
6
CONTINUOUS
10
4.3673923622047246
20
-2.1726317322834645
11
4.3674483464566931
21
-2.1725427952755907
0
LINE
8
BLACK
6
CONTINUOUS
10
4.3674483464566931
20
-2.1725427952755907
11
4.3675073228346459
21
-2.1724916141732282
0
LINE
8
BLACK
6
CONTINUOUS
10
4.3675073228346459
20
-2.1724916141732282
11
4.3676931102362202
21
-2.1722652755905512
0
LINE
8
BLACK
6
CONTINUOUS
10
4.3676931102362202
20
-2.1722652755905512
11
4.3695678740157478
21
-2.1703905118110236
0
LINE
8
BLACK
6
CONTINUOUS
10
4.3695678740157478
20
-2.1703905118110236
11
4.3697942125984248
21
-2.1702047244094489
0
LINE
8
BLACK
6
CONTINUOUS
10
4.3697942125984248
20
-2.1702047244094489
11
4.3698453937007873
21
-2.1701457480314961
0
LINE
8
BLACK
6
CONTINUOUS
10
4.3698453937007873
20
-2.1701457480314961
11
4.3699343307086611
21
-2.1700897637795276
0
LINE
8
BLACK
6
CONTINUOUS
10
4.3699343307086611
20
-2.1700897637795276
11
4.3700153149606296
21
-2.170023307086614
0
LINE
8
BLACK
6
CONTINUOUS
10
4.3700153149606296
20
-2.170023307086614
11
4.3700872440944885
21
-2.1699934645669292
0
LINE
8
BLACK
6
CONTINUOUS
10
4.3700872440944885
20
-2.1699934645669292
11
4.3703352755905511
21
-2.169837401574803
0
LINE
8
BLACK
6
CONTINUOUS
10
4.3703352755905511
20
-2.169837401574803
11
4.3740848031496062
21
-2.1679626377952754
0
LINE
8
BLACK
6
CONTINUOUS
10
4.3740848031496062
20
-2.1679626377952754
11
4.3746253937007875
21
-2.167755748031496
0
LINE
8
BLACK
6
CONTINUOUS
10
4.3746253937007875
20
-2.167755748031496
11
4.3747312598425196
21
-2.1677481889763781
0
LINE
8
BLACK
6
CONTINUOUS
10
4.3747312598425196
20
-2.1677481889763781
11
4.3748292519685039
21
-2.1677076377952758
0
LINE
8
BLACK
6
CONTINUOUS
10
4.3748292519685039
20
-2.1677076377952758
11
4.3754053149606298
21
-2.1676509055118109
0
LINE
8
BLACK
6
CONTINUOUS
10
4.3754053149606298
20
-2.1676509055118109
11
4.3791548425196849
21
-2.1676509055118109
0
LINE
8
BLACK
6
CONTINUOUS
10
4.3791548425196849
20
-2.1676509055118109
11
4.3794463779527559
21
-2.1676796062992127
0
LINE
8
BLACK
6
CONTINUOUS
10
5.4574462204724412
20
-1.9706222834645668
11
5.4585115748031496
21
-1.9716876377952754
0
LINE
8
BLACK
6
CONTINUOUS
10
5.4585115748031496
20
-1.9716876377952754
11
5.4586614173228343
21
-1.9724409448818898
0
LINE
8
BLACK
6
CONTINUOUS
10
5.4586614173228343
20
-1.9724409448818898
11
5.4586614173228343
21
-2.1496062992125982
0
LINE
8
BLACK
6
CONTINUOUS
10
5.4586614173228343
20
-2.1496062992125982
11
5.4585115748031496
21
-2.1503596062992125
0
LINE
8
BLACK
6
CONTINUOUS
10
5.4585115748031496
20
-2.1503596062992125
11
5.4574462204724412
21
-2.1514249606299214
0
LINE
8
BLACK
6
CONTINUOUS
10
5.4574462204724412
20
-2.1514249606299214
11
5.4566929133858268
21
-2.151574803149606
0
LINE
8
BLACK
6
CONTINUOUS
10
5.4566929133858268
20
-2.151574803149606
11
5.1811023622047241
21
-2.151574803149606
0
LINE
8
BLACK
6
CONTINUOUS
10
5.1811023622047241
20
-2.151574803149606
11
5.1803490551181097
21
-2.1514249606299214
0
LINE
8
BLACK
6
CONTINUOUS
10
5.1803490551181097
20
-2.1514249606299214
11
5.1792837007874013
21
-2.1503596062992125
0
LINE
8
BLACK
6
CONTINUOUS
10
5.1792837007874013
20
-2.1503596062992125
11
5.1791338582677167
21
-2.1496062992125982
0
LINE
8
BLACK
6
CONTINUOUS
10
5.1791338582677167
20
-2.1496062992125982
11
5.1791338582677167
21
-1.9724409448818898
0
LINE
8
BLACK
6
CONTINUOUS
10
5.1791338582677167
20
-1.9724409448818898
11
5.1792837007874013
21
-1.9716876377952754
0
LINE
8
BLACK
6
CONTINUOUS
10
5.1792837007874013
20
-1.9716876377952754
11
5.1803490551181097
21
-1.9706222834645668
0
LINE
8
BLACK
6
CONTINUOUS
10
5.1803490551181097
20
-1.9706222834645668
11
5.1811023622047241
21
-1.9704724409448819
0
LINE
8
BLACK
6
CONTINUOUS
10
5.1811023622047241
20
-1.9704724409448819
11
5.4566929133858268
21
-1.9704724409448819
0
LINE
8
BLACK
6
CONTINUOUS
10
5.4566929133858268
20
-1.9704724409448819
11
5.4574462204724412
21
-1.9706222834645668
0
LINE
8
BLACK
6
CONTINUOUS
10
5.1830708661417324
20
-1.9744094488188977
11
5.1830708661417324
21
-2.1476377952755903
0
LINE
8
BLACK
6
CONTINUOUS
10
5.1830708661417324
20
-2.1476377952755903
11
5.4547244094488185
21
-2.1476377952755903
0
LINE
8
BLACK
6
CONTINUOUS
10
5.4547244094488185
20
-2.1476377952755903
11
5.4547244094488185
21
-1.9744094488188977
0
LINE
8
BLACK
6
CONTINUOUS
10
5.4547244094488185
20
-1.9744094488188977
11
5.1830708661417324
21
-1.9744094488188977
  0
ENDSEC
  0
EOF
