ISO-10303-21;
HEADER;
FILE_DESCRIPTION(('FreeCAD Model'),'2;1');
FILE_NAME('Open CASCADE Shape Model','2026-09-11T13:11:09',('Author'),(
    ''),'Open CASCADE STEP processor 7.8','FreeCAD','Unknown');
FILE_SCHEMA(('AUTOMOTIVE_DESIGN { 1 0 10303 214 1 1 1 1 }'));
ENDSEC;
DATA;
#1 = APPLICATION_PROTOCOL_DEFINITION('international standard',
  'automotive_design',2000,#2);
#2 = APPLICATION_CONTEXT(
  'core data for automotive mechanical design processes');
#3 = SHAPE_DEFINITION_REPRESENTATION(#4,#10);
#4 = PRODUCT_DEFINITION_SHAPE('','',#5);
#5 = PRODUCT_DEFINITION('design','',#6,#9);
#6 = PRODUCT_DEFINITION_FORMATION('','',#7);
#7 = PRODUCT('Body','Body','',(#8));
#8 = PRODUCT_CONTEXT('',#2,'mechanical');
#9 = PRODUCT_DEFINITION_CONTEXT('part definition',#2,'design');
#10 = ADVANCED_BREP_SHAPE_REPRESENTATION('',(#11,#15),#2533);
#11 = AXIS2_PLACEMENT_3D('',#12,#13,#14);
#12 = CARTESIAN_POINT('',(0.,0.,0.));
#13 = DIRECTION('',(0.,0.,1.));
#14 = DIRECTION('',(1.,0.,-0.));
#15 = MANIFOLD_SOLID_BREP('',#16);
#16 = CLOSED_SHELL('',(#17,#57,#90,#121,#647,#671,#696,#720,#744,#768,
    #792,#817,#841,#865,#889,#913,#937,#961,#985,#1042,#1066,#1090,#1114
    ,#1138,#1163,#1187,#1211,#1235,#1259,#1283,#1307,#1363,#1388,#1412,
    #1436,#1460,#1485,#1509,#1533,#1558,#1583,#1607,#1631,#1655,#1679,
    #1704,#1728,#1752,#1776,#1800,#1824,#1848,#1865,#1896,#1920,#1944,
    #1968,#1992,#2016,#2040,#2057,#2088,#2113,#2137,#2161,#2185,#2209,
    #2226,#2257,#2288,#2313,#2338,#2363,#2380,#2397,#2415,#2433,#2451));
#17 = ADVANCED_FACE('',(#18),#52,.F.);
#18 = FACE_BOUND('',#19,.F.);
#19 = EDGE_LOOP('',(#20,#30,#38,#46));
#20 = ORIENTED_EDGE('',*,*,#21,.T.);
#21 = EDGE_CURVE('',#22,#24,#26,.T.);
#22 = VERTEX_POINT('',#23);
#23 = CARTESIAN_POINT('',(17.350000000001,6.35,-5.));
#24 = VERTEX_POINT('',#25);
#25 = CARTESIAN_POINT('',(17.350000000001,6.35,5.));
#26 = LINE('',#27,#28);
#27 = CARTESIAN_POINT('',(17.350000000001,6.35,-5.));
#28 = VECTOR('',#29,1.);
#29 = DIRECTION('',(0.,0.,1.));
#30 = ORIENTED_EDGE('',*,*,#31,.T.);
#31 = EDGE_CURVE('',#24,#32,#34,.T.);
#32 = VERTEX_POINT('',#33);
#33 = CARTESIAN_POINT('',(16.450000000001,6.35,5.));
#34 = LINE('',#35,#36);
#35 = CARTESIAN_POINT('',(17.350000000001,6.35,5.));
#36 = VECTOR('',#37,1.);
#37 = DIRECTION('',(-1.,0.,0.));
#38 = ORIENTED_EDGE('',*,*,#39,.F.);
#39 = EDGE_CURVE('',#40,#32,#42,.T.);
#40 = VERTEX_POINT('',#41);
#41 = CARTESIAN_POINT('',(16.450000000001,6.35,-5.));
#42 = LINE('',#43,#44);
#43 = CARTESIAN_POINT('',(16.450000000001,6.35,-5.));
#44 = VECTOR('',#45,1.);
#45 = DIRECTION('',(0.,0.,1.));
#46 = ORIENTED_EDGE('',*,*,#47,.F.);
#47 = EDGE_CURVE('',#22,#40,#48,.T.);
#48 = LINE('',#49,#50);
#49 = CARTESIAN_POINT('',(17.350000000001,6.35,-5.));
#50 = VECTOR('',#51,1.);
#51 = DIRECTION('',(-1.,0.,0.));
#52 = PLANE('',#53);
#53 = AXIS2_PLACEMENT_3D('',#54,#55,#56);
#54 = CARTESIAN_POINT('',(17.350000000001,6.35,-5.));
#55 = DIRECTION('',(0.,-1.,0.));
#56 = DIRECTION('',(-1.,0.,0.));
#57 = ADVANCED_FACE('',(#58),#85,.F.);
#58 = FACE_BOUND('',#59,.T.);
#59 = EDGE_LOOP('',(#60,#61,#70,#78));
#60 = ORIENTED_EDGE('',*,*,#21,.T.);
#61 = ORIENTED_EDGE('',*,*,#62,.T.);
#62 = EDGE_CURVE('',#24,#63,#65,.T.);
#63 = VERTEX_POINT('',#64);
#64 = CARTESIAN_POINT('',(17.650000000001,6.65,5.));
#65 = CIRCLE('',#66,0.3);
#66 = AXIS2_PLACEMENT_3D('',#67,#68,#69);
#67 = CARTESIAN_POINT('',(17.350000000001,6.65,5.));
#68 = DIRECTION('',(0.,0.,1.));
#69 = DIRECTION('',(1.,0.,0.));
#70 = ORIENTED_EDGE('',*,*,#71,.F.);
#71 = EDGE_CURVE('',#72,#63,#74,.T.);
#72 = VERTEX_POINT('',#73);
#73 = CARTESIAN_POINT('',(17.650000000001,6.65,-5.));
#74 = LINE('',#75,#76);
#75 = CARTESIAN_POINT('',(17.650000000001,6.65,-5.));
#76 = VECTOR('',#77,1.);
#77 = DIRECTION('',(0.,0.,1.));
#78 = ORIENTED_EDGE('',*,*,#79,.F.);
#79 = EDGE_CURVE('',#22,#72,#80,.T.);
#80 = CIRCLE('',#81,0.3);
#81 = AXIS2_PLACEMENT_3D('',#82,#83,#84);
#82 = CARTESIAN_POINT('',(17.350000000001,6.65,-5.));
#83 = DIRECTION('',(0.,0.,1.));
#84 = DIRECTION('',(1.,0.,0.));
#85 = CYLINDRICAL_SURFACE('',#86,0.3);
#86 = AXIS2_PLACEMENT_3D('',#87,#88,#89);
#87 = CARTESIAN_POINT('',(17.350000000001,6.65,-5.));
#88 = DIRECTION('',(-0.,-0.,-1.));
#89 = DIRECTION('',(1.,0.,0.));
#90 = ADVANCED_FACE('',(#91),#116,.F.);
#91 = FACE_BOUND('',#92,.F.);
#92 = EDGE_LOOP('',(#93,#94,#102,#110));
#93 = ORIENTED_EDGE('',*,*,#39,.T.);
#94 = ORIENTED_EDGE('',*,*,#95,.T.);
#95 = EDGE_CURVE('',#32,#96,#98,.T.);
#96 = VERTEX_POINT('',#97);
#97 = CARTESIAN_POINT('',(16.450000000001,5.55,5.));
#98 = LINE('',#99,#100);
#99 = CARTESIAN_POINT('',(16.450000000001,6.35,5.));
#100 = VECTOR('',#101,1.);
#101 = DIRECTION('',(0.,-1.,0.));
#102 = ORIENTED_EDGE('',*,*,#103,.F.);
#103 = EDGE_CURVE('',#104,#96,#106,.T.);
#104 = VERTEX_POINT('',#105);
#105 = CARTESIAN_POINT('',(16.450000000001,5.55,-5.));
#106 = LINE('',#107,#108);
#107 = CARTESIAN_POINT('',(16.450000000001,5.55,-5.));
#108 = VECTOR('',#109,1.);
#109 = DIRECTION('',(0.,0.,1.));
#110 = ORIENTED_EDGE('',*,*,#111,.F.);
#111 = EDGE_CURVE('',#40,#104,#112,.T.);
#112 = LINE('',#113,#114);
#113 = CARTESIAN_POINT('',(16.450000000001,6.35,-5.));
#114 = VECTOR('',#115,1.);
#115 = DIRECTION('',(0.,-1.,0.));
#116 = PLANE('',#117);
#117 = AXIS2_PLACEMENT_3D('',#118,#119,#120);
#118 = CARTESIAN_POINT('',(16.450000000001,6.35,-5.));
#119 = DIRECTION('',(1.,0.,0.));
#120 = DIRECTION('',(0.,-1.,0.));
#121 = ADVANCED_FACE('',(#122,#517,#583),#642,.F.);
#122 = FACE_BOUND('',#123,.F.);
#123 = EDGE_LOOP('',(#124,#125,#126,#127,#136,#144,#153,#161,#169,#177,
    #185,#193,#201,#209,#217,#225,#233,#241,#249,#257,#266,#274,#282,
    #291,#299,#307,#315,#323,#331,#339,#347,#355,#363,#372,#380,#389,
    #397,#406,#414,#422,#430,#439,#447,#455,#463,#471,#479,#487,#495,
    #503,#511));
#124 = ORIENTED_EDGE('',*,*,#79,.F.);
#125 = ORIENTED_EDGE('',*,*,#47,.T.);
#126 = ORIENTED_EDGE('',*,*,#111,.T.);
#127 = ORIENTED_EDGE('',*,*,#128,.T.);
#128 = EDGE_CURVE('',#104,#129,#131,.T.);
#129 = VERTEX_POINT('',#130);
#130 = CARTESIAN_POINT('',(17.150000000001,4.85,-5.));
#131 = CIRCLE('',#132,0.7);
#132 = AXIS2_PLACEMENT_3D('',#133,#134,#135);
#133 = CARTESIAN_POINT('',(17.150000000001,5.55,-5.));
#134 = DIRECTION('',(0.,0.,1.));
#135 = DIRECTION('',(1.,0.,0.));
#136 = ORIENTED_EDGE('',*,*,#137,.T.);
#137 = EDGE_CURVE('',#129,#138,#140,.T.);
#138 = VERTEX_POINT('',#139);
#139 = CARTESIAN_POINT('',(19.450000000001,4.85,-5.));
#140 = LINE('',#141,#142);
#141 = CARTESIAN_POINT('',(17.150000000001,4.85,-5.));
#142 = VECTOR('',#143,1.);
#143 = DIRECTION('',(1.,0.,0.));
#144 = ORIENTED_EDGE('',*,*,#145,.T.);
#145 = EDGE_CURVE('',#138,#146,#148,.T.);
#146 = VERTEX_POINT('',#147);
#147 = CARTESIAN_POINT('',(21.450000000001,6.85,-5.));
#148 = CIRCLE('',#149,2.);
#149 = AXIS2_PLACEMENT_3D('',#150,#151,#152);
#150 = CARTESIAN_POINT('',(19.450000000001,6.85,-5.));
#151 = DIRECTION('',(0.,0.,1.));
#152 = DIRECTION('',(1.,0.,0.));
#153 = ORIENTED_EDGE('',*,*,#154,.T.);
#154 = EDGE_CURVE('',#146,#155,#157,.T.);
#155 = VERTEX_POINT('',#156);
#156 = CARTESIAN_POINT('',(21.450000000001,12.,-5.));
#157 = LINE('',#158,#159);
#158 = CARTESIAN_POINT('',(21.450000000001,6.85,-5.));
#159 = VECTOR('',#160,1.);
#160 = DIRECTION('',(0.,1.,0.));
#161 = ORIENTED_EDGE('',*,*,#162,.F.);
#162 = EDGE_CURVE('',#163,#155,#165,.T.);
#163 = VERTEX_POINT('',#164);
#164 = CARTESIAN_POINT('',(45.,12.,-5.));
#165 = LINE('',#166,#167);
#166 = CARTESIAN_POINT('',(45.,12.,-5.));
#167 = VECTOR('',#168,1.);
#168 = DIRECTION('',(-1.,0.,0.));
#169 = ORIENTED_EDGE('',*,*,#170,.T.);
#170 = EDGE_CURVE('',#163,#171,#173,.T.);
#171 = VERTEX_POINT('',#172);
#172 = CARTESIAN_POINT('',(45.,20.,-5.));
#173 = LINE('',#174,#175);
#174 = CARTESIAN_POINT('',(45.,12.,-5.));
#175 = VECTOR('',#176,1.);
#176 = DIRECTION('',(0.,1.,0.));
#177 = ORIENTED_EDGE('',*,*,#178,.T.);
#178 = EDGE_CURVE('',#171,#179,#181,.T.);
#179 = VERTEX_POINT('',#180);
#180 = CARTESIAN_POINT('',(-45.,20.,-5.));
#181 = LINE('',#182,#183);
#182 = CARTESIAN_POINT('',(45.,20.,-5.));
#183 = VECTOR('',#184,1.);
#184 = DIRECTION('',(-1.,0.,0.));
#185 = ORIENTED_EDGE('',*,*,#186,.T.);
#186 = EDGE_CURVE('',#179,#187,#189,.T.);
#187 = VERTEX_POINT('',#188);
#188 = CARTESIAN_POINT('',(-44.,12.,-5.));
#189 = LINE('',#190,#191);
#190 = CARTESIAN_POINT('',(-45.,20.,-5.));
#191 = VECTOR('',#192,1.);
#192 = DIRECTION('',(0.124034734589,-0.992277876714,0.));
#193 = ORIENTED_EDGE('',*,*,#194,.T.);
#194 = EDGE_CURVE('',#187,#195,#197,.T.);
#195 = VERTEX_POINT('',#196);
#196 = CARTESIAN_POINT('',(-37.2,12.,-5.));
#197 = LINE('',#198,#199);
#198 = CARTESIAN_POINT('',(-37.5,12.,-5.));
#199 = VECTOR('',#200,1.);
#200 = DIRECTION('',(1.,0.,0.));
#201 = ORIENTED_EDGE('',*,*,#202,.T.);
#202 = EDGE_CURVE('',#195,#203,#205,.T.);
#203 = VERTEX_POINT('',#204);
#204 = CARTESIAN_POINT('',(-37.2,10.7,-5.));
#205 = LINE('',#206,#207);
#206 = CARTESIAN_POINT('',(-37.2,12.,-5.));
#207 = VECTOR('',#208,1.);
#208 = DIRECTION('',(0.,-1.,0.));
#209 = ORIENTED_EDGE('',*,*,#210,.T.);
#210 = EDGE_CURVE('',#203,#211,#213,.T.);
#211 = VERTEX_POINT('',#212);
#212 = CARTESIAN_POINT('',(-41.3,10.7,-5.));
#213 = LINE('',#214,#215);
#214 = CARTESIAN_POINT('',(-37.5,10.7,-5.));
#215 = VECTOR('',#216,1.);
#216 = DIRECTION('',(-1.,0.,0.));
#217 = ORIENTED_EDGE('',*,*,#218,.T.);
#218 = EDGE_CURVE('',#211,#219,#221,.T.);
#219 = VERTEX_POINT('',#220);
#220 = CARTESIAN_POINT('',(-41.3,7.7,-5.));
#221 = LINE('',#222,#223);
#222 = CARTESIAN_POINT('',(-41.3,10.7,-5.));
#223 = VECTOR('',#224,1.);
#224 = DIRECTION('',(0.,-1.,0.));
#225 = ORIENTED_EDGE('',*,*,#226,.T.);
#226 = EDGE_CURVE('',#219,#227,#229,.T.);
#227 = VERTEX_POINT('',#228);
#228 = CARTESIAN_POINT('',(-45.8,7.7,-5.));
#229 = LINE('',#230,#231);
#230 = CARTESIAN_POINT('',(-41.3,7.7,-5.));
#231 = VECTOR('',#232,1.);
#232 = DIRECTION('',(-1.,0.,0.));
#233 = ORIENTED_EDGE('',*,*,#234,.T.);
#234 = EDGE_CURVE('',#227,#235,#237,.T.);
#235 = VERTEX_POINT('',#236);
#236 = CARTESIAN_POINT('',(-45.8,1.8,-5.));
#237 = LINE('',#238,#239);
#238 = CARTESIAN_POINT('',(-45.8,7.7,-5.));
#239 = VECTOR('',#240,1.);
#240 = DIRECTION('',(0.,-1.,0.));
#241 = ORIENTED_EDGE('',*,*,#242,.F.);
#242 = EDGE_CURVE('',#243,#235,#245,.T.);
#243 = VERTEX_POINT('',#244);
#244 = CARTESIAN_POINT('',(-18.64999999999,1.8,-5.));
#245 = LINE('',#246,#247);
#246 = CARTESIAN_POINT('',(-18.64999999999,1.8,-5.));
#247 = VECTOR('',#248,1.);
#248 = DIRECTION('',(-1.,0.,0.));
#249 = ORIENTED_EDGE('',*,*,#250,.F.);
#250 = EDGE_CURVE('',#251,#243,#253,.T.);
#251 = VERTEX_POINT('',#252);
#252 = CARTESIAN_POINT('',(-18.08607513472,2.472059484144,-5.));
#253 = LINE('',#254,#255);
#254 = CARTESIAN_POINT('',(-18.08607513472,2.472059484144,-5.));
#255 = VECTOR('',#256,1.);
#256 = DIRECTION('',(-0.642787609687,-0.766044443119,0.));
#257 = ORIENTED_EDGE('',*,*,#258,.T.);
#258 = EDGE_CURVE('',#251,#259,#261,.T.);
#259 = VERTEX_POINT('',#260);
#260 = CARTESIAN_POINT('',(-16.55473196547,5.756035508282,-5.));
#261 = CIRCLE('',#262,7.);
#262 = AXIS2_PLACEMENT_3D('',#263,#264,#265);
#263 = CARTESIAN_POINT('',(-23.44838623655,6.97157275195,-5.));
#264 = DIRECTION('',(0.,0.,1.));
#265 = DIRECTION('',(1.,0.,0.));
#266 = ORIENTED_EDGE('',*,*,#267,.F.);
#267 = EDGE_CURVE('',#268,#259,#270,.T.);
#268 = VERTEX_POINT('',#269);
#269 = CARTESIAN_POINT('',(-16.44999999999,6.35,-5.));
#270 = LINE('',#271,#272);
#271 = CARTESIAN_POINT('',(-16.44999999999,6.35,-5.));
#272 = VECTOR('',#273,1.);
#273 = DIRECTION('',(-0.173648177667,-0.984807753012,0.));
#274 = ORIENTED_EDGE('',*,*,#275,.T.);
#275 = EDGE_CURVE('',#268,#276,#278,.T.);
#276 = VERTEX_POINT('',#277);
#277 = CARTESIAN_POINT('',(-17.35,6.35,-5.));
#278 = LINE('',#279,#280);
#279 = CARTESIAN_POINT('',(-16.44999999999,6.35,-5.));
#280 = VECTOR('',#281,1.);
#281 = DIRECTION('',(-1.,0.,0.));
#282 = ORIENTED_EDGE('',*,*,#283,.F.);
#283 = EDGE_CURVE('',#284,#276,#286,.T.);
#284 = VERTEX_POINT('',#285);
#285 = CARTESIAN_POINT('',(-17.65,6.65,-5.));
#286 = CIRCLE('',#287,0.3);
#287 = AXIS2_PLACEMENT_3D('',#288,#289,#290);
#288 = CARTESIAN_POINT('',(-17.35,6.65,-5.));
#289 = DIRECTION('',(0.,0.,1.));
#290 = DIRECTION('',(1.,0.,0.));
#291 = ORIENTED_EDGE('',*,*,#292,.T.);
#292 = EDGE_CURVE('',#284,#293,#295,.T.);
#293 = VERTEX_POINT('',#294);
#294 = CARTESIAN_POINT('',(-17.65,7.5,-5.));
#295 = LINE('',#296,#297);
#296 = CARTESIAN_POINT('',(-17.65,6.65,-5.));
#297 = VECTOR('',#298,1.);
#298 = DIRECTION('',(0.,1.,0.));
#299 = ORIENTED_EDGE('',*,*,#300,.T.);
#300 = EDGE_CURVE('',#293,#301,#303,.T.);
#301 = VERTEX_POINT('',#302);
#302 = CARTESIAN_POINT('',(-16.45,7.5,-5.));
#303 = LINE('',#304,#305);
#304 = CARTESIAN_POINT('',(-17.65,7.5,-5.));
#305 = VECTOR('',#306,1.);
#306 = DIRECTION('',(1.,0.,0.));
#307 = ORIENTED_EDGE('',*,*,#308,.T.);
#308 = EDGE_CURVE('',#301,#309,#311,.T.);
#309 = VERTEX_POINT('',#310);
#310 = CARTESIAN_POINT('',(-17.49999999999,8.9,-5.));
#311 = LINE('',#312,#313);
#312 = CARTESIAN_POINT('',(-16.45,7.5,-5.));
#313 = VECTOR('',#314,1.);
#314 = DIRECTION('',(-0.6,0.8,0.));
#315 = ORIENTED_EDGE('',*,*,#316,.T.);
#316 = EDGE_CURVE('',#309,#317,#319,.T.);
#317 = VERTEX_POINT('',#318);
#318 = CARTESIAN_POINT('',(-17.49999999999,9.4,-5.));
#319 = LINE('',#320,#321);
#320 = CARTESIAN_POINT('',(-17.49999999999,8.9,-5.));
#321 = VECTOR('',#322,1.);
#322 = DIRECTION('',(0.,1.,0.));
#323 = ORIENTED_EDGE('',*,*,#324,.T.);
#324 = EDGE_CURVE('',#317,#325,#327,.T.);
#325 = VERTEX_POINT('',#326);
#326 = CARTESIAN_POINT('',(-13.7,9.4,-5.));
#327 = LINE('',#328,#329);
#328 = CARTESIAN_POINT('',(-17.49999999999,9.4,-5.));
#329 = VECTOR('',#330,1.);
#330 = DIRECTION('',(1.,0.,0.));
#331 = ORIENTED_EDGE('',*,*,#332,.T.);
#332 = EDGE_CURVE('',#325,#333,#335,.T.);
#333 = VERTEX_POINT('',#334);
#334 = CARTESIAN_POINT('',(-13.7,12.,-5.));
#335 = LINE('',#336,#337);
#336 = CARTESIAN_POINT('',(-13.7,9.4,-5.));
#337 = VECTOR('',#338,1.);
#338 = DIRECTION('',(0.,1.,0.));
#339 = ORIENTED_EDGE('',*,*,#340,.T.);
#340 = EDGE_CURVE('',#333,#341,#343,.T.);
#341 = VERTEX_POINT('',#342);
#342 = CARTESIAN_POINT('',(-7.,12.,-5.));
#343 = LINE('',#344,#345);
#344 = CARTESIAN_POINT('',(-13.7,12.,-5.));
#345 = VECTOR('',#346,1.);
#346 = DIRECTION('',(1.,0.,0.));
#347 = ORIENTED_EDGE('',*,*,#348,.T.);
#348 = EDGE_CURVE('',#341,#349,#351,.T.);
#349 = VERTEX_POINT('',#350);
#350 = CARTESIAN_POINT('',(-7.,7.5,-5.));
#351 = LINE('',#352,#353);
#352 = CARTESIAN_POINT('',(-7.,12.,-5.));
#353 = VECTOR('',#354,1.);
#354 = DIRECTION('',(0.,-1.,0.));
#355 = ORIENTED_EDGE('',*,*,#356,.T.);
#356 = EDGE_CURVE('',#349,#357,#359,.T.);
#357 = VERTEX_POINT('',#358);
#358 = CARTESIAN_POINT('',(-1.2,7.5,-5.));
#359 = LINE('',#360,#361);
#360 = CARTESIAN_POINT('',(-7.,7.5,-5.));
#361 = VECTOR('',#362,1.);
#362 = DIRECTION('',(1.,0.,0.));
#363 = ORIENTED_EDGE('',*,*,#364,.F.);
#364 = EDGE_CURVE('',#365,#357,#367,.T.);
#365 = VERTEX_POINT('',#366);
#366 = CARTESIAN_POINT('',(3.912237330037,5.991470951792,-5.));
#367 = CIRCLE('',#368,9.416666666667);
#368 = AXIS2_PLACEMENT_3D('',#369,#370,#371);
#369 = CARTESIAN_POINT('',(-1.2,-1.916666666667,-5.));
#370 = DIRECTION('',(0.,0.,1.));
#371 = DIRECTION('',(1.,0.,0.));
#372 = ORIENTED_EDGE('',*,*,#373,.T.);
#373 = EDGE_CURVE('',#365,#374,#376,.T.);
#374 = VERTEX_POINT('',#375);
#375 = CARTESIAN_POINT('',(7.271446229913,3.819901112485,-5.));
#376 = LINE('',#377,#378);
#377 = CARTESIAN_POINT('',(3.912237330037,5.991470951792,-5.));
#378 = VECTOR('',#379,1.);
#379 = DIRECTION('',(0.839802224969,-0.542892459827,0.));
#380 = ORIENTED_EDGE('',*,*,#381,.F.);
#381 = EDGE_CURVE('',#382,#374,#384,.T.);
#382 = VERTEX_POINT('',#383);
#383 = CARTESIAN_POINT('',(7.5,3.4,-5.));
#384 = CIRCLE('',#385,0.5);
#385 = AXIS2_PLACEMENT_3D('',#386,#387,#388);
#386 = CARTESIAN_POINT('',(7.,3.4,-5.));
#387 = DIRECTION('',(0.,0.,1.));
#388 = DIRECTION('',(1.,0.,0.));
#389 = ORIENTED_EDGE('',*,*,#390,.T.);
#390 = EDGE_CURVE('',#382,#391,#393,.T.);
#391 = VERTEX_POINT('',#392);
#392 = CARTESIAN_POINT('',(7.5,3.2,-5.));
#393 = LINE('',#394,#395);
#394 = CARTESIAN_POINT('',(7.5,3.4,-5.));
#395 = VECTOR('',#396,1.);
#396 = DIRECTION('',(0.,-1.,0.));
#397 = ORIENTED_EDGE('',*,*,#398,.T.);
#398 = EDGE_CURVE('',#391,#399,#401,.T.);
#399 = VERTEX_POINT('',#400);
#400 = CARTESIAN_POINT('',(8.,2.7,-5.));
#401 = CIRCLE('',#402,0.5);
#402 = AXIS2_PLACEMENT_3D('',#403,#404,#405);
#403 = CARTESIAN_POINT('',(8.,3.2,-5.));
#404 = DIRECTION('',(0.,0.,1.));
#405 = DIRECTION('',(1.,0.,0.));
#406 = ORIENTED_EDGE('',*,*,#407,.T.);
#407 = EDGE_CURVE('',#399,#408,#410,.T.);
#408 = VERTEX_POINT('',#409);
#409 = CARTESIAN_POINT('',(9.2,2.7,-5.));
#410 = LINE('',#411,#412);
#411 = CARTESIAN_POINT('',(8.,2.7,-5.));
#412 = VECTOR('',#413,1.);
#413 = DIRECTION('',(1.,0.,0.));
#414 = ORIENTED_EDGE('',*,*,#415,.T.);
#415 = EDGE_CURVE('',#408,#416,#418,.T.);
#416 = VERTEX_POINT('',#417);
#417 = CARTESIAN_POINT('',(9.2,1.,-5.));
#418 = LINE('',#419,#420);
#419 = CARTESIAN_POINT('',(9.2,2.7,-5.));
#420 = VECTOR('',#421,1.);
#421 = DIRECTION('',(0.,-1.,0.));
#422 = ORIENTED_EDGE('',*,*,#423,.T.);
#423 = EDGE_CURVE('',#416,#424,#426,.T.);
#424 = VERTEX_POINT('',#425);
#425 = CARTESIAN_POINT('',(11.7,1.,-5.));
#426 = LINE('',#427,#428);
#427 = CARTESIAN_POINT('',(9.2,1.,-5.));
#428 = VECTOR('',#429,1.);
#429 = DIRECTION('',(1.,0.,0.));
#430 = ORIENTED_EDGE('',*,*,#431,.T.);
#431 = EDGE_CURVE('',#424,#432,#434,.T.);
#432 = VERTEX_POINT('',#433);
#433 = CARTESIAN_POINT('',(12.5,1.8,-5.));
#434 = CIRCLE('',#435,0.8);
#435 = AXIS2_PLACEMENT_3D('',#436,#437,#438);
#436 = CARTESIAN_POINT('',(11.7,1.8,-5.));
#437 = DIRECTION('',(0.,0.,1.));
#438 = DIRECTION('',(1.,0.,0.));
#439 = ORIENTED_EDGE('',*,*,#440,.T.);
#440 = EDGE_CURVE('',#432,#441,#443,.T.);
#441 = VERTEX_POINT('',#442);
#442 = CARTESIAN_POINT('',(12.5,3.,-5.));
#443 = LINE('',#444,#445);
#444 = CARTESIAN_POINT('',(12.5,1.8,-5.));
#445 = VECTOR('',#446,1.);
#446 = DIRECTION('',(0.,1.,0.));
#447 = ORIENTED_EDGE('',*,*,#448,.T.);
#448 = EDGE_CURVE('',#441,#449,#451,.T.);
#449 = VERTEX_POINT('',#450);
#450 = CARTESIAN_POINT('',(11.5,3.,-5.));
#451 = LINE('',#452,#453);
#452 = CARTESIAN_POINT('',(12.5,3.,-5.));
#453 = VECTOR('',#454,1.);
#454 = DIRECTION('',(-1.,0.,0.));
#455 = ORIENTED_EDGE('',*,*,#456,.T.);
#456 = EDGE_CURVE('',#449,#457,#459,.T.);
#457 = VERTEX_POINT('',#458);
#458 = CARTESIAN_POINT('',(11.5,4.,-5.));
#459 = LINE('',#460,#461);
#460 = CARTESIAN_POINT('',(11.5,3.,-5.));
#461 = VECTOR('',#462,1.);
#462 = DIRECTION('',(0.,1.,0.));
#463 = ORIENTED_EDGE('',*,*,#464,.T.);
#464 = EDGE_CURVE('',#457,#465,#467,.T.);
#465 = VERTEX_POINT('',#466);
#466 = CARTESIAN_POINT('',(12.5,4.,-5.));
#467 = LINE('',#468,#469);
#468 = CARTESIAN_POINT('',(11.5,4.,-5.));
#469 = VECTOR('',#470,1.);
#470 = DIRECTION('',(1.,0.,0.));
#471 = ORIENTED_EDGE('',*,*,#472,.T.);
#472 = EDGE_CURVE('',#465,#473,#475,.T.);
#473 = VERTEX_POINT('',#474);
#474 = CARTESIAN_POINT('',(12.2,5.2201354136,-5.));
#475 = LINE('',#476,#477);
#476 = CARTESIAN_POINT('',(12.5,4.,-5.));
#477 = VECTOR('',#478,1.);
#478 = DIRECTION('',(-0.238763130828,0.97107783795,0.));
#479 = ORIENTED_EDGE('',*,*,#480,.T.);
#480 = EDGE_CURVE('',#473,#481,#483,.T.);
#481 = VERTEX_POINT('',#482);
#482 = CARTESIAN_POINT('',(9.9,12.,-5.));
#483 = LINE('',#484,#485);
#484 = CARTESIAN_POINT('',(12.2,5.2201354136,-5.));
#485 = VECTOR('',#486,1.);
#486 = DIRECTION('',(-0.3212573643,0.94699192493,0.));
#487 = ORIENTED_EDGE('',*,*,#488,.T.);
#488 = EDGE_CURVE('',#481,#489,#491,.T.);
#489 = VERTEX_POINT('',#490);
#490 = CARTESIAN_POINT('',(10.9,12.,-5.));
#491 = LINE('',#492,#493);
#492 = CARTESIAN_POINT('',(9.9,12.,-5.));
#493 = VECTOR('',#494,1.);
#494 = DIRECTION('',(1.,0.,0.));
#495 = ORIENTED_EDGE('',*,*,#496,.T.);
#496 = EDGE_CURVE('',#489,#497,#499,.T.);
#497 = VERTEX_POINT('',#498);
#498 = CARTESIAN_POINT('',(12.42657916218,7.5,-5.));
#499 = LINE('',#500,#501);
#500 = CARTESIAN_POINT('',(10.9,12.,-5.));
#501 = VECTOR('',#502,1.);
#502 = DIRECTION('',(0.3212573643,-0.94699192493,0.));
#503 = ORIENTED_EDGE('',*,*,#504,.T.);
#504 = EDGE_CURVE('',#497,#505,#507,.T.);
#505 = VERTEX_POINT('',#506);
#506 = CARTESIAN_POINT('',(17.650000000001,7.5,-5.));
#507 = LINE('',#508,#509);
#508 = CARTESIAN_POINT('',(12.42657916218,7.5,-5.));
#509 = VECTOR('',#510,1.);
#510 = DIRECTION('',(1.,0.,0.));
#511 = ORIENTED_EDGE('',*,*,#512,.T.);
#512 = EDGE_CURVE('',#505,#72,#513,.T.);
#513 = LINE('',#514,#515);
#514 = CARTESIAN_POINT('',(17.650000000001,7.5,-5.));
#515 = VECTOR('',#516,1.);
#516 = DIRECTION('',(0.,-1.,0.));
#517 = FACE_BOUND('',#518,.F.);
#518 = EDGE_LOOP('',(#519,#529,#537,#545,#553,#561,#569,#577));
#519 = ORIENTED_EDGE('',*,*,#520,.F.);
#520 = EDGE_CURVE('',#521,#523,#525,.T.);
#521 = VERTEX_POINT('',#522);
#522 = CARTESIAN_POINT('',(-36.2,12.,-5.));
#523 = VERTEX_POINT('',#524);
#524 = CARTESIAN_POINT('',(-36.2,9.7,-5.));
#525 = LINE('',#526,#527);
#526 = CARTESIAN_POINT('',(-36.2,12.,-5.));
#527 = VECTOR('',#528,1.);
#528 = DIRECTION('',(0.,-1.,0.));
#529 = ORIENTED_EDGE('',*,*,#530,.T.);
#530 = EDGE_CURVE('',#521,#531,#533,.T.);
#531 = VERTEX_POINT('',#532);
#532 = CARTESIAN_POINT('',(-14.7,12.,-5.));
#533 = LINE('',#534,#535);
#534 = CARTESIAN_POINT('',(-15.,12.,-5.));
#535 = VECTOR('',#536,1.);
#536 = DIRECTION('',(1.,0.,0.));
#537 = ORIENTED_EDGE('',*,*,#538,.T.);
#538 = EDGE_CURVE('',#531,#539,#541,.T.);
#539 = VERTEX_POINT('',#540);
#540 = CARTESIAN_POINT('',(-14.7,10.5,-5.));
#541 = LINE('',#542,#543);
#542 = CARTESIAN_POINT('',(-14.7,10.7,-5.));
#543 = VECTOR('',#544,1.);
#544 = DIRECTION('',(-0.,-1.,-0.));
#545 = ORIENTED_EDGE('',*,*,#546,.F.);
#546 = EDGE_CURVE('',#547,#539,#549,.T.);
#547 = VERTEX_POINT('',#548);
#548 = CARTESIAN_POINT('',(-18.8,10.5,-5.));
#549 = LINE('',#550,#551);
#550 = CARTESIAN_POINT('',(-18.8,10.5,-5.));
#551 = VECTOR('',#552,1.);
#552 = DIRECTION('',(1.,0.,0.));
#553 = ORIENTED_EDGE('',*,*,#554,.F.);
#554 = EDGE_CURVE('',#555,#547,#557,.T.);
#555 = VERTEX_POINT('',#556);
#556 = CARTESIAN_POINT('',(-18.8,3.1,-5.));
#557 = LINE('',#558,#559);
#558 = CARTESIAN_POINT('',(-18.8,3.1,-5.));
#559 = VECTOR('',#560,1.);
#560 = DIRECTION('',(0.,1.,0.));
#561 = ORIENTED_EDGE('',*,*,#562,.F.);
#562 = EDGE_CURVE('',#563,#555,#565,.T.);
#563 = VERTEX_POINT('',#564);
#564 = CARTESIAN_POINT('',(-40.,3.1,-5.));
#565 = LINE('',#566,#567);
#566 = CARTESIAN_POINT('',(-40.,3.1,-5.));
#567 = VECTOR('',#568,1.);
#568 = DIRECTION('',(1.,0.,0.));
#569 = ORIENTED_EDGE('',*,*,#570,.T.);
#570 = EDGE_CURVE('',#563,#571,#573,.T.);
#571 = VERTEX_POINT('',#572);
#572 = CARTESIAN_POINT('',(-40.,9.7,-5.));
#573 = LINE('',#574,#575);
#574 = CARTESIAN_POINT('',(-40.,9.4,-5.));
#575 = VECTOR('',#576,1.);
#576 = DIRECTION('',(0.,1.,0.));
#577 = ORIENTED_EDGE('',*,*,#578,.F.);
#578 = EDGE_CURVE('',#523,#571,#579,.T.);
#579 = LINE('',#580,#581);
#580 = CARTESIAN_POINT('',(-36.2,9.7,-5.));
#581 = VECTOR('',#582,1.);
#582 = DIRECTION('',(-1.,0.,0.));
#583 = FACE_BOUND('',#584,.F.);
#584 = EDGE_LOOP('',(#585,#595,#604,#612,#620,#628,#636));
#585 = ORIENTED_EDGE('',*,*,#586,.F.);
#586 = EDGE_CURVE('',#587,#589,#591,.T.);
#587 = VERTEX_POINT('',#588);
#588 = CARTESIAN_POINT('',(4.617997527812,7.083213844252,-5.));
#589 = VERTEX_POINT('',#590);
#590 = CARTESIAN_POINT('',(7.5,5.2201354136,-5.));
#591 = LINE('',#592,#593);
#592 = CARTESIAN_POINT('',(4.617997527812,7.083213844252,-5.));
#593 = VECTOR('',#594,1.);
#594 = DIRECTION('',(0.839802224969,-0.542892459827,0.));
#595 = ORIENTED_EDGE('',*,*,#596,.T.);
#596 = EDGE_CURVE('',#587,#597,#599,.T.);
#597 = VERTEX_POINT('',#598);
#598 = CARTESIAN_POINT('',(-1.2,8.8,-5.));
#599 = CIRCLE('',#600,10.716666666667);
#600 = AXIS2_PLACEMENT_3D('',#601,#602,#603);
#601 = CARTESIAN_POINT('',(-1.2,-1.916666666667,-5.));
#602 = DIRECTION('',(0.,0.,1.));
#603 = DIRECTION('',(1.,0.,0.));
#604 = ORIENTED_EDGE('',*,*,#605,.F.);
#605 = EDGE_CURVE('',#606,#597,#608,.T.);
#606 = VERTEX_POINT('',#607);
#607 = CARTESIAN_POINT('',(-5.7,8.8,-5.));
#608 = LINE('',#609,#610);
#609 = CARTESIAN_POINT('',(-5.7,8.8,-5.));
#610 = VECTOR('',#611,1.);
#611 = DIRECTION('',(1.,0.,0.));
#612 = ORIENTED_EDGE('',*,*,#613,.F.);
#613 = EDGE_CURVE('',#614,#606,#616,.T.);
#614 = VERTEX_POINT('',#615);
#615 = CARTESIAN_POINT('',(-5.7,12.,-5.));
#616 = LINE('',#617,#618);
#617 = CARTESIAN_POINT('',(-5.7,12.,-5.));
#618 = VECTOR('',#619,1.);
#619 = DIRECTION('',(0.,-1.,0.));
#620 = ORIENTED_EDGE('',*,*,#621,.F.);
#621 = EDGE_CURVE('',#622,#614,#624,.T.);
#622 = VERTEX_POINT('',#623);
#623 = CARTESIAN_POINT('',(9.3,12.,-5.));
#624 = LINE('',#625,#626);
#625 = CARTESIAN_POINT('',(9.3,12.,-5.));
#626 = VECTOR('',#627,1.);
#627 = DIRECTION('',(-1.,0.,0.));
#628 = ORIENTED_EDGE('',*,*,#629,.F.);
#629 = EDGE_CURVE('',#630,#622,#632,.T.);
#630 = VERTEX_POINT('',#631);
#631 = CARTESIAN_POINT('',(10.,5.2201354136,-5.));
#632 = LINE('',#633,#634);
#633 = CARTESIAN_POINT('',(10.,5.2201354136,-5.));
#634 = VECTOR('',#635,1.);
#635 = DIRECTION('',(-0.102700958801,0.994712276521,0.));
#636 = ORIENTED_EDGE('',*,*,#637,.F.);
#637 = EDGE_CURVE('',#589,#630,#638,.T.);
#638 = LINE('',#639,#640);
#639 = CARTESIAN_POINT('',(7.5,5.2201354136,-5.));
#640 = VECTOR('',#641,1.);
#641 = DIRECTION('',(1.,0.,0.));
#642 = PLANE('',#643);
#643 = AXIS2_PLACEMENT_3D('',#644,#645,#646);
#644 = CARTESIAN_POINT('',(-6.918872871195,10.984277167107,-5.));
#645 = DIRECTION('',(0.,0.,1.));
#646 = DIRECTION('',(1.,0.,0.));
#647 = ADVANCED_FACE('',(#648),#666,.F.);
#648 = FACE_BOUND('',#649,.F.);
#649 = EDGE_LOOP('',(#650,#658,#664,#665));
#650 = ORIENTED_EDGE('',*,*,#651,.T.);
#651 = EDGE_CURVE('',#505,#652,#654,.T.);
#652 = VERTEX_POINT('',#653);
#653 = CARTESIAN_POINT('',(17.650000000001,7.5,5.));
#654 = LINE('',#655,#656);
#655 = CARTESIAN_POINT('',(17.650000000001,7.5,-5.));
#656 = VECTOR('',#657,1.);
#657 = DIRECTION('',(0.,0.,1.));
#658 = ORIENTED_EDGE('',*,*,#659,.T.);
#659 = EDGE_CURVE('',#652,#63,#660,.T.);
#660 = LINE('',#661,#662);
#661 = CARTESIAN_POINT('',(17.650000000001,7.5,5.));
#662 = VECTOR('',#663,1.);
#663 = DIRECTION('',(0.,-1.,0.));
#664 = ORIENTED_EDGE('',*,*,#71,.F.);
#665 = ORIENTED_EDGE('',*,*,#512,.F.);
#666 = PLANE('',#667);
#667 = AXIS2_PLACEMENT_3D('',#668,#669,#670);
#668 = CARTESIAN_POINT('',(17.650000000001,7.5,-5.));
#669 = DIRECTION('',(1.,0.,0.));
#670 = DIRECTION('',(0.,-1.,0.));
#671 = ADVANCED_FACE('',(#672),#691,.T.);
#672 = FACE_BOUND('',#673,.F.);
#673 = EDGE_LOOP('',(#674,#675,#684,#690));
#674 = ORIENTED_EDGE('',*,*,#103,.T.);
#675 = ORIENTED_EDGE('',*,*,#676,.T.);
#676 = EDGE_CURVE('',#96,#677,#679,.T.);
#677 = VERTEX_POINT('',#678);
#678 = CARTESIAN_POINT('',(17.150000000001,4.85,5.));
#679 = CIRCLE('',#680,0.7);
#680 = AXIS2_PLACEMENT_3D('',#681,#682,#683);
#681 = CARTESIAN_POINT('',(17.150000000001,5.55,5.));
#682 = DIRECTION('',(0.,0.,1.));
#683 = DIRECTION('',(1.,0.,0.));
#684 = ORIENTED_EDGE('',*,*,#685,.F.);
#685 = EDGE_CURVE('',#129,#677,#686,.T.);
#686 = LINE('',#687,#688);
#687 = CARTESIAN_POINT('',(17.150000000001,4.85,-5.));
#688 = VECTOR('',#689,1.);
#689 = DIRECTION('',(0.,0.,1.));
#690 = ORIENTED_EDGE('',*,*,#128,.F.);
#691 = CYLINDRICAL_SURFACE('',#692,0.7);
#692 = AXIS2_PLACEMENT_3D('',#693,#694,#695);
#693 = CARTESIAN_POINT('',(17.150000000001,5.55,-5.));
#694 = DIRECTION('',(-0.,-0.,-1.));
#695 = DIRECTION('',(1.,0.,0.));
#696 = ADVANCED_FACE('',(#697),#715,.F.);
#697 = FACE_BOUND('',#698,.F.);
#698 = EDGE_LOOP('',(#699,#707,#713,#714));
#699 = ORIENTED_EDGE('',*,*,#700,.T.);
#700 = EDGE_CURVE('',#497,#701,#703,.T.);
#701 = VERTEX_POINT('',#702);
#702 = CARTESIAN_POINT('',(12.42657916218,7.5,5.));
#703 = LINE('',#704,#705);
#704 = CARTESIAN_POINT('',(12.42657916218,7.5,-5.));
#705 = VECTOR('',#706,1.);
#706 = DIRECTION('',(0.,0.,1.));
#707 = ORIENTED_EDGE('',*,*,#708,.T.);
#708 = EDGE_CURVE('',#701,#652,#709,.T.);
#709 = LINE('',#710,#711);
#710 = CARTESIAN_POINT('',(12.42657916218,7.5,5.));
#711 = VECTOR('',#712,1.);
#712 = DIRECTION('',(1.,0.,0.));
#713 = ORIENTED_EDGE('',*,*,#651,.F.);
#714 = ORIENTED_EDGE('',*,*,#504,.F.);
#715 = PLANE('',#716);
#716 = AXIS2_PLACEMENT_3D('',#717,#718,#719);
#717 = CARTESIAN_POINT('',(12.42657916218,7.5,-5.));
#718 = DIRECTION('',(0.,1.,0.));
#719 = DIRECTION('',(1.,0.,0.));
#720 = ADVANCED_FACE('',(#721),#739,.F.);
#721 = FACE_BOUND('',#722,.F.);
#722 = EDGE_LOOP('',(#723,#731,#737,#738));
#723 = ORIENTED_EDGE('',*,*,#724,.T.);
#724 = EDGE_CURVE('',#489,#725,#727,.T.);
#725 = VERTEX_POINT('',#726);
#726 = CARTESIAN_POINT('',(10.9,12.,5.));
#727 = LINE('',#728,#729);
#728 = CARTESIAN_POINT('',(10.9,12.,-5.));
#729 = VECTOR('',#730,1.);
#730 = DIRECTION('',(0.,0.,1.));
#731 = ORIENTED_EDGE('',*,*,#732,.T.);
#732 = EDGE_CURVE('',#725,#701,#733,.T.);
#733 = LINE('',#734,#735);
#734 = CARTESIAN_POINT('',(10.9,12.,5.));
#735 = VECTOR('',#736,1.);
#736 = DIRECTION('',(0.3212573643,-0.94699192493,0.));
#737 = ORIENTED_EDGE('',*,*,#700,.F.);
#738 = ORIENTED_EDGE('',*,*,#496,.F.);
#739 = PLANE('',#740);
#740 = AXIS2_PLACEMENT_3D('',#741,#742,#743);
#741 = CARTESIAN_POINT('',(10.9,12.,-5.));
#742 = DIRECTION('',(0.94699192493,0.3212573643,0.));
#743 = DIRECTION('',(0.3212573643,-0.94699192493,0.));
#744 = ADVANCED_FACE('',(#745),#763,.F.);
#745 = FACE_BOUND('',#746,.F.);
#746 = EDGE_LOOP('',(#747,#748,#756,#762));
#747 = ORIENTED_EDGE('',*,*,#685,.T.);
#748 = ORIENTED_EDGE('',*,*,#749,.T.);
#749 = EDGE_CURVE('',#677,#750,#752,.T.);
#750 = VERTEX_POINT('',#751);
#751 = CARTESIAN_POINT('',(19.450000000001,4.85,5.));
#752 = LINE('',#753,#754);
#753 = CARTESIAN_POINT('',(17.150000000001,4.85,5.));
#754 = VECTOR('',#755,1.);
#755 = DIRECTION('',(1.,0.,0.));
#756 = ORIENTED_EDGE('',*,*,#757,.F.);
#757 = EDGE_CURVE('',#138,#750,#758,.T.);
#758 = LINE('',#759,#760);
#759 = CARTESIAN_POINT('',(19.450000000001,4.85,-5.));
#760 = VECTOR('',#761,1.);
#761 = DIRECTION('',(0.,0.,1.));
#762 = ORIENTED_EDGE('',*,*,#137,.F.);
#763 = PLANE('',#764);
#764 = AXIS2_PLACEMENT_3D('',#765,#766,#767);
#765 = CARTESIAN_POINT('',(17.150000000001,4.85,-5.));
#766 = DIRECTION('',(0.,1.,0.));
#767 = DIRECTION('',(1.,0.,0.));
#768 = ADVANCED_FACE('',(#769),#787,.F.);
#769 = FACE_BOUND('',#770,.F.);
#770 = EDGE_LOOP('',(#771,#779,#785,#786));
#771 = ORIENTED_EDGE('',*,*,#772,.T.);
#772 = EDGE_CURVE('',#481,#773,#775,.T.);
#773 = VERTEX_POINT('',#774);
#774 = CARTESIAN_POINT('',(9.9,12.,5.));
#775 = LINE('',#776,#777);
#776 = CARTESIAN_POINT('',(9.9,12.,-5.));
#777 = VECTOR('',#778,1.);
#778 = DIRECTION('',(0.,0.,1.));
#779 = ORIENTED_EDGE('',*,*,#780,.T.);
#780 = EDGE_CURVE('',#773,#725,#781,.T.);
#781 = LINE('',#782,#783);
#782 = CARTESIAN_POINT('',(9.9,12.,5.));
#783 = VECTOR('',#784,1.);
#784 = DIRECTION('',(1.,0.,0.));
#785 = ORIENTED_EDGE('',*,*,#724,.F.);
#786 = ORIENTED_EDGE('',*,*,#488,.F.);
#787 = PLANE('',#788);
#788 = AXIS2_PLACEMENT_3D('',#789,#790,#791);
#789 = CARTESIAN_POINT('',(9.9,12.,-5.));
#790 = DIRECTION('',(0.,1.,0.));
#791 = DIRECTION('',(1.,0.,0.));
#792 = ADVANCED_FACE('',(#793),#812,.T.);
#793 = FACE_BOUND('',#794,.F.);
#794 = EDGE_LOOP('',(#795,#796,#805,#811));
#795 = ORIENTED_EDGE('',*,*,#757,.T.);
#796 = ORIENTED_EDGE('',*,*,#797,.T.);
#797 = EDGE_CURVE('',#750,#798,#800,.T.);
#798 = VERTEX_POINT('',#799);
#799 = CARTESIAN_POINT('',(21.450000000001,6.85,5.));
#800 = CIRCLE('',#801,2.);
#801 = AXIS2_PLACEMENT_3D('',#802,#803,#804);
#802 = CARTESIAN_POINT('',(19.450000000001,6.85,5.));
#803 = DIRECTION('',(0.,0.,1.));
#804 = DIRECTION('',(1.,0.,0.));
#805 = ORIENTED_EDGE('',*,*,#806,.F.);
#806 = EDGE_CURVE('',#146,#798,#807,.T.);
#807 = LINE('',#808,#809);
#808 = CARTESIAN_POINT('',(21.450000000001,6.85,-5.));
#809 = VECTOR('',#810,1.);
#810 = DIRECTION('',(0.,0.,1.));
#811 = ORIENTED_EDGE('',*,*,#145,.F.);
#812 = CYLINDRICAL_SURFACE('',#813,2.);
#813 = AXIS2_PLACEMENT_3D('',#814,#815,#816);
#814 = CARTESIAN_POINT('',(19.450000000001,6.85,-5.));
#815 = DIRECTION('',(-0.,-0.,-1.));
#816 = DIRECTION('',(1.,0.,0.));
#817 = ADVANCED_FACE('',(#818),#836,.F.);
#818 = FACE_BOUND('',#819,.F.);
#819 = EDGE_LOOP('',(#820,#828,#834,#835));
#820 = ORIENTED_EDGE('',*,*,#821,.T.);
#821 = EDGE_CURVE('',#473,#822,#824,.T.);
#822 = VERTEX_POINT('',#823);
#823 = CARTESIAN_POINT('',(12.2,5.2201354136,5.));
#824 = LINE('',#825,#826);
#825 = CARTESIAN_POINT('',(12.2,5.2201354136,-5.));
#826 = VECTOR('',#827,1.);
#827 = DIRECTION('',(0.,0.,1.));
#828 = ORIENTED_EDGE('',*,*,#829,.T.);
#829 = EDGE_CURVE('',#822,#773,#830,.T.);
#830 = LINE('',#831,#832);
#831 = CARTESIAN_POINT('',(12.2,5.2201354136,5.));
#832 = VECTOR('',#833,1.);
#833 = DIRECTION('',(-0.3212573643,0.94699192493,0.));
#834 = ORIENTED_EDGE('',*,*,#772,.F.);
#835 = ORIENTED_EDGE('',*,*,#480,.F.);
#836 = PLANE('',#837);
#837 = AXIS2_PLACEMENT_3D('',#838,#839,#840);
#838 = CARTESIAN_POINT('',(12.2,5.2201354136,-5.));
#839 = DIRECTION('',(-0.94699192493,-0.3212573643,0.));
#840 = DIRECTION('',(-0.3212573643,0.94699192493,0.));
#841 = ADVANCED_FACE('',(#842),#860,.F.);
#842 = FACE_BOUND('',#843,.F.);
#843 = EDGE_LOOP('',(#844,#845,#853,#859));
#844 = ORIENTED_EDGE('',*,*,#806,.T.);
#845 = ORIENTED_EDGE('',*,*,#846,.T.);
#846 = EDGE_CURVE('',#798,#847,#849,.T.);
#847 = VERTEX_POINT('',#848);
#848 = CARTESIAN_POINT('',(21.450000000001,12.,5.));
#849 = LINE('',#850,#851);
#850 = CARTESIAN_POINT('',(21.450000000001,6.85,5.));
#851 = VECTOR('',#852,1.);
#852 = DIRECTION('',(0.,1.,0.));
#853 = ORIENTED_EDGE('',*,*,#854,.F.);
#854 = EDGE_CURVE('',#155,#847,#855,.T.);
#855 = LINE('',#856,#857);
#856 = CARTESIAN_POINT('',(21.450000000001,12.,-5.));
#857 = VECTOR('',#858,1.);
#858 = DIRECTION('',(0.,0.,1.));
#859 = ORIENTED_EDGE('',*,*,#154,.F.);
#860 = PLANE('',#861);
#861 = AXIS2_PLACEMENT_3D('',#862,#863,#864);
#862 = CARTESIAN_POINT('',(21.450000000001,6.85,-5.));
#863 = DIRECTION('',(-1.,0.,0.));
#864 = DIRECTION('',(0.,1.,0.));
#865 = ADVANCED_FACE('',(#866),#884,.F.);
#866 = FACE_BOUND('',#867,.F.);
#867 = EDGE_LOOP('',(#868,#876,#882,#883));
#868 = ORIENTED_EDGE('',*,*,#869,.T.);
#869 = EDGE_CURVE('',#465,#870,#872,.T.);
#870 = VERTEX_POINT('',#871);
#871 = CARTESIAN_POINT('',(12.5,4.,5.));
#872 = LINE('',#873,#874);
#873 = CARTESIAN_POINT('',(12.5,4.,-5.));
#874 = VECTOR('',#875,1.);
#875 = DIRECTION('',(0.,0.,1.));
#876 = ORIENTED_EDGE('',*,*,#877,.T.);
#877 = EDGE_CURVE('',#870,#822,#878,.T.);
#878 = LINE('',#879,#880);
#879 = CARTESIAN_POINT('',(12.5,4.,5.));
#880 = VECTOR('',#881,1.);
#881 = DIRECTION('',(-0.238763130828,0.97107783795,0.));
#882 = ORIENTED_EDGE('',*,*,#821,.F.);
#883 = ORIENTED_EDGE('',*,*,#472,.F.);
#884 = PLANE('',#885);
#885 = AXIS2_PLACEMENT_3D('',#886,#887,#888);
#886 = CARTESIAN_POINT('',(12.5,4.,-5.));
#887 = DIRECTION('',(-0.97107783795,-0.238763130828,0.));
#888 = DIRECTION('',(-0.238763130828,0.97107783795,0.));
#889 = ADVANCED_FACE('',(#890),#908,.T.);
#890 = FACE_BOUND('',#891,.T.);
#891 = EDGE_LOOP('',(#892,#900,#906,#907));
#892 = ORIENTED_EDGE('',*,*,#893,.T.);
#893 = EDGE_CURVE('',#163,#894,#896,.T.);
#894 = VERTEX_POINT('',#895);
#895 = CARTESIAN_POINT('',(45.,12.,5.));
#896 = LINE('',#897,#898);
#897 = CARTESIAN_POINT('',(45.,12.,-5.));
#898 = VECTOR('',#899,1.);
#899 = DIRECTION('',(0.,0.,1.));
#900 = ORIENTED_EDGE('',*,*,#901,.T.);
#901 = EDGE_CURVE('',#894,#847,#902,.T.);
#902 = LINE('',#903,#904);
#903 = CARTESIAN_POINT('',(45.,12.,5.));
#904 = VECTOR('',#905,1.);
#905 = DIRECTION('',(-1.,0.,0.));
#906 = ORIENTED_EDGE('',*,*,#854,.F.);
#907 = ORIENTED_EDGE('',*,*,#162,.F.);
#908 = PLANE('',#909);
#909 = AXIS2_PLACEMENT_3D('',#910,#911,#912);
#910 = CARTESIAN_POINT('',(45.,12.,-5.));
#911 = DIRECTION('',(0.,-1.,0.));
#912 = DIRECTION('',(-1.,0.,0.));
#913 = ADVANCED_FACE('',(#914),#932,.F.);
#914 = FACE_BOUND('',#915,.F.);
#915 = EDGE_LOOP('',(#916,#924,#930,#931));
#916 = ORIENTED_EDGE('',*,*,#917,.T.);
#917 = EDGE_CURVE('',#457,#918,#920,.T.);
#918 = VERTEX_POINT('',#919);
#919 = CARTESIAN_POINT('',(11.5,4.,5.));
#920 = LINE('',#921,#922);
#921 = CARTESIAN_POINT('',(11.5,4.,-5.));
#922 = VECTOR('',#923,1.);
#923 = DIRECTION('',(0.,0.,1.));
#924 = ORIENTED_EDGE('',*,*,#925,.T.);
#925 = EDGE_CURVE('',#918,#870,#926,.T.);
#926 = LINE('',#927,#928);
#927 = CARTESIAN_POINT('',(11.5,4.,5.));
#928 = VECTOR('',#929,1.);
#929 = DIRECTION('',(1.,0.,0.));
#930 = ORIENTED_EDGE('',*,*,#869,.F.);
#931 = ORIENTED_EDGE('',*,*,#464,.F.);
#932 = PLANE('',#933);
#933 = AXIS2_PLACEMENT_3D('',#934,#935,#936);
#934 = CARTESIAN_POINT('',(11.5,4.,-5.));
#935 = DIRECTION('',(0.,1.,0.));
#936 = DIRECTION('',(1.,0.,0.));
#937 = ADVANCED_FACE('',(#938),#956,.F.);
#938 = FACE_BOUND('',#939,.F.);
#939 = EDGE_LOOP('',(#940,#941,#949,#955));
#940 = ORIENTED_EDGE('',*,*,#893,.T.);
#941 = ORIENTED_EDGE('',*,*,#942,.T.);
#942 = EDGE_CURVE('',#894,#943,#945,.T.);
#943 = VERTEX_POINT('',#944);
#944 = CARTESIAN_POINT('',(45.,20.,5.));
#945 = LINE('',#946,#947);
#946 = CARTESIAN_POINT('',(45.,12.,5.));
#947 = VECTOR('',#948,1.);
#948 = DIRECTION('',(0.,1.,0.));
#949 = ORIENTED_EDGE('',*,*,#950,.F.);
#950 = EDGE_CURVE('',#171,#943,#951,.T.);
#951 = LINE('',#952,#953);
#952 = CARTESIAN_POINT('',(45.,20.,-5.));
#953 = VECTOR('',#954,1.);
#954 = DIRECTION('',(0.,0.,1.));
#955 = ORIENTED_EDGE('',*,*,#170,.F.);
#956 = PLANE('',#957);
#957 = AXIS2_PLACEMENT_3D('',#958,#959,#960);
#958 = CARTESIAN_POINT('',(45.,12.,-5.));
#959 = DIRECTION('',(-1.,0.,0.));
#960 = DIRECTION('',(0.,1.,0.));
#961 = ADVANCED_FACE('',(#962),#980,.F.);
#962 = FACE_BOUND('',#963,.F.);
#963 = EDGE_LOOP('',(#964,#972,#978,#979));
#964 = ORIENTED_EDGE('',*,*,#965,.T.);
#965 = EDGE_CURVE('',#449,#966,#968,.T.);
#966 = VERTEX_POINT('',#967);
#967 = CARTESIAN_POINT('',(11.5,3.,5.));
#968 = LINE('',#969,#970);
#969 = CARTESIAN_POINT('',(11.5,3.,-5.));
#970 = VECTOR('',#971,1.);
#971 = DIRECTION('',(0.,0.,1.));
#972 = ORIENTED_EDGE('',*,*,#973,.T.);
#973 = EDGE_CURVE('',#966,#918,#974,.T.);
#974 = LINE('',#975,#976);
#975 = CARTESIAN_POINT('',(11.5,3.,5.));
#976 = VECTOR('',#977,1.);
#977 = DIRECTION('',(0.,1.,0.));
#978 = ORIENTED_EDGE('',*,*,#917,.F.);
#979 = ORIENTED_EDGE('',*,*,#456,.F.);
#980 = PLANE('',#981);
#981 = AXIS2_PLACEMENT_3D('',#982,#983,#984);
#982 = CARTESIAN_POINT('',(11.5,3.,-5.));
#983 = DIRECTION('',(-1.,0.,0.));
#984 = DIRECTION('',(0.,1.,0.));
#985 = ADVANCED_FACE('',(#986,#1004,#1015,#1026),#1037,.F.);
#986 = FACE_BOUND('',#987,.F.);
#987 = EDGE_LOOP('',(#988,#989,#997,#1003));
#988 = ORIENTED_EDGE('',*,*,#950,.T.);
#989 = ORIENTED_EDGE('',*,*,#990,.T.);
#990 = EDGE_CURVE('',#943,#991,#993,.T.);
#991 = VERTEX_POINT('',#992);
#992 = CARTESIAN_POINT('',(-45.,20.,5.));
#993 = LINE('',#994,#995);
#994 = CARTESIAN_POINT('',(45.,20.,5.));
#995 = VECTOR('',#996,1.);
#996 = DIRECTION('',(-1.,0.,0.));
#997 = ORIENTED_EDGE('',*,*,#998,.F.);
#998 = EDGE_CURVE('',#179,#991,#999,.T.);
#999 = LINE('',#1000,#1001);
#1000 = CARTESIAN_POINT('',(-45.,20.,-5.));
#1001 = VECTOR('',#1002,1.);
#1002 = DIRECTION('',(0.,0.,1.));
#1003 = ORIENTED_EDGE('',*,*,#178,.F.);
#1004 = FACE_BOUND('',#1005,.F.);
#1005 = EDGE_LOOP('',(#1006));
#1006 = ORIENTED_EDGE('',*,*,#1007,.T.);
#1007 = EDGE_CURVE('',#1008,#1008,#1010,.T.);
#1008 = VERTEX_POINT('',#1009);
#1009 = CARTESIAN_POINT('',(38.75,20.,0.));
#1010 = CIRCLE('',#1011,1.25);
#1011 = AXIS2_PLACEMENT_3D('',#1012,#1013,#1014);
#1012 = CARTESIAN_POINT('',(37.5,20.,0.));
#1013 = DIRECTION('',(0.,1.,-2.22044604925E-16));
#1014 = DIRECTION('',(1.,0.,0.));
#1015 = FACE_BOUND('',#1016,.F.);
#1016 = EDGE_LOOP('',(#1017));
#1017 = ORIENTED_EDGE('',*,*,#1018,.T.);
#1018 = EDGE_CURVE('',#1019,#1019,#1021,.T.);
#1019 = VERTEX_POINT('',#1020);
#1020 = CARTESIAN_POINT('',(1.25,20.,0.));
#1021 = CIRCLE('',#1022,1.25);
#1022 = AXIS2_PLACEMENT_3D('',#1023,#1024,#1025);
#1023 = CARTESIAN_POINT('',(5.E-16,20.,0.));
#1024 = DIRECTION('',(0.,1.,-2.22044604925E-16));
#1025 = DIRECTION('',(1.,0.,0.));
#1026 = FACE_BOUND('',#1027,.F.);
#1027 = EDGE_LOOP('',(#1028));
#1028 = ORIENTED_EDGE('',*,*,#1029,.T.);
#1029 = EDGE_CURVE('',#1030,#1030,#1032,.T.);
#1030 = VERTEX_POINT('',#1031);
#1031 = CARTESIAN_POINT('',(-36.25,20.,0.));
#1032 = CIRCLE('',#1033,1.25);
#1033 = AXIS2_PLACEMENT_3D('',#1034,#1035,#1036);
#1034 = CARTESIAN_POINT('',(-37.5,20.,0.));
#1035 = DIRECTION('',(0.,1.,-2.22044604925E-16));
#1036 = DIRECTION('',(1.,0.,0.));
#1037 = PLANE('',#1038);
#1038 = AXIS2_PLACEMENT_3D('',#1039,#1040,#1041);
#1039 = CARTESIAN_POINT('',(45.,20.,-5.));
#1040 = DIRECTION('',(0.,-1.,0.));
#1041 = DIRECTION('',(-1.,0.,0.));
#1042 = ADVANCED_FACE('',(#1043),#1061,.F.);
#1043 = FACE_BOUND('',#1044,.F.);
#1044 = EDGE_LOOP('',(#1045,#1053,#1059,#1060));
#1045 = ORIENTED_EDGE('',*,*,#1046,.T.);
#1046 = EDGE_CURVE('',#441,#1047,#1049,.T.);
#1047 = VERTEX_POINT('',#1048);
#1048 = CARTESIAN_POINT('',(12.5,3.,5.));
#1049 = LINE('',#1050,#1051);
#1050 = CARTESIAN_POINT('',(12.5,3.,-5.));
#1051 = VECTOR('',#1052,1.);
#1052 = DIRECTION('',(0.,0.,1.));
#1053 = ORIENTED_EDGE('',*,*,#1054,.T.);
#1054 = EDGE_CURVE('',#1047,#966,#1055,.T.);
#1055 = LINE('',#1056,#1057);
#1056 = CARTESIAN_POINT('',(12.5,3.,5.));
#1057 = VECTOR('',#1058,1.);
#1058 = DIRECTION('',(-1.,0.,0.));
#1059 = ORIENTED_EDGE('',*,*,#965,.F.);
#1060 = ORIENTED_EDGE('',*,*,#448,.F.);
#1061 = PLANE('',#1062);
#1062 = AXIS2_PLACEMENT_3D('',#1063,#1064,#1065);
#1063 = CARTESIAN_POINT('',(12.5,3.,-5.));
#1064 = DIRECTION('',(0.,-1.,0.));
#1065 = DIRECTION('',(-1.,0.,0.));
#1066 = ADVANCED_FACE('',(#1067),#1085,.F.);
#1067 = FACE_BOUND('',#1068,.F.);
#1068 = EDGE_LOOP('',(#1069,#1070,#1078,#1084));
#1069 = ORIENTED_EDGE('',*,*,#998,.T.);
#1070 = ORIENTED_EDGE('',*,*,#1071,.T.);
#1071 = EDGE_CURVE('',#991,#1072,#1074,.T.);
#1072 = VERTEX_POINT('',#1073);
#1073 = CARTESIAN_POINT('',(-44.,12.,5.));
#1074 = LINE('',#1075,#1076);
#1075 = CARTESIAN_POINT('',(-45.,20.,5.));
#1076 = VECTOR('',#1077,1.);
#1077 = DIRECTION('',(0.124034734589,-0.992277876714,0.));
#1078 = ORIENTED_EDGE('',*,*,#1079,.F.);
#1079 = EDGE_CURVE('',#187,#1072,#1080,.T.);
#1080 = LINE('',#1081,#1082);
#1081 = CARTESIAN_POINT('',(-44.,12.,-5.));
#1082 = VECTOR('',#1083,1.);
#1083 = DIRECTION('',(0.,0.,1.));
#1084 = ORIENTED_EDGE('',*,*,#186,.F.);
#1085 = PLANE('',#1086);
#1086 = AXIS2_PLACEMENT_3D('',#1087,#1088,#1089);
#1087 = CARTESIAN_POINT('',(-45.,20.,-5.));
#1088 = DIRECTION('',(0.992277876714,0.124034734589,0.));
#1089 = DIRECTION('',(0.124034734589,-0.992277876714,0.));
#1090 = ADVANCED_FACE('',(#1091),#1109,.F.);
#1091 = FACE_BOUND('',#1092,.F.);
#1092 = EDGE_LOOP('',(#1093,#1101,#1107,#1108));
#1093 = ORIENTED_EDGE('',*,*,#1094,.T.);
#1094 = EDGE_CURVE('',#432,#1095,#1097,.T.);
#1095 = VERTEX_POINT('',#1096);
#1096 = CARTESIAN_POINT('',(12.5,1.8,5.));
#1097 = LINE('',#1098,#1099);
#1098 = CARTESIAN_POINT('',(12.5,1.8,-5.));
#1099 = VECTOR('',#1100,1.);
#1100 = DIRECTION('',(0.,0.,1.));
#1101 = ORIENTED_EDGE('',*,*,#1102,.T.);
#1102 = EDGE_CURVE('',#1095,#1047,#1103,.T.);
#1103 = LINE('',#1104,#1105);
#1104 = CARTESIAN_POINT('',(12.5,1.8,5.));
#1105 = VECTOR('',#1106,1.);
#1106 = DIRECTION('',(0.,1.,0.));
#1107 = ORIENTED_EDGE('',*,*,#1046,.F.);
#1108 = ORIENTED_EDGE('',*,*,#440,.F.);
#1109 = PLANE('',#1110);
#1110 = AXIS2_PLACEMENT_3D('',#1111,#1112,#1113);
#1111 = CARTESIAN_POINT('',(12.5,1.8,-5.));
#1112 = DIRECTION('',(-1.,0.,0.));
#1113 = DIRECTION('',(0.,1.,0.));
#1114 = ADVANCED_FACE('',(#1115),#1133,.T.);
#1115 = FACE_BOUND('',#1116,.T.);
#1116 = EDGE_LOOP('',(#1117,#1118,#1126,#1132));
#1117 = ORIENTED_EDGE('',*,*,#194,.T.);
#1118 = ORIENTED_EDGE('',*,*,#1119,.T.);
#1119 = EDGE_CURVE('',#195,#1120,#1122,.T.);
#1120 = VERTEX_POINT('',#1121);
#1121 = CARTESIAN_POINT('',(-37.2,12.,5.));
#1122 = LINE('',#1123,#1124);
#1123 = CARTESIAN_POINT('',(-37.2,12.,-5.));
#1124 = VECTOR('',#1125,1.);
#1125 = DIRECTION('',(0.,0.,1.));
#1126 = ORIENTED_EDGE('',*,*,#1127,.F.);
#1127 = EDGE_CURVE('',#1072,#1120,#1128,.T.);
#1128 = LINE('',#1129,#1130);
#1129 = CARTESIAN_POINT('',(-44.,12.,5.));
#1130 = VECTOR('',#1131,1.);
#1131 = DIRECTION('',(1.,0.,0.));
#1132 = ORIENTED_EDGE('',*,*,#1079,.F.);
#1133 = PLANE('',#1134);
#1134 = AXIS2_PLACEMENT_3D('',#1135,#1136,#1137);
#1135 = CARTESIAN_POINT('',(-40.6,12.,0.));
#1136 = DIRECTION('',(-0.,-1.,-0.));
#1137 = DIRECTION('',(0.,0.,-1.));
#1138 = ADVANCED_FACE('',(#1139),#1158,.T.);
#1139 = FACE_BOUND('',#1140,.F.);
#1140 = EDGE_LOOP('',(#1141,#1149,#1156,#1157));
#1141 = ORIENTED_EDGE('',*,*,#1142,.T.);
#1142 = EDGE_CURVE('',#424,#1143,#1145,.T.);
#1143 = VERTEX_POINT('',#1144);
#1144 = CARTESIAN_POINT('',(11.7,1.,5.));
#1145 = LINE('',#1146,#1147);
#1146 = CARTESIAN_POINT('',(11.7,1.,-5.));
#1147 = VECTOR('',#1148,1.);
#1148 = DIRECTION('',(0.,0.,1.));
#1149 = ORIENTED_EDGE('',*,*,#1150,.T.);
#1150 = EDGE_CURVE('',#1143,#1095,#1151,.T.);
#1151 = CIRCLE('',#1152,0.8);
#1152 = AXIS2_PLACEMENT_3D('',#1153,#1154,#1155);
#1153 = CARTESIAN_POINT('',(11.7,1.8,5.));
#1154 = DIRECTION('',(0.,0.,1.));
#1155 = DIRECTION('',(1.,0.,0.));
#1156 = ORIENTED_EDGE('',*,*,#1094,.F.);
#1157 = ORIENTED_EDGE('',*,*,#431,.F.);
#1158 = CYLINDRICAL_SURFACE('',#1159,0.8);
#1159 = AXIS2_PLACEMENT_3D('',#1160,#1161,#1162);
#1160 = CARTESIAN_POINT('',(11.7,1.8,-5.));
#1161 = DIRECTION('',(-0.,-0.,-1.));
#1162 = DIRECTION('',(1.,0.,0.));
#1163 = ADVANCED_FACE('',(#1164),#1182,.F.);
#1164 = FACE_BOUND('',#1165,.F.);
#1165 = EDGE_LOOP('',(#1166,#1167,#1175,#1181));
#1166 = ORIENTED_EDGE('',*,*,#1119,.T.);
#1167 = ORIENTED_EDGE('',*,*,#1168,.T.);
#1168 = EDGE_CURVE('',#1120,#1169,#1171,.T.);
#1169 = VERTEX_POINT('',#1170);
#1170 = CARTESIAN_POINT('',(-37.2,10.7,5.));
#1171 = LINE('',#1172,#1173);
#1172 = CARTESIAN_POINT('',(-37.2,12.,5.));
#1173 = VECTOR('',#1174,1.);
#1174 = DIRECTION('',(0.,-1.,0.));
#1175 = ORIENTED_EDGE('',*,*,#1176,.F.);
#1176 = EDGE_CURVE('',#203,#1169,#1177,.T.);
#1177 = LINE('',#1178,#1179);
#1178 = CARTESIAN_POINT('',(-37.2,10.7,-5.));
#1179 = VECTOR('',#1180,1.);
#1180 = DIRECTION('',(0.,0.,1.));
#1181 = ORIENTED_EDGE('',*,*,#202,.F.);
#1182 = PLANE('',#1183);
#1183 = AXIS2_PLACEMENT_3D('',#1184,#1185,#1186);
#1184 = CARTESIAN_POINT('',(-37.2,12.,-5.));
#1185 = DIRECTION('',(1.,0.,0.));
#1186 = DIRECTION('',(0.,-1.,0.));
#1187 = ADVANCED_FACE('',(#1188),#1206,.F.);
#1188 = FACE_BOUND('',#1189,.F.);
#1189 = EDGE_LOOP('',(#1190,#1198,#1204,#1205));
#1190 = ORIENTED_EDGE('',*,*,#1191,.T.);
#1191 = EDGE_CURVE('',#416,#1192,#1194,.T.);
#1192 = VERTEX_POINT('',#1193);
#1193 = CARTESIAN_POINT('',(9.2,1.,5.));
#1194 = LINE('',#1195,#1196);
#1195 = CARTESIAN_POINT('',(9.2,1.,-5.));
#1196 = VECTOR('',#1197,1.);
#1197 = DIRECTION('',(0.,0.,1.));
#1198 = ORIENTED_EDGE('',*,*,#1199,.T.);
#1199 = EDGE_CURVE('',#1192,#1143,#1200,.T.);
#1200 = LINE('',#1201,#1202);
#1201 = CARTESIAN_POINT('',(9.2,1.,5.));
#1202 = VECTOR('',#1203,1.);
#1203 = DIRECTION('',(1.,0.,0.));
#1204 = ORIENTED_EDGE('',*,*,#1142,.F.);
#1205 = ORIENTED_EDGE('',*,*,#423,.F.);
#1206 = PLANE('',#1207);
#1207 = AXIS2_PLACEMENT_3D('',#1208,#1209,#1210);
#1208 = CARTESIAN_POINT('',(9.2,1.,-5.));
#1209 = DIRECTION('',(0.,1.,0.));
#1210 = DIRECTION('',(1.,0.,0.));
#1211 = ADVANCED_FACE('',(#1212),#1230,.T.);
#1212 = FACE_BOUND('',#1213,.T.);
#1213 = EDGE_LOOP('',(#1214,#1222,#1228,#1229));
#1214 = ORIENTED_EDGE('',*,*,#1215,.T.);
#1215 = EDGE_CURVE('',#211,#1216,#1218,.T.);
#1216 = VERTEX_POINT('',#1217);
#1217 = CARTESIAN_POINT('',(-41.3,10.7,5.));
#1218 = LINE('',#1219,#1220);
#1219 = CARTESIAN_POINT('',(-41.3,10.7,-5.));
#1220 = VECTOR('',#1221,1.);
#1221 = DIRECTION('',(0.,0.,1.));
#1222 = ORIENTED_EDGE('',*,*,#1223,.T.);
#1223 = EDGE_CURVE('',#1216,#1169,#1224,.T.);
#1224 = LINE('',#1225,#1226);
#1225 = CARTESIAN_POINT('',(-37.5,10.7,5.));
#1226 = VECTOR('',#1227,1.);
#1227 = DIRECTION('',(1.,0.,0.));
#1228 = ORIENTED_EDGE('',*,*,#1176,.F.);
#1229 = ORIENTED_EDGE('',*,*,#210,.T.);
#1230 = PLANE('',#1231);
#1231 = AXIS2_PLACEMENT_3D('',#1232,#1233,#1234);
#1232 = CARTESIAN_POINT('',(-39.25,10.7,0.));
#1233 = DIRECTION('',(0.,1.,0.));
#1234 = DIRECTION('',(0.,0.,1.));
#1235 = ADVANCED_FACE('',(#1236),#1254,.F.);
#1236 = FACE_BOUND('',#1237,.F.);
#1237 = EDGE_LOOP('',(#1238,#1246,#1252,#1253));
#1238 = ORIENTED_EDGE('',*,*,#1239,.T.);
#1239 = EDGE_CURVE('',#408,#1240,#1242,.T.);
#1240 = VERTEX_POINT('',#1241);
#1241 = CARTESIAN_POINT('',(9.2,2.7,5.));
#1242 = LINE('',#1243,#1244);
#1243 = CARTESIAN_POINT('',(9.2,2.7,-5.));
#1244 = VECTOR('',#1245,1.);
#1245 = DIRECTION('',(0.,0.,1.));
#1246 = ORIENTED_EDGE('',*,*,#1247,.T.);
#1247 = EDGE_CURVE('',#1240,#1192,#1248,.T.);
#1248 = LINE('',#1249,#1250);
#1249 = CARTESIAN_POINT('',(9.2,2.7,5.));
#1250 = VECTOR('',#1251,1.);
#1251 = DIRECTION('',(0.,-1.,0.));
#1252 = ORIENTED_EDGE('',*,*,#1191,.F.);
#1253 = ORIENTED_EDGE('',*,*,#415,.F.);
#1254 = PLANE('',#1255);
#1255 = AXIS2_PLACEMENT_3D('',#1256,#1257,#1258);
#1256 = CARTESIAN_POINT('',(9.2,2.7,-5.));
#1257 = DIRECTION('',(1.,0.,0.));
#1258 = DIRECTION('',(0.,-1.,0.));
#1259 = ADVANCED_FACE('',(#1260),#1278,.F.);
#1260 = FACE_BOUND('',#1261,.F.);
#1261 = EDGE_LOOP('',(#1262,#1263,#1271,#1277));
#1262 = ORIENTED_EDGE('',*,*,#1215,.T.);
#1263 = ORIENTED_EDGE('',*,*,#1264,.T.);
#1264 = EDGE_CURVE('',#1216,#1265,#1267,.T.);
#1265 = VERTEX_POINT('',#1266);
#1266 = CARTESIAN_POINT('',(-41.3,7.7,5.));
#1267 = LINE('',#1268,#1269);
#1268 = CARTESIAN_POINT('',(-41.3,10.7,5.));
#1269 = VECTOR('',#1270,1.);
#1270 = DIRECTION('',(0.,-1.,0.));
#1271 = ORIENTED_EDGE('',*,*,#1272,.F.);
#1272 = EDGE_CURVE('',#219,#1265,#1273,.T.);
#1273 = LINE('',#1274,#1275);
#1274 = CARTESIAN_POINT('',(-41.3,7.7,-5.));
#1275 = VECTOR('',#1276,1.);
#1276 = DIRECTION('',(0.,0.,1.));
#1277 = ORIENTED_EDGE('',*,*,#218,.F.);
#1278 = PLANE('',#1279);
#1279 = AXIS2_PLACEMENT_3D('',#1280,#1281,#1282);
#1280 = CARTESIAN_POINT('',(-41.3,10.7,-5.));
#1281 = DIRECTION('',(1.,0.,0.));
#1282 = DIRECTION('',(0.,-1.,0.));
#1283 = ADVANCED_FACE('',(#1284),#1302,.F.);
#1284 = FACE_BOUND('',#1285,.F.);
#1285 = EDGE_LOOP('',(#1286,#1294,#1300,#1301));
#1286 = ORIENTED_EDGE('',*,*,#1287,.T.);
#1287 = EDGE_CURVE('',#399,#1288,#1290,.T.);
#1288 = VERTEX_POINT('',#1289);
#1289 = CARTESIAN_POINT('',(8.,2.7,5.));
#1290 = LINE('',#1291,#1292);
#1291 = CARTESIAN_POINT('',(8.,2.7,-5.));
#1292 = VECTOR('',#1293,1.);
#1293 = DIRECTION('',(0.,0.,1.));
#1294 = ORIENTED_EDGE('',*,*,#1295,.T.);
#1295 = EDGE_CURVE('',#1288,#1240,#1296,.T.);
#1296 = LINE('',#1297,#1298);
#1297 = CARTESIAN_POINT('',(8.,2.7,5.));
#1298 = VECTOR('',#1299,1.);
#1299 = DIRECTION('',(1.,0.,0.));
#1300 = ORIENTED_EDGE('',*,*,#1239,.F.);
#1301 = ORIENTED_EDGE('',*,*,#407,.F.);
#1302 = PLANE('',#1303);
#1303 = AXIS2_PLACEMENT_3D('',#1304,#1305,#1306);
#1304 = CARTESIAN_POINT('',(8.,2.7,-5.));
#1305 = DIRECTION('',(0.,1.,0.));
#1306 = DIRECTION('',(1.,0.,0.));
#1307 = ADVANCED_FACE('',(#1308),#1358,.T.);
#1308 = FACE_BOUND('',#1309,.T.);
#1309 = EDGE_LOOP('',(#1310,#1311,#1319,#1327,#1335,#1343,#1351,#1357));
#1310 = ORIENTED_EDGE('',*,*,#226,.T.);
#1311 = ORIENTED_EDGE('',*,*,#1312,.T.);
#1312 = EDGE_CURVE('',#227,#1313,#1315,.T.);
#1313 = VERTEX_POINT('',#1314);
#1314 = CARTESIAN_POINT('',(-45.8,7.7,5.));
#1315 = LINE('',#1316,#1317);
#1316 = CARTESIAN_POINT('',(-45.8,7.7,-5.));
#1317 = VECTOR('',#1318,1.);
#1318 = DIRECTION('',(0.,0.,1.));
#1319 = ORIENTED_EDGE('',*,*,#1320,.F.);
#1320 = EDGE_CURVE('',#1321,#1313,#1323,.T.);
#1321 = VERTEX_POINT('',#1322);
#1322 = CARTESIAN_POINT('',(-44.3,7.7,5.));
#1323 = LINE('',#1324,#1325);
#1324 = CARTESIAN_POINT('',(-41.3,7.7,5.));
#1325 = VECTOR('',#1326,1.);
#1326 = DIRECTION('',(-1.,0.,0.));
#1327 = ORIENTED_EDGE('',*,*,#1328,.T.);
#1328 = EDGE_CURVE('',#1321,#1329,#1331,.T.);
#1329 = VERTEX_POINT('',#1330);
#1330 = CARTESIAN_POINT('',(-44.3,7.7,-1.));
#1331 = LINE('',#1332,#1333);
#1332 = CARTESIAN_POINT('',(-44.3,7.7,5.));
#1333 = VECTOR('',#1334,1.);
#1334 = DIRECTION('',(-0.,-0.,-1.));
#1335 = ORIENTED_EDGE('',*,*,#1336,.F.);
#1336 = EDGE_CURVE('',#1337,#1329,#1339,.T.);
#1337 = VERTEX_POINT('',#1338);
#1338 = CARTESIAN_POINT('',(-41.8,7.7,-1.));
#1339 = LINE('',#1340,#1341);
#1340 = CARTESIAN_POINT('',(-41.8,7.7,-1.));
#1341 = VECTOR('',#1342,1.);
#1342 = DIRECTION('',(-1.,0.,0.));
#1343 = ORIENTED_EDGE('',*,*,#1344,.F.);
#1344 = EDGE_CURVE('',#1345,#1337,#1347,.T.);
#1345 = VERTEX_POINT('',#1346);
#1346 = CARTESIAN_POINT('',(-41.8,7.7,5.));
#1347 = LINE('',#1348,#1349);
#1348 = CARTESIAN_POINT('',(-41.8,7.7,5.));
#1349 = VECTOR('',#1350,1.);
#1350 = DIRECTION('',(-0.,-0.,-1.));
#1351 = ORIENTED_EDGE('',*,*,#1352,.F.);
#1352 = EDGE_CURVE('',#1265,#1345,#1353,.T.);
#1353 = LINE('',#1354,#1355);
#1354 = CARTESIAN_POINT('',(-41.3,7.7,5.));
#1355 = VECTOR('',#1356,1.);
#1356 = DIRECTION('',(-1.,0.,0.));
#1357 = ORIENTED_EDGE('',*,*,#1272,.F.);
#1358 = PLANE('',#1359);
#1359 = AXIS2_PLACEMENT_3D('',#1360,#1361,#1362);
#1360 = CARTESIAN_POINT('',(-43.40365853658,7.7,0.219512195122));
#1361 = DIRECTION('',(0.,1.,0.));
#1362 = DIRECTION('',(0.,0.,1.));
#1363 = ADVANCED_FACE('',(#1364),#1383,.T.);
#1364 = FACE_BOUND('',#1365,.F.);
#1365 = EDGE_LOOP('',(#1366,#1374,#1381,#1382));
#1366 = ORIENTED_EDGE('',*,*,#1367,.T.);
#1367 = EDGE_CURVE('',#391,#1368,#1370,.T.);
#1368 = VERTEX_POINT('',#1369);
#1369 = CARTESIAN_POINT('',(7.5,3.2,5.));
#1370 = LINE('',#1371,#1372);
#1371 = CARTESIAN_POINT('',(7.5,3.2,-5.));
#1372 = VECTOR('',#1373,1.);
#1373 = DIRECTION('',(0.,0.,1.));
#1374 = ORIENTED_EDGE('',*,*,#1375,.T.);
#1375 = EDGE_CURVE('',#1368,#1288,#1376,.T.);
#1376 = CIRCLE('',#1377,0.5);
#1377 = AXIS2_PLACEMENT_3D('',#1378,#1379,#1380);
#1378 = CARTESIAN_POINT('',(8.,3.2,5.));
#1379 = DIRECTION('',(0.,0.,1.));
#1380 = DIRECTION('',(1.,0.,0.));
#1381 = ORIENTED_EDGE('',*,*,#1287,.F.);
#1382 = ORIENTED_EDGE('',*,*,#398,.F.);
#1383 = CYLINDRICAL_SURFACE('',#1384,0.5);
#1384 = AXIS2_PLACEMENT_3D('',#1385,#1386,#1387);
#1385 = CARTESIAN_POINT('',(8.,3.2,-5.));
#1386 = DIRECTION('',(-0.,-0.,-1.));
#1387 = DIRECTION('',(1.,0.,0.));
#1388 = ADVANCED_FACE('',(#1389),#1407,.F.);
#1389 = FACE_BOUND('',#1390,.F.);
#1390 = EDGE_LOOP('',(#1391,#1392,#1400,#1406));
#1391 = ORIENTED_EDGE('',*,*,#1312,.T.);
#1392 = ORIENTED_EDGE('',*,*,#1393,.T.);
#1393 = EDGE_CURVE('',#1313,#1394,#1396,.T.);
#1394 = VERTEX_POINT('',#1395);
#1395 = CARTESIAN_POINT('',(-45.8,1.8,5.));
#1396 = LINE('',#1397,#1398);
#1397 = CARTESIAN_POINT('',(-45.8,7.7,5.));
#1398 = VECTOR('',#1399,1.);
#1399 = DIRECTION('',(0.,-1.,0.));
#1400 = ORIENTED_EDGE('',*,*,#1401,.F.);
#1401 = EDGE_CURVE('',#235,#1394,#1402,.T.);
#1402 = LINE('',#1403,#1404);
#1403 = CARTESIAN_POINT('',(-45.8,1.8,-5.));
#1404 = VECTOR('',#1405,1.);
#1405 = DIRECTION('',(0.,0.,1.));
#1406 = ORIENTED_EDGE('',*,*,#234,.F.);
#1407 = PLANE('',#1408);
#1408 = AXIS2_PLACEMENT_3D('',#1409,#1410,#1411);
#1409 = CARTESIAN_POINT('',(-45.8,7.7,-5.));
#1410 = DIRECTION('',(1.,0.,0.));
#1411 = DIRECTION('',(0.,-1.,0.));
#1412 = ADVANCED_FACE('',(#1413),#1431,.F.);
#1413 = FACE_BOUND('',#1414,.F.);
#1414 = EDGE_LOOP('',(#1415,#1423,#1429,#1430));
#1415 = ORIENTED_EDGE('',*,*,#1416,.T.);
#1416 = EDGE_CURVE('',#382,#1417,#1419,.T.);
#1417 = VERTEX_POINT('',#1418);
#1418 = CARTESIAN_POINT('',(7.5,3.4,5.));
#1419 = LINE('',#1420,#1421);
#1420 = CARTESIAN_POINT('',(7.5,3.4,-5.));
#1421 = VECTOR('',#1422,1.);
#1422 = DIRECTION('',(0.,0.,1.));
#1423 = ORIENTED_EDGE('',*,*,#1424,.T.);
#1424 = EDGE_CURVE('',#1417,#1368,#1425,.T.);
#1425 = LINE('',#1426,#1427);
#1426 = CARTESIAN_POINT('',(7.5,3.4,5.));
#1427 = VECTOR('',#1428,1.);
#1428 = DIRECTION('',(0.,-1.,0.));
#1429 = ORIENTED_EDGE('',*,*,#1367,.F.);
#1430 = ORIENTED_EDGE('',*,*,#390,.F.);
#1431 = PLANE('',#1432);
#1432 = AXIS2_PLACEMENT_3D('',#1433,#1434,#1435);
#1433 = CARTESIAN_POINT('',(7.5,3.4,-5.));
#1434 = DIRECTION('',(1.,0.,0.));
#1435 = DIRECTION('',(0.,-1.,0.));
#1436 = ADVANCED_FACE('',(#1437),#1455,.T.);
#1437 = FACE_BOUND('',#1438,.T.);
#1438 = EDGE_LOOP('',(#1439,#1440,#1441,#1449));
#1439 = ORIENTED_EDGE('',*,*,#1401,.F.);
#1440 = ORIENTED_EDGE('',*,*,#242,.F.);
#1441 = ORIENTED_EDGE('',*,*,#1442,.T.);
#1442 = EDGE_CURVE('',#243,#1443,#1445,.T.);
#1443 = VERTEX_POINT('',#1444);
#1444 = CARTESIAN_POINT('',(-18.64999999999,1.8,5.));
#1445 = LINE('',#1446,#1447);
#1446 = CARTESIAN_POINT('',(-18.64999999999,1.8,-5.));
#1447 = VECTOR('',#1448,1.);
#1448 = DIRECTION('',(0.,0.,1.));
#1449 = ORIENTED_EDGE('',*,*,#1450,.T.);
#1450 = EDGE_CURVE('',#1443,#1394,#1451,.T.);
#1451 = LINE('',#1452,#1453);
#1452 = CARTESIAN_POINT('',(-41.3,1.8,5.));
#1453 = VECTOR('',#1454,1.);
#1454 = DIRECTION('',(-1.,0.,0.));
#1455 = PLANE('',#1456);
#1456 = AXIS2_PLACEMENT_3D('',#1457,#1458,#1459);
#1457 = CARTESIAN_POINT('',(-32.225,1.8,0.));
#1458 = DIRECTION('',(-0.,-1.,-0.));
#1459 = DIRECTION('',(0.,0.,-1.));
#1460 = ADVANCED_FACE('',(#1461),#1480,.F.);
#1461 = FACE_BOUND('',#1462,.T.);
#1462 = EDGE_LOOP('',(#1463,#1464,#1473,#1479));
#1463 = ORIENTED_EDGE('',*,*,#1416,.T.);
#1464 = ORIENTED_EDGE('',*,*,#1465,.T.);
#1465 = EDGE_CURVE('',#1417,#1466,#1468,.T.);
#1466 = VERTEX_POINT('',#1467);
#1467 = CARTESIAN_POINT('',(7.271446229913,3.819901112485,5.));
#1468 = CIRCLE('',#1469,0.5);
#1469 = AXIS2_PLACEMENT_3D('',#1470,#1471,#1472);
#1470 = CARTESIAN_POINT('',(7.,3.4,5.));
#1471 = DIRECTION('',(0.,0.,1.));
#1472 = DIRECTION('',(1.,0.,0.));
#1473 = ORIENTED_EDGE('',*,*,#1474,.F.);
#1474 = EDGE_CURVE('',#374,#1466,#1475,.T.);
#1475 = LINE('',#1476,#1477);
#1476 = CARTESIAN_POINT('',(7.271446229913,3.819901112485,-5.));
#1477 = VECTOR('',#1478,1.);
#1478 = DIRECTION('',(0.,0.,1.));
#1479 = ORIENTED_EDGE('',*,*,#381,.F.);
#1480 = CYLINDRICAL_SURFACE('',#1481,0.5);
#1481 = AXIS2_PLACEMENT_3D('',#1482,#1483,#1484);
#1482 = CARTESIAN_POINT('',(7.,3.4,-5.));
#1483 = DIRECTION('',(-0.,-0.,-1.));
#1484 = DIRECTION('',(1.,0.,0.));
#1485 = ADVANCED_FACE('',(#1486),#1504,.T.);
#1486 = FACE_BOUND('',#1487,.T.);
#1487 = EDGE_LOOP('',(#1488,#1496,#1502,#1503));
#1488 = ORIENTED_EDGE('',*,*,#1489,.T.);
#1489 = EDGE_CURVE('',#251,#1490,#1492,.T.);
#1490 = VERTEX_POINT('',#1491);
#1491 = CARTESIAN_POINT('',(-18.08607513472,2.472059484144,5.));
#1492 = LINE('',#1493,#1494);
#1493 = CARTESIAN_POINT('',(-18.08607513472,2.472059484144,-5.));
#1494 = VECTOR('',#1495,1.);
#1495 = DIRECTION('',(0.,0.,1.));
#1496 = ORIENTED_EDGE('',*,*,#1497,.T.);
#1497 = EDGE_CURVE('',#1490,#1443,#1498,.T.);
#1498 = LINE('',#1499,#1500);
#1499 = CARTESIAN_POINT('',(-18.08607513472,2.472059484144,5.));
#1500 = VECTOR('',#1501,1.);
#1501 = DIRECTION('',(-0.642787609687,-0.766044443119,0.));
#1502 = ORIENTED_EDGE('',*,*,#1442,.F.);
#1503 = ORIENTED_EDGE('',*,*,#250,.F.);
#1504 = PLANE('',#1505);
#1505 = AXIS2_PLACEMENT_3D('',#1506,#1507,#1508);
#1506 = CARTESIAN_POINT('',(-18.08607513472,2.472059484144,-5.));
#1507 = DIRECTION('',(0.766044443119,-0.642787609687,0.));
#1508 = DIRECTION('',(-0.642787609687,-0.766044443119,0.));
#1509 = ADVANCED_FACE('',(#1510),#1528,.F.);
#1510 = FACE_BOUND('',#1511,.F.);
#1511 = EDGE_LOOP('',(#1512,#1520,#1526,#1527));
#1512 = ORIENTED_EDGE('',*,*,#1513,.T.);
#1513 = EDGE_CURVE('',#365,#1514,#1516,.T.);
#1514 = VERTEX_POINT('',#1515);
#1515 = CARTESIAN_POINT('',(3.912237330037,5.991470951792,5.));
#1516 = LINE('',#1517,#1518);
#1517 = CARTESIAN_POINT('',(3.912237330037,5.991470951792,-5.));
#1518 = VECTOR('',#1519,1.);
#1519 = DIRECTION('',(0.,0.,1.));
#1520 = ORIENTED_EDGE('',*,*,#1521,.T.);
#1521 = EDGE_CURVE('',#1514,#1466,#1522,.T.);
#1522 = LINE('',#1523,#1524);
#1523 = CARTESIAN_POINT('',(3.912237330037,5.991470951792,5.));
#1524 = VECTOR('',#1525,1.);
#1525 = DIRECTION('',(0.839802224969,-0.542892459827,0.));
#1526 = ORIENTED_EDGE('',*,*,#1474,.F.);
#1527 = ORIENTED_EDGE('',*,*,#373,.F.);
#1528 = PLANE('',#1529);
#1529 = AXIS2_PLACEMENT_3D('',#1530,#1531,#1532);
#1530 = CARTESIAN_POINT('',(3.912237330037,5.991470951792,-5.));
#1531 = DIRECTION('',(0.542892459827,0.839802224969,0.));
#1532 = DIRECTION('',(0.839802224969,-0.542892459827,0.));
#1533 = ADVANCED_FACE('',(#1534),#1553,.T.);
#1534 = FACE_BOUND('',#1535,.F.);
#1535 = EDGE_LOOP('',(#1536,#1537,#1546,#1552));
#1536 = ORIENTED_EDGE('',*,*,#1489,.T.);
#1537 = ORIENTED_EDGE('',*,*,#1538,.T.);
#1538 = EDGE_CURVE('',#1490,#1539,#1541,.T.);
#1539 = VERTEX_POINT('',#1540);
#1540 = CARTESIAN_POINT('',(-16.55473196547,5.756035508282,5.));
#1541 = CIRCLE('',#1542,7.);
#1542 = AXIS2_PLACEMENT_3D('',#1543,#1544,#1545);
#1543 = CARTESIAN_POINT('',(-23.44838623655,6.97157275195,5.));
#1544 = DIRECTION('',(0.,0.,1.));
#1545 = DIRECTION('',(1.,0.,0.));
#1546 = ORIENTED_EDGE('',*,*,#1547,.F.);
#1547 = EDGE_CURVE('',#259,#1539,#1548,.T.);
#1548 = LINE('',#1549,#1550);
#1549 = CARTESIAN_POINT('',(-16.55473196547,5.756035508282,-5.));
#1550 = VECTOR('',#1551,1.);
#1551 = DIRECTION('',(0.,0.,1.));
#1552 = ORIENTED_EDGE('',*,*,#258,.F.);
#1553 = CYLINDRICAL_SURFACE('',#1554,7.);
#1554 = AXIS2_PLACEMENT_3D('',#1555,#1556,#1557);
#1555 = CARTESIAN_POINT('',(-23.44838623655,6.97157275195,-5.));
#1556 = DIRECTION('',(-0.,-0.,-1.));
#1557 = DIRECTION('',(1.,0.,0.));
#1558 = ADVANCED_FACE('',(#1559),#1578,.F.);
#1559 = FACE_BOUND('',#1560,.T.);
#1560 = EDGE_LOOP('',(#1561,#1562,#1571,#1577));
#1561 = ORIENTED_EDGE('',*,*,#1513,.T.);
#1562 = ORIENTED_EDGE('',*,*,#1563,.T.);
#1563 = EDGE_CURVE('',#1514,#1564,#1566,.T.);
#1564 = VERTEX_POINT('',#1565);
#1565 = CARTESIAN_POINT('',(-1.2,7.5,5.));
#1566 = CIRCLE('',#1567,9.416666666667);
#1567 = AXIS2_PLACEMENT_3D('',#1568,#1569,#1570);
#1568 = CARTESIAN_POINT('',(-1.2,-1.916666666667,5.));
#1569 = DIRECTION('',(0.,0.,1.));
#1570 = DIRECTION('',(1.,0.,0.));
#1571 = ORIENTED_EDGE('',*,*,#1572,.F.);
#1572 = EDGE_CURVE('',#357,#1564,#1573,.T.);
#1573 = LINE('',#1574,#1575);
#1574 = CARTESIAN_POINT('',(-1.2,7.5,-5.));
#1575 = VECTOR('',#1576,1.);
#1576 = DIRECTION('',(0.,0.,1.));
#1577 = ORIENTED_EDGE('',*,*,#364,.F.);
#1578 = CYLINDRICAL_SURFACE('',#1579,9.416666666667);
#1579 = AXIS2_PLACEMENT_3D('',#1580,#1581,#1582);
#1580 = CARTESIAN_POINT('',(-1.2,-1.916666666667,-5.));
#1581 = DIRECTION('',(-0.,-0.,-1.));
#1582 = DIRECTION('',(1.,0.,0.));
#1583 = ADVANCED_FACE('',(#1584),#1602,.T.);
#1584 = FACE_BOUND('',#1585,.T.);
#1585 = EDGE_LOOP('',(#1586,#1594,#1600,#1601));
#1586 = ORIENTED_EDGE('',*,*,#1587,.T.);
#1587 = EDGE_CURVE('',#268,#1588,#1590,.T.);
#1588 = VERTEX_POINT('',#1589);
#1589 = CARTESIAN_POINT('',(-16.44999999999,6.35,5.));
#1590 = LINE('',#1591,#1592);
#1591 = CARTESIAN_POINT('',(-16.44999999999,6.35,-5.));
#1592 = VECTOR('',#1593,1.);
#1593 = DIRECTION('',(0.,0.,1.));
#1594 = ORIENTED_EDGE('',*,*,#1595,.T.);
#1595 = EDGE_CURVE('',#1588,#1539,#1596,.T.);
#1596 = LINE('',#1597,#1598);
#1597 = CARTESIAN_POINT('',(-16.44999999999,6.35,5.));
#1598 = VECTOR('',#1599,1.);
#1599 = DIRECTION('',(-0.173648177667,-0.984807753012,0.));
#1600 = ORIENTED_EDGE('',*,*,#1547,.F.);
#1601 = ORIENTED_EDGE('',*,*,#267,.F.);
#1602 = PLANE('',#1603);
#1603 = AXIS2_PLACEMENT_3D('',#1604,#1605,#1606);
#1604 = CARTESIAN_POINT('',(-16.44999999999,6.35,-5.));
#1605 = DIRECTION('',(0.984807753012,-0.173648177667,0.));
#1606 = DIRECTION('',(-0.173648177667,-0.984807753012,0.));
#1607 = ADVANCED_FACE('',(#1608),#1626,.F.);
#1608 = FACE_BOUND('',#1609,.F.);
#1609 = EDGE_LOOP('',(#1610,#1618,#1624,#1625));
#1610 = ORIENTED_EDGE('',*,*,#1611,.T.);
#1611 = EDGE_CURVE('',#349,#1612,#1614,.T.);
#1612 = VERTEX_POINT('',#1613);
#1613 = CARTESIAN_POINT('',(-7.,7.5,5.));
#1614 = LINE('',#1615,#1616);
#1615 = CARTESIAN_POINT('',(-7.,7.5,-5.));
#1616 = VECTOR('',#1617,1.);
#1617 = DIRECTION('',(0.,0.,1.));
#1618 = ORIENTED_EDGE('',*,*,#1619,.T.);
#1619 = EDGE_CURVE('',#1612,#1564,#1620,.T.);
#1620 = LINE('',#1621,#1622);
#1621 = CARTESIAN_POINT('',(-7.,7.5,5.));
#1622 = VECTOR('',#1623,1.);
#1623 = DIRECTION('',(1.,0.,0.));
#1624 = ORIENTED_EDGE('',*,*,#1572,.F.);
#1625 = ORIENTED_EDGE('',*,*,#356,.F.);
#1626 = PLANE('',#1627);
#1627 = AXIS2_PLACEMENT_3D('',#1628,#1629,#1630);
#1628 = CARTESIAN_POINT('',(-7.,7.5,-5.));
#1629 = DIRECTION('',(0.,1.,0.));
#1630 = DIRECTION('',(1.,0.,0.));
#1631 = ADVANCED_FACE('',(#1632),#1650,.F.);
#1632 = FACE_BOUND('',#1633,.F.);
#1633 = EDGE_LOOP('',(#1634,#1635,#1643,#1649));
#1634 = ORIENTED_EDGE('',*,*,#1587,.T.);
#1635 = ORIENTED_EDGE('',*,*,#1636,.T.);
#1636 = EDGE_CURVE('',#1588,#1637,#1639,.T.);
#1637 = VERTEX_POINT('',#1638);
#1638 = CARTESIAN_POINT('',(-17.35,6.35,5.));
#1639 = LINE('',#1640,#1641);
#1640 = CARTESIAN_POINT('',(-16.44999999999,6.35,5.));
#1641 = VECTOR('',#1642,1.);
#1642 = DIRECTION('',(-1.,0.,0.));
#1643 = ORIENTED_EDGE('',*,*,#1644,.F.);
#1644 = EDGE_CURVE('',#276,#1637,#1645,.T.);
#1645 = LINE('',#1646,#1647);
#1646 = CARTESIAN_POINT('',(-17.35,6.35,-5.));
#1647 = VECTOR('',#1648,1.);
#1648 = DIRECTION('',(0.,0.,1.));
#1649 = ORIENTED_EDGE('',*,*,#275,.F.);
#1650 = PLANE('',#1651);
#1651 = AXIS2_PLACEMENT_3D('',#1652,#1653,#1654);
#1652 = CARTESIAN_POINT('',(-16.44999999999,6.35,-5.));
#1653 = DIRECTION('',(0.,-1.,0.));
#1654 = DIRECTION('',(-1.,0.,0.));
#1655 = ADVANCED_FACE('',(#1656),#1674,.F.);
#1656 = FACE_BOUND('',#1657,.F.);
#1657 = EDGE_LOOP('',(#1658,#1666,#1672,#1673));
#1658 = ORIENTED_EDGE('',*,*,#1659,.T.);
#1659 = EDGE_CURVE('',#341,#1660,#1662,.T.);
#1660 = VERTEX_POINT('',#1661);
#1661 = CARTESIAN_POINT('',(-7.,12.,5.));
#1662 = LINE('',#1663,#1664);
#1663 = CARTESIAN_POINT('',(-7.,12.,-5.));
#1664 = VECTOR('',#1665,1.);
#1665 = DIRECTION('',(0.,0.,1.));
#1666 = ORIENTED_EDGE('',*,*,#1667,.T.);
#1667 = EDGE_CURVE('',#1660,#1612,#1668,.T.);
#1668 = LINE('',#1669,#1670);
#1669 = CARTESIAN_POINT('',(-7.,12.,5.));
#1670 = VECTOR('',#1671,1.);
#1671 = DIRECTION('',(0.,-1.,0.));
#1672 = ORIENTED_EDGE('',*,*,#1611,.F.);
#1673 = ORIENTED_EDGE('',*,*,#348,.F.);
#1674 = PLANE('',#1675);
#1675 = AXIS2_PLACEMENT_3D('',#1676,#1677,#1678);
#1676 = CARTESIAN_POINT('',(-7.,12.,-5.));
#1677 = DIRECTION('',(1.,0.,0.));
#1678 = DIRECTION('',(0.,-1.,0.));
#1679 = ADVANCED_FACE('',(#1680),#1699,.F.);
#1680 = FACE_BOUND('',#1681,.T.);
#1681 = EDGE_LOOP('',(#1682,#1690,#1697,#1698));
#1682 = ORIENTED_EDGE('',*,*,#1683,.T.);
#1683 = EDGE_CURVE('',#284,#1684,#1686,.T.);
#1684 = VERTEX_POINT('',#1685);
#1685 = CARTESIAN_POINT('',(-17.65,6.65,5.));
#1686 = LINE('',#1687,#1688);
#1687 = CARTESIAN_POINT('',(-17.65,6.65,-5.));
#1688 = VECTOR('',#1689,1.);
#1689 = DIRECTION('',(0.,0.,1.));
#1690 = ORIENTED_EDGE('',*,*,#1691,.T.);
#1691 = EDGE_CURVE('',#1684,#1637,#1692,.T.);
#1692 = CIRCLE('',#1693,0.3);
#1693 = AXIS2_PLACEMENT_3D('',#1694,#1695,#1696);
#1694 = CARTESIAN_POINT('',(-17.35,6.65,5.));
#1695 = DIRECTION('',(0.,0.,1.));
#1696 = DIRECTION('',(1.,0.,0.));
#1697 = ORIENTED_EDGE('',*,*,#1644,.F.);
#1698 = ORIENTED_EDGE('',*,*,#283,.F.);
#1699 = CYLINDRICAL_SURFACE('',#1700,0.3);
#1700 = AXIS2_PLACEMENT_3D('',#1701,#1702,#1703);
#1701 = CARTESIAN_POINT('',(-17.35,6.65,-5.));
#1702 = DIRECTION('',(-0.,-0.,-1.));
#1703 = DIRECTION('',(1.,0.,0.));
#1704 = ADVANCED_FACE('',(#1705),#1723,.F.);
#1705 = FACE_BOUND('',#1706,.F.);
#1706 = EDGE_LOOP('',(#1707,#1715,#1721,#1722));
#1707 = ORIENTED_EDGE('',*,*,#1708,.T.);
#1708 = EDGE_CURVE('',#333,#1709,#1711,.T.);
#1709 = VERTEX_POINT('',#1710);
#1710 = CARTESIAN_POINT('',(-13.7,12.,5.));
#1711 = LINE('',#1712,#1713);
#1712 = CARTESIAN_POINT('',(-13.7,12.,-5.));
#1713 = VECTOR('',#1714,1.);
#1714 = DIRECTION('',(0.,0.,1.));
#1715 = ORIENTED_EDGE('',*,*,#1716,.T.);
#1716 = EDGE_CURVE('',#1709,#1660,#1717,.T.);
#1717 = LINE('',#1718,#1719);
#1718 = CARTESIAN_POINT('',(-13.7,12.,5.));
#1719 = VECTOR('',#1720,1.);
#1720 = DIRECTION('',(1.,0.,0.));
#1721 = ORIENTED_EDGE('',*,*,#1659,.F.);
#1722 = ORIENTED_EDGE('',*,*,#340,.F.);
#1723 = PLANE('',#1724);
#1724 = AXIS2_PLACEMENT_3D('',#1725,#1726,#1727);
#1725 = CARTESIAN_POINT('',(-13.7,12.,-5.));
#1726 = DIRECTION('',(0.,1.,0.));
#1727 = DIRECTION('',(1.,0.,0.));
#1728 = ADVANCED_FACE('',(#1729),#1747,.F.);
#1729 = FACE_BOUND('',#1730,.F.);
#1730 = EDGE_LOOP('',(#1731,#1732,#1740,#1746));
#1731 = ORIENTED_EDGE('',*,*,#1683,.T.);
#1732 = ORIENTED_EDGE('',*,*,#1733,.T.);
#1733 = EDGE_CURVE('',#1684,#1734,#1736,.T.);
#1734 = VERTEX_POINT('',#1735);
#1735 = CARTESIAN_POINT('',(-17.65,7.5,5.));
#1736 = LINE('',#1737,#1738);
#1737 = CARTESIAN_POINT('',(-17.65,6.65,5.));
#1738 = VECTOR('',#1739,1.);
#1739 = DIRECTION('',(0.,1.,0.));
#1740 = ORIENTED_EDGE('',*,*,#1741,.F.);
#1741 = EDGE_CURVE('',#293,#1734,#1742,.T.);
#1742 = LINE('',#1743,#1744);
#1743 = CARTESIAN_POINT('',(-17.65,7.5,-5.));
#1744 = VECTOR('',#1745,1.);
#1745 = DIRECTION('',(0.,0.,1.));
#1746 = ORIENTED_EDGE('',*,*,#292,.F.);
#1747 = PLANE('',#1748);
#1748 = AXIS2_PLACEMENT_3D('',#1749,#1750,#1751);
#1749 = CARTESIAN_POINT('',(-17.65,6.65,-5.));
#1750 = DIRECTION('',(-1.,0.,0.));
#1751 = DIRECTION('',(0.,1.,0.));
#1752 = ADVANCED_FACE('',(#1753),#1771,.F.);
#1753 = FACE_BOUND('',#1754,.F.);
#1754 = EDGE_LOOP('',(#1755,#1763,#1769,#1770));
#1755 = ORIENTED_EDGE('',*,*,#1756,.T.);
#1756 = EDGE_CURVE('',#325,#1757,#1759,.T.);
#1757 = VERTEX_POINT('',#1758);
#1758 = CARTESIAN_POINT('',(-13.7,9.4,5.));
#1759 = LINE('',#1760,#1761);
#1760 = CARTESIAN_POINT('',(-13.7,9.4,-5.));
#1761 = VECTOR('',#1762,1.);
#1762 = DIRECTION('',(0.,0.,1.));
#1763 = ORIENTED_EDGE('',*,*,#1764,.T.);
#1764 = EDGE_CURVE('',#1757,#1709,#1765,.T.);
#1765 = LINE('',#1766,#1767);
#1766 = CARTESIAN_POINT('',(-13.7,9.4,5.));
#1767 = VECTOR('',#1768,1.);
#1768 = DIRECTION('',(0.,1.,0.));
#1769 = ORIENTED_EDGE('',*,*,#1708,.F.);
#1770 = ORIENTED_EDGE('',*,*,#332,.F.);
#1771 = PLANE('',#1772);
#1772 = AXIS2_PLACEMENT_3D('',#1773,#1774,#1775);
#1773 = CARTESIAN_POINT('',(-13.7,9.4,-5.));
#1774 = DIRECTION('',(-1.,0.,0.));
#1775 = DIRECTION('',(0.,1.,0.));
#1776 = ADVANCED_FACE('',(#1777),#1795,.F.);
#1777 = FACE_BOUND('',#1778,.F.);
#1778 = EDGE_LOOP('',(#1779,#1780,#1788,#1794));
#1779 = ORIENTED_EDGE('',*,*,#1741,.T.);
#1780 = ORIENTED_EDGE('',*,*,#1781,.T.);
#1781 = EDGE_CURVE('',#1734,#1782,#1784,.T.);
#1782 = VERTEX_POINT('',#1783);
#1783 = CARTESIAN_POINT('',(-16.45,7.5,5.));
#1784 = LINE('',#1785,#1786);
#1785 = CARTESIAN_POINT('',(-17.65,7.5,5.));
#1786 = VECTOR('',#1787,1.);
#1787 = DIRECTION('',(1.,0.,0.));
#1788 = ORIENTED_EDGE('',*,*,#1789,.F.);
#1789 = EDGE_CURVE('',#301,#1782,#1790,.T.);
#1790 = LINE('',#1791,#1792);
#1791 = CARTESIAN_POINT('',(-16.45,7.5,-5.));
#1792 = VECTOR('',#1793,1.);
#1793 = DIRECTION('',(0.,0.,1.));
#1794 = ORIENTED_EDGE('',*,*,#300,.F.);
#1795 = PLANE('',#1796);
#1796 = AXIS2_PLACEMENT_3D('',#1797,#1798,#1799);
#1797 = CARTESIAN_POINT('',(-17.65,7.5,-5.));
#1798 = DIRECTION('',(0.,1.,0.));
#1799 = DIRECTION('',(1.,0.,0.));
#1800 = ADVANCED_FACE('',(#1801),#1819,.F.);
#1801 = FACE_BOUND('',#1802,.F.);
#1802 = EDGE_LOOP('',(#1803,#1811,#1817,#1818));
#1803 = ORIENTED_EDGE('',*,*,#1804,.T.);
#1804 = EDGE_CURVE('',#317,#1805,#1807,.T.);
#1805 = VERTEX_POINT('',#1806);
#1806 = CARTESIAN_POINT('',(-17.49999999999,9.4,5.));
#1807 = LINE('',#1808,#1809);
#1808 = CARTESIAN_POINT('',(-17.49999999999,9.4,-5.));
#1809 = VECTOR('',#1810,1.);
#1810 = DIRECTION('',(0.,0.,1.));
#1811 = ORIENTED_EDGE('',*,*,#1812,.T.);
#1812 = EDGE_CURVE('',#1805,#1757,#1813,.T.);
#1813 = LINE('',#1814,#1815);
#1814 = CARTESIAN_POINT('',(-17.49999999999,9.4,5.));
#1815 = VECTOR('',#1816,1.);
#1816 = DIRECTION('',(1.,0.,0.));
#1817 = ORIENTED_EDGE('',*,*,#1756,.F.);
#1818 = ORIENTED_EDGE('',*,*,#324,.F.);
#1819 = PLANE('',#1820);
#1820 = AXIS2_PLACEMENT_3D('',#1821,#1822,#1823);
#1821 = CARTESIAN_POINT('',(-17.49999999999,9.4,-5.));
#1822 = DIRECTION('',(0.,1.,0.));
#1823 = DIRECTION('',(1.,0.,0.));
#1824 = ADVANCED_FACE('',(#1825),#1843,.F.);
#1825 = FACE_BOUND('',#1826,.F.);
#1826 = EDGE_LOOP('',(#1827,#1828,#1836,#1842));
#1827 = ORIENTED_EDGE('',*,*,#1789,.T.);
#1828 = ORIENTED_EDGE('',*,*,#1829,.T.);
#1829 = EDGE_CURVE('',#1782,#1830,#1832,.T.);
#1830 = VERTEX_POINT('',#1831);
#1831 = CARTESIAN_POINT('',(-17.49999999999,8.9,5.));
#1832 = LINE('',#1833,#1834);
#1833 = CARTESIAN_POINT('',(-16.45,7.5,5.));
#1834 = VECTOR('',#1835,1.);
#1835 = DIRECTION('',(-0.6,0.8,0.));
#1836 = ORIENTED_EDGE('',*,*,#1837,.F.);
#1837 = EDGE_CURVE('',#309,#1830,#1838,.T.);
#1838 = LINE('',#1839,#1840);
#1839 = CARTESIAN_POINT('',(-17.49999999999,8.9,-5.));
#1840 = VECTOR('',#1841,1.);
#1841 = DIRECTION('',(0.,0.,1.));
#1842 = ORIENTED_EDGE('',*,*,#308,.F.);
#1843 = PLANE('',#1844);
#1844 = AXIS2_PLACEMENT_3D('',#1845,#1846,#1847);
#1845 = CARTESIAN_POINT('',(-16.45,7.5,-5.));
#1846 = DIRECTION('',(-0.8,-0.6,0.));
#1847 = DIRECTION('',(-0.6,0.8,0.));
#1848 = ADVANCED_FACE('',(#1849),#1860,.F.);
#1849 = FACE_BOUND('',#1850,.F.);
#1850 = EDGE_LOOP('',(#1851,#1852,#1858,#1859));
#1851 = ORIENTED_EDGE('',*,*,#1837,.T.);
#1852 = ORIENTED_EDGE('',*,*,#1853,.T.);
#1853 = EDGE_CURVE('',#1830,#1805,#1854,.T.);
#1854 = LINE('',#1855,#1856);
#1855 = CARTESIAN_POINT('',(-17.49999999999,8.9,5.));
#1856 = VECTOR('',#1857,1.);
#1857 = DIRECTION('',(0.,1.,0.));
#1858 = ORIENTED_EDGE('',*,*,#1804,.F.);
#1859 = ORIENTED_EDGE('',*,*,#316,.F.);
#1860 = PLANE('',#1861);
#1861 = AXIS2_PLACEMENT_3D('',#1862,#1863,#1864);
#1862 = CARTESIAN_POINT('',(-17.49999999999,8.9,-5.));
#1863 = DIRECTION('',(-1.,0.,0.));
#1864 = DIRECTION('',(0.,1.,0.));
#1865 = ADVANCED_FACE('',(#1866),#1891,.T.);
#1866 = FACE_BOUND('',#1867,.T.);
#1867 = EDGE_LOOP('',(#1868,#1869,#1877,#1885));
#1868 = ORIENTED_EDGE('',*,*,#520,.F.);
#1869 = ORIENTED_EDGE('',*,*,#1870,.T.);
#1870 = EDGE_CURVE('',#521,#1871,#1873,.T.);
#1871 = VERTEX_POINT('',#1872);
#1872 = CARTESIAN_POINT('',(-36.2,12.,5.));
#1873 = LINE('',#1874,#1875);
#1874 = CARTESIAN_POINT('',(-36.2,12.,-5.));
#1875 = VECTOR('',#1876,1.);
#1876 = DIRECTION('',(0.,0.,1.));
#1877 = ORIENTED_EDGE('',*,*,#1878,.T.);
#1878 = EDGE_CURVE('',#1871,#1879,#1881,.T.);
#1879 = VERTEX_POINT('',#1880);
#1880 = CARTESIAN_POINT('',(-36.2,9.7,5.));
#1881 = LINE('',#1882,#1883);
#1882 = CARTESIAN_POINT('',(-36.2,12.,5.));
#1883 = VECTOR('',#1884,1.);
#1884 = DIRECTION('',(0.,-1.,0.));
#1885 = ORIENTED_EDGE('',*,*,#1886,.F.);
#1886 = EDGE_CURVE('',#523,#1879,#1887,.T.);
#1887 = LINE('',#1888,#1889);
#1888 = CARTESIAN_POINT('',(-36.2,9.7,-5.));
#1889 = VECTOR('',#1890,1.);
#1890 = DIRECTION('',(0.,0.,1.));
#1891 = PLANE('',#1892);
#1892 = AXIS2_PLACEMENT_3D('',#1893,#1894,#1895);
#1893 = CARTESIAN_POINT('',(-36.2,12.,-5.));
#1894 = DIRECTION('',(1.,0.,0.));
#1895 = DIRECTION('',(0.,-1.,0.));
#1896 = ADVANCED_FACE('',(#1897),#1915,.T.);
#1897 = FACE_BOUND('',#1898,.T.);
#1898 = EDGE_LOOP('',(#1899,#1900,#1908,#1914));
#1899 = ORIENTED_EDGE('',*,*,#1886,.T.);
#1900 = ORIENTED_EDGE('',*,*,#1901,.T.);
#1901 = EDGE_CURVE('',#1879,#1902,#1904,.T.);
#1902 = VERTEX_POINT('',#1903);
#1903 = CARTESIAN_POINT('',(-40.,9.7,5.));
#1904 = LINE('',#1905,#1906);
#1905 = CARTESIAN_POINT('',(-36.2,9.7,5.));
#1906 = VECTOR('',#1907,1.);
#1907 = DIRECTION('',(-1.,0.,0.));
#1908 = ORIENTED_EDGE('',*,*,#1909,.F.);
#1909 = EDGE_CURVE('',#571,#1902,#1910,.T.);
#1910 = LINE('',#1911,#1912);
#1911 = CARTESIAN_POINT('',(-40.,9.7,-5.));
#1912 = VECTOR('',#1913,1.);
#1913 = DIRECTION('',(0.,0.,1.));
#1914 = ORIENTED_EDGE('',*,*,#578,.F.);
#1915 = PLANE('',#1916);
#1916 = AXIS2_PLACEMENT_3D('',#1917,#1918,#1919);
#1917 = CARTESIAN_POINT('',(-36.2,9.7,-5.));
#1918 = DIRECTION('',(0.,-1.,0.));
#1919 = DIRECTION('',(-1.,0.,0.));
#1920 = ADVANCED_FACE('',(#1921),#1939,.T.);
#1921 = FACE_BOUND('',#1922,.T.);
#1922 = EDGE_LOOP('',(#1923,#1924,#1925,#1933));
#1923 = ORIENTED_EDGE('',*,*,#570,.T.);
#1924 = ORIENTED_EDGE('',*,*,#1909,.T.);
#1925 = ORIENTED_EDGE('',*,*,#1926,.T.);
#1926 = EDGE_CURVE('',#1902,#1927,#1929,.T.);
#1927 = VERTEX_POINT('',#1928);
#1928 = CARTESIAN_POINT('',(-40.,3.1,5.));
#1929 = LINE('',#1930,#1931);
#1930 = CARTESIAN_POINT('',(-40.,9.4,5.));
#1931 = VECTOR('',#1932,1.);
#1932 = DIRECTION('',(0.,-1.,0.));
#1933 = ORIENTED_EDGE('',*,*,#1934,.F.);
#1934 = EDGE_CURVE('',#563,#1927,#1935,.T.);
#1935 = LINE('',#1936,#1937);
#1936 = CARTESIAN_POINT('',(-40.,3.1,-5.));
#1937 = VECTOR('',#1938,1.);
#1938 = DIRECTION('',(0.,0.,1.));
#1939 = PLANE('',#1940);
#1940 = AXIS2_PLACEMENT_3D('',#1941,#1942,#1943);
#1941 = CARTESIAN_POINT('',(-40.,6.4,0.));
#1942 = DIRECTION('',(1.,0.,0.));
#1943 = DIRECTION('',(0.,0.,1.));
#1944 = ADVANCED_FACE('',(#1945),#1963,.T.);
#1945 = FACE_BOUND('',#1946,.T.);
#1946 = EDGE_LOOP('',(#1947,#1948,#1956,#1962));
#1947 = ORIENTED_EDGE('',*,*,#1934,.T.);
#1948 = ORIENTED_EDGE('',*,*,#1949,.T.);
#1949 = EDGE_CURVE('',#1927,#1950,#1952,.T.);
#1950 = VERTEX_POINT('',#1951);
#1951 = CARTESIAN_POINT('',(-18.8,3.1,5.));
#1952 = LINE('',#1953,#1954);
#1953 = CARTESIAN_POINT('',(-40.,3.1,5.));
#1954 = VECTOR('',#1955,1.);
#1955 = DIRECTION('',(1.,0.,0.));
#1956 = ORIENTED_EDGE('',*,*,#1957,.F.);
#1957 = EDGE_CURVE('',#555,#1950,#1958,.T.);
#1958 = LINE('',#1959,#1960);
#1959 = CARTESIAN_POINT('',(-18.8,3.1,-5.));
#1960 = VECTOR('',#1961,1.);
#1961 = DIRECTION('',(0.,0.,1.));
#1962 = ORIENTED_EDGE('',*,*,#562,.F.);
#1963 = PLANE('',#1964);
#1964 = AXIS2_PLACEMENT_3D('',#1965,#1966,#1967);
#1965 = CARTESIAN_POINT('',(-40.,3.1,-5.));
#1966 = DIRECTION('',(0.,1.,0.));
#1967 = DIRECTION('',(1.,0.,0.));
#1968 = ADVANCED_FACE('',(#1969),#1987,.T.);
#1969 = FACE_BOUND('',#1970,.T.);
#1970 = EDGE_LOOP('',(#1971,#1972,#1973,#1981));
#1971 = ORIENTED_EDGE('',*,*,#554,.F.);
#1972 = ORIENTED_EDGE('',*,*,#1957,.T.);
#1973 = ORIENTED_EDGE('',*,*,#1974,.T.);
#1974 = EDGE_CURVE('',#1950,#1975,#1977,.T.);
#1975 = VERTEX_POINT('',#1976);
#1976 = CARTESIAN_POINT('',(-18.8,10.5,5.));
#1977 = LINE('',#1978,#1979);
#1978 = CARTESIAN_POINT('',(-18.8,3.1,5.));
#1979 = VECTOR('',#1980,1.);
#1980 = DIRECTION('',(0.,1.,0.));
#1981 = ORIENTED_EDGE('',*,*,#1982,.F.);
#1982 = EDGE_CURVE('',#547,#1975,#1983,.T.);
#1983 = LINE('',#1984,#1985);
#1984 = CARTESIAN_POINT('',(-18.8,10.5,-5.));
#1985 = VECTOR('',#1986,1.);
#1986 = DIRECTION('',(0.,0.,1.));
#1987 = PLANE('',#1988);
#1988 = AXIS2_PLACEMENT_3D('',#1989,#1990,#1991);
#1989 = CARTESIAN_POINT('',(-18.8,3.1,-5.));
#1990 = DIRECTION('',(-1.,0.,0.));
#1991 = DIRECTION('',(0.,1.,0.));
#1992 = ADVANCED_FACE('',(#1993),#2011,.T.);
#1993 = FACE_BOUND('',#1994,.T.);
#1994 = EDGE_LOOP('',(#1995,#1996,#2004,#2010));
#1995 = ORIENTED_EDGE('',*,*,#1982,.T.);
#1996 = ORIENTED_EDGE('',*,*,#1997,.T.);
#1997 = EDGE_CURVE('',#1975,#1998,#2000,.T.);
#1998 = VERTEX_POINT('',#1999);
#1999 = CARTESIAN_POINT('',(-14.7,10.5,5.));
#2000 = LINE('',#2001,#2002);
#2001 = CARTESIAN_POINT('',(-15.,10.5,5.));
#2002 = VECTOR('',#2003,1.);
#2003 = DIRECTION('',(1.,0.,0.));
#2004 = ORIENTED_EDGE('',*,*,#2005,.F.);
#2005 = EDGE_CURVE('',#539,#1998,#2006,.T.);
#2006 = LINE('',#2007,#2008);
#2007 = CARTESIAN_POINT('',(-14.7,10.5,-5.));
#2008 = VECTOR('',#2009,1.);
#2009 = DIRECTION('',(0.,0.,1.));
#2010 = ORIENTED_EDGE('',*,*,#546,.F.);
#2011 = PLANE('',#2012);
#2012 = AXIS2_PLACEMENT_3D('',#2013,#2014,#2015);
#2013 = CARTESIAN_POINT('',(-16.75,10.5,1.259827545674E-16));
#2014 = DIRECTION('',(0.,1.,0.));
#2015 = DIRECTION('',(0.,0.,1.));
#2016 = ADVANCED_FACE('',(#2017),#2035,.T.);
#2017 = FACE_BOUND('',#2018,.T.);
#2018 = EDGE_LOOP('',(#2019,#2020,#2021,#2029));
#2019 = ORIENTED_EDGE('',*,*,#538,.T.);
#2020 = ORIENTED_EDGE('',*,*,#2005,.T.);
#2021 = ORIENTED_EDGE('',*,*,#2022,.T.);
#2022 = EDGE_CURVE('',#1998,#2023,#2025,.T.);
#2023 = VERTEX_POINT('',#2024);
#2024 = CARTESIAN_POINT('',(-14.7,12.,5.));
#2025 = LINE('',#2026,#2027);
#2026 = CARTESIAN_POINT('',(-14.7,10.7,5.));
#2027 = VECTOR('',#2028,1.);
#2028 = DIRECTION('',(0.,1.,0.));
#2029 = ORIENTED_EDGE('',*,*,#2030,.F.);
#2030 = EDGE_CURVE('',#531,#2023,#2031,.T.);
#2031 = LINE('',#2032,#2033);
#2032 = CARTESIAN_POINT('',(-14.7,12.,-5.));
#2033 = VECTOR('',#2034,1.);
#2034 = DIRECTION('',(0.,0.,1.));
#2035 = PLANE('',#2036);
#2036 = AXIS2_PLACEMENT_3D('',#2037,#2038,#2039);
#2037 = CARTESIAN_POINT('',(-14.7,11.25,7.723290606088E-17));
#2038 = DIRECTION('',(-1.,-0.,-0.));
#2039 = DIRECTION('',(0.,0.,-1.));
#2040 = ADVANCED_FACE('',(#2041),#2052,.T.);
#2041 = FACE_BOUND('',#2042,.T.);
#2042 = EDGE_LOOP('',(#2043,#2044,#2045,#2051));
#2043 = ORIENTED_EDGE('',*,*,#530,.T.);
#2044 = ORIENTED_EDGE('',*,*,#2030,.T.);
#2045 = ORIENTED_EDGE('',*,*,#2046,.T.);
#2046 = EDGE_CURVE('',#2023,#1871,#2047,.T.);
#2047 = LINE('',#2048,#2049);
#2048 = CARTESIAN_POINT('',(-15.,12.,5.));
#2049 = VECTOR('',#2050,1.);
#2050 = DIRECTION('',(-1.,0.,0.));
#2051 = ORIENTED_EDGE('',*,*,#1870,.F.);
#2052 = PLANE('',#2053);
#2053 = AXIS2_PLACEMENT_3D('',#2054,#2055,#2056);
#2054 = CARTESIAN_POINT('',(-25.45,12.,0.));
#2055 = DIRECTION('',(-0.,-1.,-0.));
#2056 = DIRECTION('',(0.,0.,-1.));
#2057 = ADVANCED_FACE('',(#2058),#2083,.T.);
#2058 = FACE_BOUND('',#2059,.T.);
#2059 = EDGE_LOOP('',(#2060,#2068,#2076,#2082));
#2060 = ORIENTED_EDGE('',*,*,#2061,.T.);
#2061 = EDGE_CURVE('',#587,#2062,#2064,.T.);
#2062 = VERTEX_POINT('',#2063);
#2063 = CARTESIAN_POINT('',(4.617997527812,7.083213844252,5.));
#2064 = LINE('',#2065,#2066);
#2065 = CARTESIAN_POINT('',(4.617997527812,7.083213844252,-5.));
#2066 = VECTOR('',#2067,1.);
#2067 = DIRECTION('',(0.,0.,1.));
#2068 = ORIENTED_EDGE('',*,*,#2069,.T.);
#2069 = EDGE_CURVE('',#2062,#2070,#2072,.T.);
#2070 = VERTEX_POINT('',#2071);
#2071 = CARTESIAN_POINT('',(7.5,5.2201354136,5.));
#2072 = LINE('',#2073,#2074);
#2073 = CARTESIAN_POINT('',(4.617997527812,7.083213844252,5.));
#2074 = VECTOR('',#2075,1.);
#2075 = DIRECTION('',(0.839802224969,-0.542892459827,0.));
#2076 = ORIENTED_EDGE('',*,*,#2077,.F.);
#2077 = EDGE_CURVE('',#589,#2070,#2078,.T.);
#2078 = LINE('',#2079,#2080);
#2079 = CARTESIAN_POINT('',(7.5,5.2201354136,-5.));
#2080 = VECTOR('',#2081,1.);
#2081 = DIRECTION('',(0.,0.,1.));
#2082 = ORIENTED_EDGE('',*,*,#586,.F.);
#2083 = PLANE('',#2084);
#2084 = AXIS2_PLACEMENT_3D('',#2085,#2086,#2087);
#2085 = CARTESIAN_POINT('',(4.617997527812,7.083213844252,-5.));
#2086 = DIRECTION('',(0.542892459827,0.839802224969,0.));
#2087 = DIRECTION('',(0.839802224969,-0.542892459827,0.));
#2088 = ADVANCED_FACE('',(#2089),#2108,.T.);
#2089 = FACE_BOUND('',#2090,.F.);
#2090 = EDGE_LOOP('',(#2091,#2092,#2101,#2107));
#2091 = ORIENTED_EDGE('',*,*,#2061,.T.);
#2092 = ORIENTED_EDGE('',*,*,#2093,.T.);
#2093 = EDGE_CURVE('',#2062,#2094,#2096,.T.);
#2094 = VERTEX_POINT('',#2095);
#2095 = CARTESIAN_POINT('',(-1.2,8.8,5.));
#2096 = CIRCLE('',#2097,10.716666666667);
#2097 = AXIS2_PLACEMENT_3D('',#2098,#2099,#2100);
#2098 = CARTESIAN_POINT('',(-1.2,-1.916666666667,5.));
#2099 = DIRECTION('',(0.,0.,1.));
#2100 = DIRECTION('',(1.,0.,0.));
#2101 = ORIENTED_EDGE('',*,*,#2102,.F.);
#2102 = EDGE_CURVE('',#597,#2094,#2103,.T.);
#2103 = LINE('',#2104,#2105);
#2104 = CARTESIAN_POINT('',(-1.2,8.8,-5.));
#2105 = VECTOR('',#2106,1.);
#2106 = DIRECTION('',(0.,0.,1.));
#2107 = ORIENTED_EDGE('',*,*,#596,.F.);
#2108 = CYLINDRICAL_SURFACE('',#2109,10.716666666667);
#2109 = AXIS2_PLACEMENT_3D('',#2110,#2111,#2112);
#2110 = CARTESIAN_POINT('',(-1.2,-1.916666666667,-5.));
#2111 = DIRECTION('',(-0.,-0.,-1.));
#2112 = DIRECTION('',(1.,0.,0.));
#2113 = ADVANCED_FACE('',(#2114),#2132,.T.);
#2114 = FACE_BOUND('',#2115,.T.);
#2115 = EDGE_LOOP('',(#2116,#2117,#2125,#2131));
#2116 = ORIENTED_EDGE('',*,*,#2077,.T.);
#2117 = ORIENTED_EDGE('',*,*,#2118,.T.);
#2118 = EDGE_CURVE('',#2070,#2119,#2121,.T.);
#2119 = VERTEX_POINT('',#2120);
#2120 = CARTESIAN_POINT('',(10.,5.2201354136,5.));
#2121 = LINE('',#2122,#2123);
#2122 = CARTESIAN_POINT('',(7.5,5.2201354136,5.));
#2123 = VECTOR('',#2124,1.);
#2124 = DIRECTION('',(1.,0.,0.));
#2125 = ORIENTED_EDGE('',*,*,#2126,.F.);
#2126 = EDGE_CURVE('',#630,#2119,#2127,.T.);
#2127 = LINE('',#2128,#2129);
#2128 = CARTESIAN_POINT('',(10.,5.2201354136,-5.));
#2129 = VECTOR('',#2130,1.);
#2130 = DIRECTION('',(0.,0.,1.));
#2131 = ORIENTED_EDGE('',*,*,#637,.F.);
#2132 = PLANE('',#2133);
#2133 = AXIS2_PLACEMENT_3D('',#2134,#2135,#2136);
#2134 = CARTESIAN_POINT('',(7.5,5.2201354136,-5.));
#2135 = DIRECTION('',(0.,1.,0.));
#2136 = DIRECTION('',(1.,0.,0.));
#2137 = ADVANCED_FACE('',(#2138),#2156,.T.);
#2138 = FACE_BOUND('',#2139,.T.);
#2139 = EDGE_LOOP('',(#2140,#2148,#2154,#2155));
#2140 = ORIENTED_EDGE('',*,*,#2141,.T.);
#2141 = EDGE_CURVE('',#606,#2142,#2144,.T.);
#2142 = VERTEX_POINT('',#2143);
#2143 = CARTESIAN_POINT('',(-5.7,8.8,5.));
#2144 = LINE('',#2145,#2146);
#2145 = CARTESIAN_POINT('',(-5.7,8.8,-5.));
#2146 = VECTOR('',#2147,1.);
#2147 = DIRECTION('',(0.,0.,1.));
#2148 = ORIENTED_EDGE('',*,*,#2149,.T.);
#2149 = EDGE_CURVE('',#2142,#2094,#2150,.T.);
#2150 = LINE('',#2151,#2152);
#2151 = CARTESIAN_POINT('',(-5.7,8.8,5.));
#2152 = VECTOR('',#2153,1.);
#2153 = DIRECTION('',(1.,0.,0.));
#2154 = ORIENTED_EDGE('',*,*,#2102,.F.);
#2155 = ORIENTED_EDGE('',*,*,#605,.F.);
#2156 = PLANE('',#2157);
#2157 = AXIS2_PLACEMENT_3D('',#2158,#2159,#2160);
#2158 = CARTESIAN_POINT('',(-5.7,8.8,-5.));
#2159 = DIRECTION('',(0.,1.,0.));
#2160 = DIRECTION('',(1.,0.,0.));
#2161 = ADVANCED_FACE('',(#2162),#2180,.T.);
#2162 = FACE_BOUND('',#2163,.T.);
#2163 = EDGE_LOOP('',(#2164,#2165,#2173,#2179));
#2164 = ORIENTED_EDGE('',*,*,#2126,.T.);
#2165 = ORIENTED_EDGE('',*,*,#2166,.T.);
#2166 = EDGE_CURVE('',#2119,#2167,#2169,.T.);
#2167 = VERTEX_POINT('',#2168);
#2168 = CARTESIAN_POINT('',(9.3,12.,5.));
#2169 = LINE('',#2170,#2171);
#2170 = CARTESIAN_POINT('',(10.,5.2201354136,5.));
#2171 = VECTOR('',#2172,1.);
#2172 = DIRECTION('',(-0.102700958801,0.994712276521,0.));
#2173 = ORIENTED_EDGE('',*,*,#2174,.F.);
#2174 = EDGE_CURVE('',#622,#2167,#2175,.T.);
#2175 = LINE('',#2176,#2177);
#2176 = CARTESIAN_POINT('',(9.3,12.,-5.));
#2177 = VECTOR('',#2178,1.);
#2178 = DIRECTION('',(0.,0.,1.));
#2179 = ORIENTED_EDGE('',*,*,#629,.F.);
#2180 = PLANE('',#2181);
#2181 = AXIS2_PLACEMENT_3D('',#2182,#2183,#2184);
#2182 = CARTESIAN_POINT('',(10.,5.2201354136,-5.));
#2183 = DIRECTION('',(-0.994712276521,-0.102700958801,0.));
#2184 = DIRECTION('',(-0.102700958801,0.994712276521,0.));
#2185 = ADVANCED_FACE('',(#2186),#2204,.T.);
#2186 = FACE_BOUND('',#2187,.T.);
#2187 = EDGE_LOOP('',(#2188,#2196,#2202,#2203));
#2188 = ORIENTED_EDGE('',*,*,#2189,.T.);
#2189 = EDGE_CURVE('',#614,#2190,#2192,.T.);
#2190 = VERTEX_POINT('',#2191);
#2191 = CARTESIAN_POINT('',(-5.7,12.,5.));
#2192 = LINE('',#2193,#2194);
#2193 = CARTESIAN_POINT('',(-5.7,12.,-5.));
#2194 = VECTOR('',#2195,1.);
#2195 = DIRECTION('',(0.,0.,1.));
#2196 = ORIENTED_EDGE('',*,*,#2197,.T.);
#2197 = EDGE_CURVE('',#2190,#2142,#2198,.T.);
#2198 = LINE('',#2199,#2200);
#2199 = CARTESIAN_POINT('',(-5.7,12.,5.));
#2200 = VECTOR('',#2201,1.);
#2201 = DIRECTION('',(0.,-1.,0.));
#2202 = ORIENTED_EDGE('',*,*,#2141,.F.);
#2203 = ORIENTED_EDGE('',*,*,#613,.F.);
#2204 = PLANE('',#2205);
#2205 = AXIS2_PLACEMENT_3D('',#2206,#2207,#2208);
#2206 = CARTESIAN_POINT('',(-5.7,12.,-5.));
#2207 = DIRECTION('',(1.,0.,0.));
#2208 = DIRECTION('',(0.,-1.,0.));
#2209 = ADVANCED_FACE('',(#2210),#2221,.T.);
#2210 = FACE_BOUND('',#2211,.T.);
#2211 = EDGE_LOOP('',(#2212,#2213,#2219,#2220));
#2212 = ORIENTED_EDGE('',*,*,#2174,.T.);
#2213 = ORIENTED_EDGE('',*,*,#2214,.T.);
#2214 = EDGE_CURVE('',#2167,#2190,#2215,.T.);
#2215 = LINE('',#2216,#2217);
#2216 = CARTESIAN_POINT('',(9.3,12.,5.));
#2217 = VECTOR('',#2218,1.);
#2218 = DIRECTION('',(-1.,0.,0.));
#2219 = ORIENTED_EDGE('',*,*,#2189,.F.);
#2220 = ORIENTED_EDGE('',*,*,#621,.F.);
#2221 = PLANE('',#2222);
#2222 = AXIS2_PLACEMENT_3D('',#2223,#2224,#2225);
#2223 = CARTESIAN_POINT('',(9.3,12.,-5.));
#2224 = DIRECTION('',(0.,-1.,0.));
#2225 = DIRECTION('',(-1.,0.,0.));
#2226 = ADVANCED_FACE('',(#2227),#2252,.F.);
#2227 = FACE_BOUND('',#2228,.F.);
#2228 = EDGE_LOOP('',(#2229,#2237,#2245,#2251));
#2229 = ORIENTED_EDGE('',*,*,#2230,.F.);
#2230 = EDGE_CURVE('',#2231,#1345,#2233,.T.);
#2231 = VERTEX_POINT('',#2232);
#2232 = CARTESIAN_POINT('',(-41.8,5.3,5.));
#2233 = LINE('',#2234,#2235);
#2234 = CARTESIAN_POINT('',(-41.8,3.3,5.));
#2235 = VECTOR('',#2236,1.);
#2236 = DIRECTION('',(0.,1.,0.));
#2237 = ORIENTED_EDGE('',*,*,#2238,.T.);
#2238 = EDGE_CURVE('',#2231,#2239,#2241,.T.);
#2239 = VERTEX_POINT('',#2240);
#2240 = CARTESIAN_POINT('',(-41.8,5.3,-1.));
#2241 = LINE('',#2242,#2243);
#2242 = CARTESIAN_POINT('',(-41.8,5.3,5.));
#2243 = VECTOR('',#2244,1.);
#2244 = DIRECTION('',(-0.,-0.,-1.));
#2245 = ORIENTED_EDGE('',*,*,#2246,.T.);
#2246 = EDGE_CURVE('',#2239,#1337,#2247,.T.);
#2247 = LINE('',#2248,#2249);
#2248 = CARTESIAN_POINT('',(-41.8,3.3,-1.));
#2249 = VECTOR('',#2250,1.);
#2250 = DIRECTION('',(0.,1.,0.));
#2251 = ORIENTED_EDGE('',*,*,#1344,.F.);
#2252 = PLANE('',#2253);
#2253 = AXIS2_PLACEMENT_3D('',#2254,#2255,#2256);
#2254 = CARTESIAN_POINT('',(-41.8,3.3,5.));
#2255 = DIRECTION('',(1.,0.,0.));
#2256 = DIRECTION('',(0.,1.,0.));
#2257 = ADVANCED_FACE('',(#2258),#2283,.F.);
#2258 = FACE_BOUND('',#2259,.F.);
#2259 = EDGE_LOOP('',(#2260,#2268,#2269,#2277));
#2260 = ORIENTED_EDGE('',*,*,#2261,.F.);
#2261 = EDGE_CURVE('',#1321,#2262,#2264,.T.);
#2262 = VERTEX_POINT('',#2263);
#2263 = CARTESIAN_POINT('',(-44.3,5.3,5.));
#2264 = LINE('',#2265,#2266);
#2265 = CARTESIAN_POINT('',(-44.3,7.7,5.));
#2266 = VECTOR('',#2267,1.);
#2267 = DIRECTION('',(0.,-1.,0.));
#2268 = ORIENTED_EDGE('',*,*,#1328,.T.);
#2269 = ORIENTED_EDGE('',*,*,#2270,.T.);
#2270 = EDGE_CURVE('',#1329,#2271,#2273,.T.);
#2271 = VERTEX_POINT('',#2272);
#2272 = CARTESIAN_POINT('',(-44.3,5.3,-1.));
#2273 = LINE('',#2274,#2275);
#2274 = CARTESIAN_POINT('',(-44.3,7.7,-1.));
#2275 = VECTOR('',#2276,1.);
#2276 = DIRECTION('',(0.,-1.,0.));
#2277 = ORIENTED_EDGE('',*,*,#2278,.F.);
#2278 = EDGE_CURVE('',#2262,#2271,#2279,.T.);
#2279 = LINE('',#2280,#2281);
#2280 = CARTESIAN_POINT('',(-44.3,5.3,5.));
#2281 = VECTOR('',#2282,1.);
#2282 = DIRECTION('',(-0.,-0.,-1.));
#2283 = PLANE('',#2284);
#2284 = AXIS2_PLACEMENT_3D('',#2285,#2286,#2287);
#2285 = CARTESIAN_POINT('',(-44.3,7.7,5.));
#2286 = DIRECTION('',(-1.,0.,0.));
#2287 = DIRECTION('',(0.,-1.,0.));
#2288 = ADVANCED_FACE('',(#2289),#2308,.F.);
#2289 = FACE_BOUND('',#2290,.T.);
#2290 = EDGE_LOOP('',(#2291,#2299,#2300,#2301));
#2291 = ORIENTED_EDGE('',*,*,#2292,.F.);
#2292 = EDGE_CURVE('',#1008,#2293,#2295,.T.);
#2293 = VERTEX_POINT('',#2294);
#2294 = CARTESIAN_POINT('',(38.75,13.,1.554312234475E-15));
#2295 = LINE('',#2296,#2297);
#2296 = CARTESIAN_POINT('',(38.75,20.,0.));
#2297 = VECTOR('',#2298,1.);
#2298 = DIRECTION('',(-6.344131569287E-17,-1.,2.22044604925E-16));
#2299 = ORIENTED_EDGE('',*,*,#1007,.T.);
#2300 = ORIENTED_EDGE('',*,*,#2292,.T.);
#2301 = ORIENTED_EDGE('',*,*,#2302,.F.);
#2302 = EDGE_CURVE('',#2293,#2293,#2303,.T.);
#2303 = CIRCLE('',#2304,1.25);
#2304 = AXIS2_PLACEMENT_3D('',#2305,#2306,#2307);
#2305 = CARTESIAN_POINT('',(37.5,13.,1.554312234475E-15));
#2306 = DIRECTION('',(0.,1.,-2.22044604925E-16));
#2307 = DIRECTION('',(1.,0.,0.));
#2308 = CYLINDRICAL_SURFACE('',#2309,1.25);
#2309 = AXIS2_PLACEMENT_3D('',#2310,#2311,#2312);
#2310 = CARTESIAN_POINT('',(37.5,20.,0.));
#2311 = DIRECTION('',(0.,-1.,2.22044604925E-16));
#2312 = DIRECTION('',(1.,0.,0.));
#2313 = ADVANCED_FACE('',(#2314),#2333,.F.);
#2314 = FACE_BOUND('',#2315,.T.);
#2315 = EDGE_LOOP('',(#2316,#2324,#2325,#2326));
#2316 = ORIENTED_EDGE('',*,*,#2317,.F.);
#2317 = EDGE_CURVE('',#1019,#2318,#2320,.T.);
#2318 = VERTEX_POINT('',#2319);
#2319 = CARTESIAN_POINT('',(1.25,13.,1.554312234475E-15));
#2320 = LINE('',#2321,#2322);
#2321 = CARTESIAN_POINT('',(1.25,20.,0.));
#2322 = VECTOR('',#2323,1.);
#2323 = DIRECTION('',(-6.344131569287E-17,-1.,2.22044604925E-16));
#2324 = ORIENTED_EDGE('',*,*,#1018,.T.);
#2325 = ORIENTED_EDGE('',*,*,#2317,.T.);
#2326 = ORIENTED_EDGE('',*,*,#2327,.F.);
#2327 = EDGE_CURVE('',#2318,#2318,#2328,.T.);
#2328 = CIRCLE('',#2329,1.25);
#2329 = AXIS2_PLACEMENT_3D('',#2330,#2331,#2332);
#2330 = CARTESIAN_POINT('',(5.E-16,13.,1.554312234475E-15));
#2331 = DIRECTION('',(0.,1.,-2.22044604925E-16));
#2332 = DIRECTION('',(1.,0.,0.));
#2333 = CYLINDRICAL_SURFACE('',#2334,1.25);
#2334 = AXIS2_PLACEMENT_3D('',#2335,#2336,#2337);
#2335 = CARTESIAN_POINT('',(5.E-16,20.,0.));
#2336 = DIRECTION('',(0.,-1.,2.22044604925E-16));
#2337 = DIRECTION('',(1.,0.,0.));
#2338 = ADVANCED_FACE('',(#2339),#2358,.F.);
#2339 = FACE_BOUND('',#2340,.T.);
#2340 = EDGE_LOOP('',(#2341,#2349,#2350,#2351));
#2341 = ORIENTED_EDGE('',*,*,#2342,.F.);
#2342 = EDGE_CURVE('',#1030,#2343,#2345,.T.);
#2343 = VERTEX_POINT('',#2344);
#2344 = CARTESIAN_POINT('',(-36.25,13.,1.554312234475E-15));
#2345 = LINE('',#2346,#2347);
#2346 = CARTESIAN_POINT('',(-36.25,20.,0.));
#2347 = VECTOR('',#2348,1.);
#2348 = DIRECTION('',(-6.344131569287E-17,-1.,2.22044604925E-16));
#2349 = ORIENTED_EDGE('',*,*,#1029,.T.);
#2350 = ORIENTED_EDGE('',*,*,#2342,.T.);
#2351 = ORIENTED_EDGE('',*,*,#2352,.F.);
#2352 = EDGE_CURVE('',#2343,#2343,#2353,.T.);
#2353 = CIRCLE('',#2354,1.25);
#2354 = AXIS2_PLACEMENT_3D('',#2355,#2356,#2357);
#2355 = CARTESIAN_POINT('',(-37.5,13.,1.554312234475E-15));
#2356 = DIRECTION('',(0.,1.,-2.22044604925E-16));
#2357 = DIRECTION('',(1.,0.,0.));
#2358 = CYLINDRICAL_SURFACE('',#2359,1.25);
#2359 = AXIS2_PLACEMENT_3D('',#2360,#2361,#2362);
#2360 = CARTESIAN_POINT('',(-37.5,20.,0.));
#2361 = DIRECTION('',(0.,-1.,2.22044604925E-16));
#2362 = DIRECTION('',(1.,0.,0.));
#2363 = ADVANCED_FACE('',(#2364),#2375,.T.);
#2364 = FACE_BOUND('',#2365,.T.);
#2365 = EDGE_LOOP('',(#2366,#2367,#2373,#2374));
#2366 = ORIENTED_EDGE('',*,*,#2270,.T.);
#2367 = ORIENTED_EDGE('',*,*,#2368,.T.);
#2368 = EDGE_CURVE('',#2271,#2239,#2369,.T.);
#2369 = LINE('',#2370,#2371);
#2370 = CARTESIAN_POINT('',(-44.3,5.3,-1.));
#2371 = VECTOR('',#2372,1.);
#2372 = DIRECTION('',(1.,0.,0.));
#2373 = ORIENTED_EDGE('',*,*,#2246,.T.);
#2374 = ORIENTED_EDGE('',*,*,#1336,.T.);
#2375 = PLANE('',#2376);
#2376 = AXIS2_PLACEMENT_3D('',#2377,#2378,#2379);
#2377 = CARTESIAN_POINT('',(-43.05,5.5,-1.));
#2378 = DIRECTION('',(0.,0.,1.));
#2379 = DIRECTION('',(1.,0.,0.));
#2380 = ADVANCED_FACE('',(#2381),#2392,.F.);
#2381 = FACE_BOUND('',#2382,.F.);
#2382 = EDGE_LOOP('',(#2383,#2389,#2390,#2391));
#2383 = ORIENTED_EDGE('',*,*,#2384,.F.);
#2384 = EDGE_CURVE('',#2262,#2231,#2385,.T.);
#2385 = LINE('',#2386,#2387);
#2386 = CARTESIAN_POINT('',(-44.3,5.3,5.));
#2387 = VECTOR('',#2388,1.);
#2388 = DIRECTION('',(1.,0.,0.));
#2389 = ORIENTED_EDGE('',*,*,#2278,.T.);
#2390 = ORIENTED_EDGE('',*,*,#2368,.T.);
#2391 = ORIENTED_EDGE('',*,*,#2238,.F.);
#2392 = PLANE('',#2393);
#2393 = AXIS2_PLACEMENT_3D('',#2394,#2395,#2396);
#2394 = CARTESIAN_POINT('',(-44.3,5.3,5.));
#2395 = DIRECTION('',(0.,-1.,0.));
#2396 = DIRECTION('',(1.,0.,0.));
#2397 = ADVANCED_FACE('',(#2398),#2410,.F.);
#2398 = FACE_BOUND('',#2399,.T.);
#2399 = EDGE_LOOP('',(#2400,#2401,#2409));
#2400 = ORIENTED_EDGE('',*,*,#2302,.T.);
#2401 = ORIENTED_EDGE('',*,*,#2402,.T.);
#2402 = EDGE_CURVE('',#2293,#2403,#2405,.T.);
#2403 = VERTEX_POINT('',#2404);
#2404 = CARTESIAN_POINT('',(37.5,12.248924226216,1.721084557934E-15));
#2405 = LINE('',#2406,#2407);
#2406 = CARTESIAN_POINT('',(38.75,13.,1.554312234475E-15));
#2407 = VECTOR('',#2408,1.);
#2408 = DIRECTION('',(-0.857167300702,-0.51503807491,1.143614258648E-16)
  );
#2409 = ORIENTED_EDGE('',*,*,#2402,.F.);
#2410 = CONICAL_SURFACE('',#2411,1.25,1.029744258677);
#2411 = AXIS2_PLACEMENT_3D('',#2412,#2413,#2414);
#2412 = CARTESIAN_POINT('',(37.5,13.,1.554312234475E-15));
#2413 = DIRECTION('',(0.,1.,-2.22044604925E-16));
#2414 = DIRECTION('',(1.,0.,0.));
#2415 = ADVANCED_FACE('',(#2416),#2428,.F.);
#2416 = FACE_BOUND('',#2417,.T.);
#2417 = EDGE_LOOP('',(#2418,#2419,#2427));
#2418 = ORIENTED_EDGE('',*,*,#2327,.T.);
#2419 = ORIENTED_EDGE('',*,*,#2420,.T.);
#2420 = EDGE_CURVE('',#2318,#2421,#2423,.T.);
#2421 = VERTEX_POINT('',#2422);
#2422 = CARTESIAN_POINT('',(5.E-16,12.248924226216,1.721084557934E-15));
#2423 = LINE('',#2424,#2425);
#2424 = CARTESIAN_POINT('',(1.25,13.,1.554312234475E-15));
#2425 = VECTOR('',#2426,1.);
#2426 = DIRECTION('',(-0.857167300702,-0.51503807491,1.143614258648E-16)
  );
#2427 = ORIENTED_EDGE('',*,*,#2420,.F.);
#2428 = CONICAL_SURFACE('',#2429,1.25,1.029744258677);
#2429 = AXIS2_PLACEMENT_3D('',#2430,#2431,#2432);
#2430 = CARTESIAN_POINT('',(5.E-16,13.,1.554312234475E-15));
#2431 = DIRECTION('',(0.,1.,-2.22044604925E-16));
#2432 = DIRECTION('',(1.,0.,0.));
#2433 = ADVANCED_FACE('',(#2434),#2446,.F.);
#2434 = FACE_BOUND('',#2435,.T.);
#2435 = EDGE_LOOP('',(#2436,#2437,#2445));
#2436 = ORIENTED_EDGE('',*,*,#2352,.T.);
#2437 = ORIENTED_EDGE('',*,*,#2438,.T.);
#2438 = EDGE_CURVE('',#2343,#2439,#2441,.T.);
#2439 = VERTEX_POINT('',#2440);
#2440 = CARTESIAN_POINT('',(-37.5,12.248924226216,1.721084557934E-15));
#2441 = LINE('',#2442,#2443);
#2442 = CARTESIAN_POINT('',(-36.25,13.,1.554312234475E-15));
#2443 = VECTOR('',#2444,1.);
#2444 = DIRECTION('',(-0.857167300702,-0.51503807491,1.143614258648E-16)
  );
#2445 = ORIENTED_EDGE('',*,*,#2438,.F.);
#2446 = CONICAL_SURFACE('',#2447,1.25,1.029744258677);
#2447 = AXIS2_PLACEMENT_3D('',#2448,#2449,#2450);
#2448 = CARTESIAN_POINT('',(-37.5,13.,1.554312234475E-15));
#2449 = DIRECTION('',(0.,1.,-2.22044604925E-16));
#2450 = DIRECTION('',(1.,0.,0.));
#2451 = ADVANCED_FACE('',(#2452,#2509,#2519),#2528,.T.);
#2452 = FACE_BOUND('',#2453,.T.);
#2453 = EDGE_LOOP('',(#2454,#2455,#2456,#2457,#2458,#2459,#2460,#2461,
    #2462,#2463,#2464,#2465,#2466,#2467,#2468,#2469,#2470,#2471,#2472,
    #2473,#2474,#2475,#2476,#2477,#2478,#2479,#2480,#2481,#2482,#2483,
    #2484,#2485,#2486,#2487,#2488,#2489,#2490,#2491,#2492,#2493,#2494,
    #2495,#2496,#2497,#2498,#2499,#2500,#2501,#2502,#2503,#2504,#2505,
    #2506,#2507,#2508));
#2454 = ORIENTED_EDGE('',*,*,#62,.F.);
#2455 = ORIENTED_EDGE('',*,*,#31,.T.);
#2456 = ORIENTED_EDGE('',*,*,#95,.T.);
#2457 = ORIENTED_EDGE('',*,*,#676,.T.);
#2458 = ORIENTED_EDGE('',*,*,#749,.T.);
#2459 = ORIENTED_EDGE('',*,*,#797,.T.);
#2460 = ORIENTED_EDGE('',*,*,#846,.T.);
#2461 = ORIENTED_EDGE('',*,*,#901,.F.);
#2462 = ORIENTED_EDGE('',*,*,#942,.T.);
#2463 = ORIENTED_EDGE('',*,*,#990,.T.);
#2464 = ORIENTED_EDGE('',*,*,#1071,.T.);
#2465 = ORIENTED_EDGE('',*,*,#1127,.T.);
#2466 = ORIENTED_EDGE('',*,*,#1168,.T.);
#2467 = ORIENTED_EDGE('',*,*,#1223,.F.);
#2468 = ORIENTED_EDGE('',*,*,#1264,.T.);
#2469 = ORIENTED_EDGE('',*,*,#1352,.T.);
#2470 = ORIENTED_EDGE('',*,*,#2230,.F.);
#2471 = ORIENTED_EDGE('',*,*,#2384,.F.);
#2472 = ORIENTED_EDGE('',*,*,#2261,.F.);
#2473 = ORIENTED_EDGE('',*,*,#1320,.T.);
#2474 = ORIENTED_EDGE('',*,*,#1393,.T.);
#2475 = ORIENTED_EDGE('',*,*,#1450,.F.);
#2476 = ORIENTED_EDGE('',*,*,#1497,.F.);
#2477 = ORIENTED_EDGE('',*,*,#1538,.T.);
#2478 = ORIENTED_EDGE('',*,*,#1595,.F.);
#2479 = ORIENTED_EDGE('',*,*,#1636,.T.);
#2480 = ORIENTED_EDGE('',*,*,#1691,.F.);
#2481 = ORIENTED_EDGE('',*,*,#1733,.T.);
#2482 = ORIENTED_EDGE('',*,*,#1781,.T.);
#2483 = ORIENTED_EDGE('',*,*,#1829,.T.);
#2484 = ORIENTED_EDGE('',*,*,#1853,.T.);
#2485 = ORIENTED_EDGE('',*,*,#1812,.T.);
#2486 = ORIENTED_EDGE('',*,*,#1764,.T.);
#2487 = ORIENTED_EDGE('',*,*,#1716,.T.);
#2488 = ORIENTED_EDGE('',*,*,#1667,.T.);
#2489 = ORIENTED_EDGE('',*,*,#1619,.T.);
#2490 = ORIENTED_EDGE('',*,*,#1563,.F.);
#2491 = ORIENTED_EDGE('',*,*,#1521,.T.);
#2492 = ORIENTED_EDGE('',*,*,#1465,.F.);
#2493 = ORIENTED_EDGE('',*,*,#1424,.T.);
#2494 = ORIENTED_EDGE('',*,*,#1375,.T.);
#2495 = ORIENTED_EDGE('',*,*,#1295,.T.);
#2496 = ORIENTED_EDGE('',*,*,#1247,.T.);
#2497 = ORIENTED_EDGE('',*,*,#1199,.T.);
#2498 = ORIENTED_EDGE('',*,*,#1150,.T.);
#2499 = ORIENTED_EDGE('',*,*,#1102,.T.);
#2500 = ORIENTED_EDGE('',*,*,#1054,.T.);
#2501 = ORIENTED_EDGE('',*,*,#973,.T.);
#2502 = ORIENTED_EDGE('',*,*,#925,.T.);
#2503 = ORIENTED_EDGE('',*,*,#877,.T.);
#2504 = ORIENTED_EDGE('',*,*,#829,.T.);
#2505 = ORIENTED_EDGE('',*,*,#780,.T.);
#2506 = ORIENTED_EDGE('',*,*,#732,.T.);
#2507 = ORIENTED_EDGE('',*,*,#708,.T.);
#2508 = ORIENTED_EDGE('',*,*,#659,.T.);
#2509 = FACE_BOUND('',#2510,.T.);
#2510 = EDGE_LOOP('',(#2511,#2512,#2513,#2514,#2515,#2516,#2517,#2518));
#2511 = ORIENTED_EDGE('',*,*,#1878,.F.);
#2512 = ORIENTED_EDGE('',*,*,#2046,.F.);
#2513 = ORIENTED_EDGE('',*,*,#2022,.F.);
#2514 = ORIENTED_EDGE('',*,*,#1997,.F.);
#2515 = ORIENTED_EDGE('',*,*,#1974,.F.);
#2516 = ORIENTED_EDGE('',*,*,#1949,.F.);
#2517 = ORIENTED_EDGE('',*,*,#1926,.F.);
#2518 = ORIENTED_EDGE('',*,*,#1901,.F.);
#2519 = FACE_BOUND('',#2520,.T.);
#2520 = EDGE_LOOP('',(#2521,#2522,#2523,#2524,#2525,#2526,#2527));
#2521 = ORIENTED_EDGE('',*,*,#2069,.F.);
#2522 = ORIENTED_EDGE('',*,*,#2093,.T.);
#2523 = ORIENTED_EDGE('',*,*,#2149,.F.);
#2524 = ORIENTED_EDGE('',*,*,#2197,.F.);
#2525 = ORIENTED_EDGE('',*,*,#2214,.F.);
#2526 = ORIENTED_EDGE('',*,*,#2166,.F.);
#2527 = ORIENTED_EDGE('',*,*,#2118,.F.);
#2528 = PLANE('',#2529);
#2529 = AXIS2_PLACEMENT_3D('',#2530,#2531,#2532);
#2530 = CARTESIAN_POINT('',(-3.950097429195,11.876765617929,5.));
#2531 = DIRECTION('',(0.,0.,1.));
#2532 = DIRECTION('',(1.,0.,0.));
#2533 = ( GEOMETRIC_REPRESENTATION_CONTEXT(3) 
GLOBAL_UNCERTAINTY_ASSIGNED_CONTEXT((#2537)) 
GLOBAL_UNIT_ASSIGNED_CONTEXT((#2534,#2535,#2536)) REPRESENTATION_CONTEXT
('Context #1','3D Context with UNIT and UNCERTAINTY') );
#2534 = ( LENGTH_UNIT() NAMED_UNIT(*) SI_UNIT(.MILLI.,.METRE.) );
#2535 = ( NAMED_UNIT(*) PLANE_ANGLE_UNIT() SI_UNIT($,.RADIAN.) );
#2536 = ( NAMED_UNIT(*) SI_UNIT($,.STERADIAN.) SOLID_ANGLE_UNIT() );
#2537 = UNCERTAINTY_MEASURE_WITH_UNIT(LENGTH_MEASURE(5.E-06),#2534,
  'distance_accuracy_value','confusion accuracy');
#2538 = PRODUCT_RELATED_PRODUCT_CATEGORY('part',$,(#7));
#2539 = MECHANICAL_DESIGN_GEOMETRIC_PRESENTATION_REPRESENTATION('',(
    #2540),#2533);
#2540 = STYLED_ITEM('color',(#2541),#15);
#2541 = PRESENTATION_STYLE_ASSIGNMENT((#2542,#2548));
#2542 = SURFACE_STYLE_USAGE(.BOTH.,#2543);
#2543 = SURFACE_SIDE_STYLE('',(#2544));
#2544 = SURFACE_STYLE_FILL_AREA(#2545);
#2545 = FILL_AREA_STYLE('',(#2546));
#2546 = FILL_AREA_STYLE_COLOUR('',#2547);
#2547 = COLOUR_RGB('',0.800000010877,0.800000010877,0.901960800373);
#2548 = CURVE_STYLE('',#2549,POSITIVE_LENGTH_MEASURE(0.1),#2550);
#2549 = DRAUGHTING_PRE_DEFINED_CURVE_FONT('continuous');
#2550 = COLOUR_RGB('',9.803921802644E-02,9.803921802644E-02,
  9.803921802644E-02);
ENDSEC;
END-ISO-10303-21;
